timestamp,temperature_c,humidity_percent,soil1_value,soil1_voltage,soil2_value,soil2_voltage,soil3_value,soil3_voltage,soil4_value,soil4_voltage
2026-06-17T10:00:51,28.8,51.6,12442,1.554,12765,1.598,11877,1.49,14246,1.781
2026-06-17T10:15:52,28.9,51.6,12488,1.562,12690,1.59,11949,1.496,14262,1.782
2026-06-17T10:30:52,29.5,50.4,12423,1.546,12641,1.574,11920,1.486,14203,1.774
2026-06-17T10:45:52,30.0,49.7,12411,1.551,12723,1.587,11995,1.492,14226,1.775
2026-06-17T11:00:53,30.2,44.7,12410,1.549,12692,1.588,11944,1.497,14185,1.774
2026-06-17T11:15:53,29.4,45.9,12344,1.536,12633,1.576,11911,1.49,14101,1.763
2026-06-17T11:30:53,28.3,47.4,12380,1.541,12667,1.581,11947,1.494,14093,1.762
2026-06-17T11:45:54,29.0,46.2,12363,1.543,12639,1.58,11915,1.494,14079,1.761
2026-06-17T12:00:54,30.0,40.9,12432,1.552,12626,1.574,11959,1.487,14086,1.757
2026-06-17T12:15:55,30.1,41.1,12399,1.554,12589,1.577,11926,1.492,14067,1.757
2026-06-17T12:30:55,29.2,43.2,12407,1.55,12613,1.573,11957,1.487,14048,1.752
2026-06-17T12:45:55,29.0,46.6,12405,1.551,12607,1.579,11922,1.495,14024,1.753
2026-06-17T13:00:56,28.1,45.9,12405,1.553,12622,1.576,11985,1.491,14048,1.752
2026-06-17T13:15:56,29.8,43.0,12401,1.553,12599,1.579,11943,1.496,14016,1.751
2026-06-17T13:30:56,28.9,44.2,12427,1.548,12603,1.568,11970,1.49,14018,1.75
2026-06-17T13:45:57,29.1,41.0,12388,1.55,12599,1.573,11960,1.489,14003,1.746
2026-06-17T14:00:57,29.4,42.2,12400,1.548,12565,1.572,11920,1.495,13953,1.745
2026-06-17T14:15:58,28.1,45.1,12386,1.545,12597,1.569,11975,1.489,13979,1.744
2026-06-17T14:30:58,28.3,43.7,12157,1.512,12465,1.553,11842,1.479,13778,1.722
2026-06-17T14:45:58,25.6,51.5,12098,1.505,12433,1.547,11821,1.474,13660,1.706
2026-06-17T15:00:59,24.3,51.3,12104,1.51,12409,1.552,11796,1.48,13596,1.701
2026-06-17T15:16:01,22.9,57.7,12108,1.511,12384,1.549,11782,1.479,13506,1.69
2026-06-17T15:31:02,22.9,57.7,12129,1.521,12363,1.549,11802,1.474,13478,1.682
2026-06-17T15:46:02,23.1,60.0,12195,1.516,12399,1.543,11806,1.473,13467,1.682
2026-06-17T16:01:02,23.3,62.2,12212,1.522,12414,1.544,11825,1.471,13467,1.68
2026-06-17T16:16:03,23.5,58.7,12157,1.516,12400,1.543,11823,1.469,13425,1.675
2026-06-17T16:31:03,23.4,59.2,12175,1.52,12354,1.546,11744,1.474,13392,1.675
2026-06-17T16:46:03,23.4,55.4,12182,1.517,12386,1.546,11770,1.474,13381,1.674
2026-06-17T17:01:04,23.0,58.3,12187,1.52,12353,1.546,11745,1.474,13339,1.669
2026-06-17T17:16:04,22.1,59.6,12245,1.528,12388,1.549,11781,1.478,13344,1.67
2026-06-17T17:31:05,22.5,60.5,12182,1.528,12255,1.535,11686,1.459,13340,1.665
2026-06-17T17:46:05,23.0,58.3,12225,1.524,12426,1.546,11801,1.467,13377,1.669
2026-06-17T18:01:05,23.9,54.6,12193,1.523,12378,1.542,11790,1.465,13342,1.663
2026-06-17T18:16:06,22.1,64.5,12100,1.514,12276,1.54,11680,1.465,13287,1.661
2026-06-17T18:31:06,22.1,66.6,12097,1.507,12354,1.536,11751,1.462,13284,1.657
2026-06-17T18:46:06,21.8,68.5,12131,1.516,12366,1.55,11714,1.471,13252,1.657
2026-06-17T19:01:07,21.5,70.2,12132,1.516,12366,1.542,11767,1.462,13261,1.653
2026-06-17T19:16:07,21.7,70.6,12151,1.514,12319,1.54,11692,1.467,13205,1.653
2026-06-17T19:31:07,21.4,69.1,12176,1.521,12309,1.534,11722,1.456,13189,1.644
2026-06-17T19:46:08,21.1,72.4,12113,1.516,12300,1.535,11712,1.457,13165,1.641
2026-06-17T20:01:08,20.9,73.4,12099,1.518,12261,1.537,11666,1.459,13126,1.639
2026-06-17T20:16:09,20.5,76.2,12212,1.523,12350,1.537,11792,1.465,13147,1.639
2026-06-17T20:31:09,20.4,77.9,12191,1.524,12317,1.544,11732,1.472,13103,1.639
2026-06-17T20:46:09,20.2,78.5,12169,1.516,12341,1.534,11761,1.462,13107,1.635
2026-06-17T21:01:12,20.5,78.3,12199,1.518,12328,1.539,11724,1.469,13081,1.637
2026-06-17T21:16:12,20.5,78.3,12138,1.522,12309,1.538,11740,1.463,13094,1.632
2026-06-17T21:31:13,20.4,79.4,12127,1.513,12275,1.536,11634,1.46,13037,1.632
2026-06-17T21:46:13,20.4,79.4,12121,1.512,12274,1.535,11634,1.46,13021,1.63
2026-06-17T22:01:13,20.1,80.5,12127,1.512,12276,1.535,11639,1.46,13011,1.629
2026-06-17T22:16:14,19.9,82.1,12074,1.515,12262,1.535,11654,1.455,13029,1.625
2026-06-17T22:31:14,19.9,82.9,12106,1.515,12251,1.536,11624,1.458,12986,1.624
2026-06-17T22:46:15,19.8,84.3,12083,1.516,12254,1.535,11642,1.454,12977,1.619
2026-06-17T23:01:15,19.8,85.3,12100,1.516,12242,1.536,11618,1.456,12953,1.619
2026-06-17T23:16:15,19.7,86.5,12135,1.508,12294,1.529,11643,1.452,12949,1.617
2026-06-17T23:31:16,19.7,87.2,12107,1.512,12284,1.53,11664,1.449,12960,1.615
2026-06-17T23:46:16,19.7,87.5,12090,1.518,12252,1.535,11632,1.454,12936,1.614
2026-06-18T00:01:16,19.8,87.2,12108,1.515,12283,1.532,11665,1.45,12955,1.613
2026-06-18T00:16:17,19.9,85.8,12142,1.511,12283,1.533,11621,1.455,12911,1.617
2026-06-18T00:31:17,20.0,85.0,12132,1.513,12271,1.535,11604,1.457,12911,1.617
2026-06-18T00:46:17,20.0,84.9,12142,1.511,12288,1.534,11621,1.455,12917,1.617
2026-06-18T01:01:18,20.2,84.1,12121,1.514,12296,1.532,11668,1.449,12945,1.613
2026-06-18T01:16:18,20.3,83.9,12119,1.514,12297,1.533,11668,1.449,12939,1.611
2026-06-18T01:31:19,20.3,83.8,12131,1.513,12309,1.532,11673,1.45,12934,1.612
2026-06-18T01:46:19,20.4,84.3,12134,1.517,12277,1.539,11611,1.458,12905,1.615
2026-06-18T02:01:19,20.4,84.6,12154,1.513,12297,1.536,11624,1.457,12895,1.615
2026-06-18T02:16:20,20.5,84.8,12167,1.512,12308,1.535,11636,1.456,12912,1.617
2026-06-18T02:31:20,20.5,85.6,12160,1.51,12310,1.533,11635,1.454,12914,1.615
2026-06-18T02:46:20,20.6,85.6,12117,1.514,12301,1.534,11662,1.449,12936,1.611
2026-06-18T03:01:21,20.6,86.8,12137,1.516,12287,1.538,11612,1.458,12899,1.615
2026-06-18T03:16:21,20.6,87.3,12123,1.517,12275,1.54,11614,1.456,12896,1.613
2026-06-18T03:31:21,20.6,88.0,12097,1.518,12287,1.537,11647,1.452,12923,1.61
2026-06-18T03:46:22,20.5,89.4,12137,1.518,12290,1.54,11623,1.459,12898,1.614
2026-06-18T04:01:22,20.4,90.4,12153,1.514,12302,1.537,11627,1.458,12894,1.615
2026-06-18T04:16:23,20.1,91.7,12174,1.512,12334,1.535,11664,1.455,12929,1.616
2026-06-18T04:31:23,20.1,91.7,12149,1.512,12330,1.533,11673,1.452,12935,1.614
2026-06-18T04:46:23,20.1,91.5,12159,1.511,12313,1.536,11634,1.456,12908,1.616
2026-06-18T05:01:24,20.1,91.8,12162,1.515,12309,1.538,11637,1.46,12907,1.617
2026-06-18T05:16:24,20.1,92.9,12119,1.513,12312,1.533,11667,1.449,12937,1.612
2026-06-18T05:31:24,20.2,92.7,12127,1.517,12315,1.536,11680,1.452,12949,1.613
2026-06-18T05:46:25,20.3,92.4,12122,1.518,12278,1.54,11612,1.456,12915,1.615
2026-06-18T06:01:25,20.2,93.0,12135,1.512,12326,1.533,11669,1.45,12938,1.613
2026-06-18T06:16:28,20.4,92.2,12168,1.513,12322,1.537,11639,1.456,12925,1.618
2026-06-18T06:31:28,20.4,92.3,12124,1.518,12290,1.542,11613,1.456,12930,1.617
2026-06-18T06:46:29,20.7,91.0,12113,1.52,12280,1.54,11615,1.454,12935,1.616
2026-06-18T07:01:29,20.6,90.9,12177,1.514,12330,1.538,11647,1.457,12931,1.619
2026-06-18T07:16:29,20.6,91.5,12129,1.518,12320,1.538,11674,1.452,12968,1.615
2026-06-18T07:31:30,20.8,89.8,12145,1.521,12305,1.544,11636,1.458,12954,1.618
2026-06-18T07:46:30,21.0,88.6,12154,1.518,12316,1.542,11627,1.46,12945,1.621
2026-06-18T08:01:30,21.3,87.4,12157,1.524,12325,1.546,11662,1.461,12968,1.621
2026-06-18T08:16:31,21.5,86.9,12182,1.523,12342,1.547,11666,1.464,12970,1.623
2026-06-18T08:31:31,21.6,86.9,12203,1.516,12370,1.542,11676,1.46,12979,1.624
2026-06-18T08:46:31,21.6,87.7,12098,1.517,12320,1.54,11646,1.452,12986,1.618
2026-06-18T09:01:32,21.7,88.5,12095,1.518,12309,1.542,11633,1.454,12976,1.619
2026-06-18T09:16:32,21.7,89.2,12146,1.514,12364,1.538,11684,1.452,12999,1.621
2026-06-18T09:31:33,21.8,89.1,12163,1.513,12345,1.54,11633,1.456,12972,1.624
2026-06-18T09:46:35,21.6,90.3,12117,1.519,12329,1.541,11663,1.453,13004,1.62
2026-06-18T10:01:36,21.7,90.3,12155,1.514,12365,1.538,11679,1.454,12996,1.623
2026-06-18T10:16:36,21.6,91.3,12116,1.52,12323,1.543,11653,1.455,13001,1.622
2026-06-18T10:31:36,21.6,91.2,12133,1.52,12316,1.545,11629,1.457,12989,1.623
2026-06-18T10:46:37,21.8,90.2,12141,1.518,12325,1.545,11623,1.459,12988,1.625
2026-06-18T11:01:37,21.8,89.2,12159,1.515,12372,1.539,11686,1.453,13024,1.625
2026-06-18T11:16:37,22.2,87.9,12167,1.517,12350,1.544,11638,1.46,13000,1.628
2026-06-18T11:31:38,22.3,86.7,12187,1.516,12388,1.54,11684,1.455,13032,1.627
2026-06-18T11:46:38,22.5,86.1,12204,1.521,12365,1.546,11644,1.46,13028,1.632
2026-06-18T12:01:38,23.0,83.6,12203,1.531,12365,1.547,11677,1.457,13107,1.634
2026-06-18T12:16:41,24.2,77.9,12302,1.535,12420,1.547,11721,1.457,13132,1.637
2026-06-18T12:31:41,24.2,77.9,12288,1.533,12409,1.545,11713,1.456,13127,1.636
2026-06-18T12:46:42,23.9,78.7,12301,1.53,12422,1.546,11697,1.459,13125,1.639
2026-06-18T13:01:42,24.3,77.1,12309,1.534,12406,1.551,11677,1.464,13123,1.644
2026-06-18T13:16:43,24.4,77.0,12233,1.526,12422,1.554,11683,1.465,13165,1.648
2026-06-18T13:31:43,25.5,73.0,12203,1.521,12494,1.555,11767,1.464,13289,1.658
2026-06-18T13:46:43,27.1,69.2,12168,1.526,12433,1.557,11724,1.465,13313,1.662
2026-06-18T14:01:44,27.2,67.9,12133,1.52,12398,1.554,11685,1.463,13316,1.663
2026-06-18T14:16:44,27.3,66.5,12110,1.517,12383,1.552,11668,1.461,13293,1.661
2026-06-18T14:31:44,27.6,66.2,12102,1.509,12386,1.548,11655,1.461,13298,1.665
2026-06-18T14:46:45,27.8,64.2,12151,1.517,12481,1.555,11756,1.462,13425,1.674
2026-06-18T15:01:45,30.9,55.9,12101,1.508,12378,1.541,11664,1.451,13316,1.661
2026-06-18T15:16:46,28.3,62.0,12207,1.523,12426,1.554,11542,1.448,13253,1.659
2026-06-18T15:31:46,29.4,60.8,12090,1.512,12343,1.546,11613,1.456,13261,1.658
2026-06-18T15:46:46,28.6,61.9,12046,1.502,12360,1.538,11637,1.448,13249,1.653
2026-06-18T16:01:47,28.9,60.2,12054,1.505,12359,1.54,11649,1.448,13250,1.652
2026-06-18T16:16:47,29.5,56.9,12046,1.498,12360,1.54,11612,1.45,13236,1.654
2026-06-18T16:31:47,30.3,53.4,12037,1.503,12378,1.542,11667,1.451,13253,1.653
2026-06-18T16:46:48,31.0,45.5,12026,1.502,12269,1.535,11581,1.452,13235,1.655
2026-06-18T17:01:48,31.3,44.0,12042,1.502,12367,1.54,11678,1.453,13329,1.663
2026-06-18T17:16:48,31.6,44.0,12041,1.5,12364,1.543,11629,1.455,13290,1.663
2026-06-18T17:31:49,31.5,42.8,11973,1.498,12395,1.547,11676,1.454,13327,1.661
2026-06-18T17:46:49,31.5,41.7,11982,1.497,12451,1.553,11671,1.452,13301,1.658
2026-06-18T18:01:50,32.4,41.0,11970,1.496,12351,1.546,11572,1.451,13238,1.656
2026-06-18T18:16:50,31.0,43.0,11945,1.494,12344,1.546,11586,1.452,13232,1.654
2026-06-18T18:31:50,30.7,43.6,11942,1.497,12346,1.546,11602,1.45,13233,1.652
2026-06-18T18:46:51,30.2,44.0,11964,1.49,12419,1.546,11640,1.45,13244,1.654
2026-06-18T19:01:51,30.3,38.9,11918,1.494,12360,1.547,11611,1.449,13235,1.651
2026-06-18T19:16:51,30.4,37.8,11966,1.489,12385,1.544,11610,1.452,13216,1.653
2026-06-18T19:31:52,30.0,38.0,11958,1.489,12373,1.545,11601,1.453,13189,1.65
2026-06-18T19:46:52,29.3,43.0,11932,1.494,12378,1.546,11644,1.45,13216,1.647
2026-06-18T20:01:52,28.7,44.7,11947,1.494,12389,1.546,11660,1.451,13197,1.645
2026-06-18T20:16:53,28.3,45.6,11949,1.498,12374,1.55,11645,1.456,13184,1.646
2026-06-18T20:31:53,27.9,47.9,11979,1.495,12389,1.55,11633,1.459,13138,1.645
2026-06-18T20:46:54,27.5,49.5,11973,1.496,12383,1.551,11632,1.459,13140,1.643
2026-06-18T21:01:54,27.3,49.7,11866,1.477,11892,1.484,11060,1.385,12609,1.579
2026-06-18T21:16:54,25.6,57.2,11819,1.482,11895,1.488,11145,1.389,12652,1.578
2026-06-18T21:31:57,26.2,52.5,11830,1.481,11920,1.489,11197,1.393,12650,1.576
2026-06-18T21:46:57,26.2,52.5,11838,1.476,11931,1.484,11195,1.392,12620,1.574
2026-06-18T22:01:58,26.1,52.7,11799,1.471,11920,1.483,11154,1.387,12594,1.571
2026-06-18T22:16:58,26.1,52.7,11773,1.476,11857,1.486,11108,1.389,12557,1.569
2026-06-18T22:31:58,26.0,51.9,11828,1.471,11913,1.485,11138,1.393,12541,1.569
2026-06-18T22:46:59,25.8,52.6,11807,1.476,11918,1.493,11136,1.398,12524,1.568
2026-06-18T23:01:59,25.7,52.7,11781,1.478,11926,1.493,11180,1.395,12533,1.564
2026-06-18T23:17:00,25.7,51.4,11823,1.472,11956,1.493,11174,1.399,12506,1.566
2026-06-18T23:32:00,25.5,51.7,11791,1.475,11939,1.496,11167,1.4,12499,1.562
2026-06-18T23:47:00,25.4,52.4,11766,1.476,11943,1.495,11195,1.397,12495,1.559
2026-06-19T00:02:01,25.3,51.9,11794,1.472,11985,1.492,11233,1.396,12494,1.557
2026-06-19T00:17:01,25.1,52.6,11812,1.469,11997,1.493,11224,1.399,12471,1.557
2026-06-19T00:32:01,25.0,53.3,11812,1.469,12001,1.493,11224,1.399,12461,1.556
2026-06-19T00:47:02,24.8,54.4,11810,1.471,12008,1.493,11240,1.399,12460,1.554
2026-06-19T01:02:02,24.7,55.2,11807,1.475,12005,1.496,11261,1.399,12472,1.553
2026-06-19T01:17:02,24.8,54.3,11778,1.477,11980,1.498,11232,1.4,12451,1.552
2026-06-19T01:32:03,24.8,55.0,11841,1.474,12009,1.5,11228,1.407,12417,1.556
2026-06-19T01:47:03,24.8,54.5,11795,1.477,12004,1.499,11260,1.401,12449,1.55
2026-06-19T02:02:04,24.7,55.1,11802,1.479,11982,1.503,11223,1.406,12408,1.551
2026-06-19T02:17:04,24.6,56.0,11842,1.474,12009,1.501,11232,1.409,12379,1.551
2026-06-19T02:32:04,23.9,59.9,11845,1.475,11999,1.499,11231,1.408,12366,1.549
2026-06-19T02:47:05,24.1,57.6,11840,1.478,11987,1.501,11217,1.409,12343,1.546
2026-06-19T03:02:05,24.0,59.1,11822,1.479,12014,1.499,11287,1.403,12368,1.54
2026-06-19T03:17:05,23.9,59.0,11870,1.475,12033,1.5,11270,1.409,12332,1.543
2026-06-19T03:32:06,23.7,57.2,11816,1.478,12004,1.498,11277,1.402,12349,1.537
2026-06-19T03:47:06,23.5,56.4,11865,1.476,12014,1.5,11253,1.409,12308,1.542
2026-06-19T04:02:06,22.9,58.5,11855,1.476,12029,1.496,11291,1.405,12329,1.538
2026-06-19T04:17:07,22.9,57.2,11810,1.482,11977,1.5,11256,1.406,12315,1.537
2026-06-19T04:32:07,22.6,58.5,11864,1.475,12021,1.5,11264,1.41,12298,1.54
2026-06-19T04:47:08,22.5,55.3,11803,1.479,12004,1.5,11289,1.405,12321,1.534
2026-06-19T05:02:08,22.2,55.9,11857,1.476,12013,1.501,11259,1.413,12276,1.539
2026-06-19T05:17:08,21.8,56.2,11861,1.48,12021,1.504,11285,1.417,12274,1.538
2026-06-19T05:32:09,21.7,55.0,11853,1.473,12041,1.498,11300,1.409,12288,1.535
2026-06-19T05:47:11,21.8,53.0,11868,1.475,12053,1.499,11309,1.41,12285,1.535
2026-06-19T06:02:12,21.8,52.9,11852,1.479,12036,1.506,11275,1.416,12258,1.536
2026-06-19T06:17:12,22.0,48.6,11836,1.48,12059,1.503,11339,1.408,12308,1.533
2026-06-19T06:32:12,22.0,48.5,11858,1.477,12078,1.502,11336,1.41,12301,1.534
2026-06-19T06:47:13,22.1,47.2,11859,1.48,12052,1.509,11287,1.417,12273,1.538
2026-06-19T07:02:13,22.2,49.4,11847,1.483,12045,1.51,11285,1.415,12274,1.536
2026-06-19T07:17:14,22.2,48.9,11861,1.479,12093,1.504,11347,1.41,12302,1.534
2026-06-19T07:32:14,22.1,48.2,11877,1.482,12075,1.51,11297,1.418,12274,1.538
2026-06-19T07:47:14,22.3,47.8,11837,1.485,12066,1.51,11324,1.413,12310,1.534
2026-06-19T08:02:15,22.4,47.2,11884,1.48,12091,1.51,11305,1.418,12281,1.539
2026-06-19T08:17:15,22.6,46.8,11913,1.482,12129,1.513,11328,1.418,12315,1.543
2026-06-19T08:32:15,23.3,46.5,11844,1.485,12107,1.513,11337,1.413,12352,1.538
2026-06-19T08:47:18,24.5,43.9,11881,1.484,12119,1.517,11308,1.419,12338,1.545
2026-06-19T09:02:18,24.5,43.7,11941,1.484,12176,1.517,11344,1.42,12380,1.55
2026-06-19T09:17:19,25.0,40.6,11963,1.488,12165,1.518,11337,1.419,12392,1.552
2026-06-19T09:32:19,25.1,41.4,12313,1.536,12167,1.522,11346,1.423,12413,1.555
2026-06-19T09:47:19,25.4,42.5,12267,1.534,12164,1.524,11349,1.424,12434,1.556
2026-06-19T10:02:20,25.4,40.6,12198,1.526,12164,1.524,11350,1.423,12465,1.559
2026-06-19T10:17:20,26.2,39.7,12242,1.522,12202,1.52,11383,1.421,12479,1.56
2026-06-19T10:32:21,26.2,40.2,12222,1.527,12159,1.516,11387,1.416,12532,1.561
2026-06-19T10:47:21,28.1,38.1,12291,1.538,12180,1.526,11368,1.425,12543,1.569
2026-06-19T11:02:21,28.0,36.9,12320,1.542,12208,1.526,11413,1.422,12596,1.569
2026-06-19T11:17:22,28.3,36.2,12351,1.544,12199,1.528,11380,1.427,12592,1.575
2026-06-19T11:32:22,29.1,36.2,12364,1.548,12205,1.53,11404,1.427,12625,1.577
2026-06-19T11:47:22,29.2,34.8,12356,1.539,12217,1.524,11413,1.427,12624,1.58
2026-06-19T12:02:23,30.1,34.6,12374,1.54,12230,1.524,11433,1.428,12647,1.581
2026-06-19T12:17:25,30.5,31.7,12275,1.53,12214,1.526,11412,1.43,12642,1.583
2026-06-19T12:32:26,30.5,31.8,12302,1.533,12222,1.526,11442,1.433,12671,1.586
2026-06-19T12:47:26,32.6,30.5,12283,1.537,12208,1.53,11428,1.432,12683,1.585
2026-06-19T13:02:26,31.9,32.0,12289,1.533,12241,1.524,11480,1.428,12682,1.583
2026-06-19T13:17:27,32.6,31.5,12280,1.531,12233,1.523,11470,1.427,12650,1.578
2026-06-19T13:32:27,30.8,33.0,12429,1.548,12226,1.526,11448,1.433,12621,1.58
2026-06-19T13:47:28,30.4,32.4,12388,1.552,12220,1.53,11463,1.431,12652,1.578
2026-06-19T14:02:28,31.5,33.3,12431,1.55,12266,1.528,11509,1.432,12678,1.581
2026-06-19T14:17:28,32.5,32.5,12402,1.55,12224,1.53,11448,1.436,12629,1.58
2026-06-19T14:32:29,31.4,32.6,12418,1.546,12221,1.525,11469,1.435,12612,1.578
2026-06-19T14:47:29,31.4,33.2,12343,1.544,12193,1.522,11463,1.427,12586,1.568
2026-06-19T15:02:29,30.3,35.3,12361,1.548,12193,1.528,11432,1.431,12567,1.57
2026-06-19T15:17:30,30.0,37.2,12394,1.545,12217,1.526,11430,1.432,12527,1.569
2026-06-19T15:32:30,29.0,37.3,12360,1.542,12189,1.524,11427,1.433,12493,1.565
2026-06-19T15:47:31,28.4,39.7,12358,1.539,12225,1.521,11461,1.429,12496,1.561
2026-06-19T16:02:31,29.2,33.1,12316,1.544,12184,1.526,11434,1.429,12498,1.56
2026-06-19T16:17:31,29.5,34.3,12325,1.543,12184,1.527,11418,1.43,12482,1.56
2026-06-19T16:32:34,29.2,34.6,12341,1.54,12223,1.523,11473,1.426,12501,1.558
2026-06-19T16:47:34,29.2,34.6,12321,1.544,12116,1.518,11393,1.426,12482,1.559
2026-06-19T17:02:35,28.9,35.8,12358,1.541,12260,1.531,11492,1.44,12624,1.581
2026-06-19T17:17:35,30.6,31.6,12339,1.539,12189,1.518,11431,1.422,12618,1.574
2026-06-19T17:32:35,31.6,29.8,12416,1.552,12242,1.533,11503,1.442,12663,1.584
2026-06-19T17:47:36,33.4,29.0,12781,1.597,12268,1.536,11455,1.436,12566,1.572
2026-06-19T18:02:36,31.6,31.6,12782,1.593,12257,1.526,11483,1.429,12536,1.564
2026-06-19T18:17:36,30.0,31.7,12765,1.589,12259,1.528,11485,1.435,12508,1.564
2026-06-19T18:32:37,28.7,35.3,12768,1.596,12244,1.534,11477,1.439,12496,1.562
2026-06-19T18:47:37,28.0,31.4,12787,1.598,12300,1.54,11503,1.444,12505,1.565
2026-06-19T19:02:38,27.6,36.7,12780,1.596,12273,1.535,11492,1.442,12485,1.563
2026-06-19T19:17:38,27.4,32.9,12809,1.597,12275,1.533,11511,1.442,12472,1.562
2026-06-19T19:32:38,26.5,38.0,12832,1.598,12298,1.53,11548,1.438,12478,1.558
2026-06-19T19:47:39,26.0,38.6,12850,1.599,12296,1.532,11537,1.443,12456,1.56
2026-06-19T20:02:39,25.9,36.6,12798,1.604,12261,1.536,11527,1.441,12463,1.555
2026-06-19T20:17:39,25.8,35.3,12825,1.603,12285,1.533,11555,1.437,12475,1.554
2026-06-19T20:32:40,25.6,35.3,12856,1.601,12313,1.532,11564,1.438,12451,1.553
2026-06-19T20:47:40,25.0,37.8,12769,1.595,12172,1.524,11445,1.437,12377,1.55
2026-06-19T21:02:40,24.4,35.3,12775,1.599,12194,1.529,11483,1.44,12394,1.55
2026-06-19T21:17:41,24.4,38.5,12810,1.594,12283,1.529,11547,1.441,12400,1.55
2026-06-19T21:32:41,24.0,37.9,12807,1.597,12290,1.536,11543,1.447,12386,1.552
2026-06-19T21:47:42,23.8,38.0,12805,1.599,12305,1.534,11600,1.441,12427,1.547
2026-06-19T22:02:42,23.6,37.8,12825,1.596,12306,1.535,11557,1.446,12388,1.551
2026-06-19T22:17:42,23.4,40.6,12816,1.597,12303,1.53,11577,1.439,12401,1.546
2026-06-19T22:32:43,23.1,40.3,12833,1.601,12298,1.539,11541,1.449,12379,1.549
2026-06-19T22:47:43,23.0,40.0,12769,1.6,12242,1.536,11490,1.439,12357,1.544
2026-06-19T23:02:43,22.6,44.2,12799,1.6,12246,1.534,11475,1.44,12335,1.544
2026-06-19T23:17:44,22.3,45.8,12456,1.558,12258,1.53,11526,1.433,12367,1.539
2026-06-19T23:32:44,22.1,49.2,12341,1.542,12266,1.529,11534,1.433,12362,1.539
2026-06-19T23:47:45,21.9,47.0,12324,1.534,12260,1.53,11488,1.439,12310,1.542
2026-06-20T00:02:45,21.5,50.6,12243,1.522,12268,1.527,11496,1.435,12316,1.54
2026-06-20T00:17:45,21.2,52.5,12154,1.525,12220,1.531,11485,1.434,12322,1.536
2026-06-20T00:32:46,21.1,53.1,12181,1.528,12224,1.531,11489,1.435,12325,1.537
2026-06-20T00:47:46,20.9,54.9,12206,1.524,12261,1.527,11524,1.431,12334,1.536
2026-06-20T01:02:46,20.9,52.2,12224,1.527,12243,1.534,11470,1.44,12296,1.54
2026-06-20T01:17:47,20.8,51.7,12239,1.524,12259,1.531,11469,1.439,12285,1.54
2026-06-20T01:32:47,20.8,50.8,12245,1.525,12300,1.529,11542,1.435,12331,1.538
2026-06-20T01:47:47,20.9,49.6,12210,1.529,12265,1.532,11524,1.435,12336,1.535
2026-06-20T02:02:48,20.6,51.3,12266,1.525,12305,1.53,11525,1.437,12314,1.539
2026-06-20T02:17:48,20.5,51.6,12242,1.53,12263,1.537,11486,1.442,12286,1.538
2026-06-20T02:32:49,20.5,52.2,12234,1.532,12260,1.538,11487,1.441,12296,1.538
2026-06-20T02:47:49,20.3,52.3,12242,1.532,12264,1.538,11493,1.442,12299,1.538
2026-06-20T03:02:49,20.3,54.5,12242,1.53,12298,1.534,11554,1.435,12350,1.537
2026-06-20T03:17:50,20.4,52.1,12269,1.53,12295,1.538,11500,1.444,12304,1.541
2026-06-20T03:32:50,20.4,51.3,12244,1.534,12310,1.538,11562,1.44,12355,1.538
2026-06-20T03:47:50,20.4,51.3,12281,1.528,12313,1.537,11518,1.443,12311,1.543
2026-06-20T04:02:51,20.2,51.5,12291,1.528,12321,1.538,11527,1.444,12315,1.544
2026-06-20T04:17:51,20.2,51.4,12267,1.533,12296,1.541,11504,1.445,12313,1.542
2026-06-20T04:32:51,20.1,51.6,12236,1.535,12300,1.539,11545,1.44,12347,1.538
2026-06-20T04:47:52,20.0,52.1,12281,1.533,12313,1.542,11522,1.447,12310,1.542
2026-06-20T05:02:52,19.8,52.0,12311,1.53,12352,1.536,11564,1.443,12331,1.542
2026-06-20T05:17:53,19.9,51.4,12268,1.538,12305,1.544,11541,1.445,12335,1.539
2026-06-20T05:32:53,19.9,50.8,12257,1.538,12312,1.542,11556,1.443,12346,1.539
2026-06-20T05:47:53,19.9,50.5,12314,1.531,12352,1.54,11554,1.446,12324,1.544
2026-06-20T06:02:54,19.8,50.7,12271,1.538,12322,1.546,11543,1.446,12337,1.541
2026-06-20T06:17:54,19.9,48.5,12324,1.531,12382,1.541,11582,1.445,12366,1.546
2026-06-20T06:32:54,20.0,48.6,12285,1.538,12361,1.544,11599,1.443,12406,1.543
2026-06-20T06:47:55,20.1,48.6,12318,1.536,12366,1.546,11555,1.45,12359,1.55
2026-06-20T07:02:55,20.3,48.5,12330,1.535,12377,1.545,11566,1.449,12369,1.55
2026-06-20T07:17:56,20.5,49.2,12305,1.536,12384,1.542,11605,1.441,12419,1.546
2026-06-20T07:32:56,20.8,51.3,12344,1.534,12390,1.541,11584,1.445,12414,1.552
2026-06-20T07:47:56,21.3,48.6,12302,1.539,12296,1.535,11515,1.432,12459,1.55
2026-06-20T08:02:57,23.3,43.2,12214,1.53,12456,1.562,11574,1.451,12489,1.56
2026-06-20T08:17:57,23.6,42.9,12338,1.534,12388,1.543,11547,1.442,12504,1.564
2026-06-20T08:32:57,24.9,41.8,12339,1.547,12475,1.562,11614,1.451,12568,1.568
2026-06-20T08:47:58,25.6,40.3,12654,1.574,12535,1.562,11635,1.454,12628,1.58
2026-06-20T09:02:58,27.0,40.1,12922,1.608,12533,1.561,11642,1.454,12678,1.586
2026-06-20T09:17:58,28.4,35.1,13127,1.642,12513,1.562,11659,1.451,12747,1.587
2026-06-20T09:32:59,27.6,35.7,12881,1.614,12488,1.565,11630,1.455,12749,1.592
2026-06-20T09:47:59,26.9,37.6,13000,1.627,12495,1.562,11658,1.453,12810,1.596
2026-06-20T10:03:00,29.4,35.3,12742,1.592,12479,1.557,11656,1.45,12846,1.601
2026-06-20T10:18:00,30.2,33.7,12756,1.598,12440,1.557,11612,1.45,12877,1.607
2026-06-20T10:33:00,31.6,32.5,12817,1.6,12452,1.556,11583,1.452,12870,1.611
2026-06-20T10:48:01,29.1,35.9,12819,1.599,12437,1.549,11610,1.445,12908,1.61
2026-06-20T11:03:01,30.8,32.2,12809,1.603,12416,1.555,11589,1.45,12915,1.613
2026-06-20T11:18:01,31.2,33.6,12986,1.624,12414,1.551,11616,1.447,12940,1.613
2026-06-20T11:33:02,31.0,32.2,12910,1.61,12435,1.553,11615,1.455,12924,1.618
2026-06-20T11:48:02,32.1,30.9,12728,1.588,12256,1.527,11517,1.432,12790,1.595
2026-06-20T12:03:02,32.3,31.6,12739,1.595,12246,1.534,11508,1.439,12813,1.6
2026-06-20T12:18:03,32.8,31.9,12787,1.597,12283,1.536,11505,1.443,12812,1.603
2026-06-20T12:33:03,33.3,28.5,12781,1.597,12287,1.533,11555,1.438,12870,1.604
2026-06-20T12:48:04,35.7,25.8,12717,1.592,12256,1.535,11505,1.439,12837,1.603
2026-06-20T13:03:04,33.8,27.4,12708,1.582,12301,1.533,11530,1.44,12839,1.605
2026-06-20T13:18:04,33.8,27.4,12689,1.584,12316,1.535,11559,1.438,12859,1.603
2026-06-20T13:33:05,33.6,27.7,12643,1.578,12263,1.532,11484,1.439,12779,1.6
2026-06-20T13:48:05,32.8,30.4,12558,1.565,12265,1.527,11503,1.432,12736,1.59
2026-06-20T14:03:05,31.6,32.8,12587,1.57,12282,1.534,11500,1.441,12734,1.594
2026-06-20T14:18:06,33.4,29.3,12644,1.575,12341,1.538,11547,1.442,12833,1.604
2026-06-20T14:33:06,35.1,26.0,12513,1.565,12240,1.533,11468,1.437,12759,1.595
2026-06-20T14:48:07,31.4,29.4,12558,1.564,12304,1.532,11516,1.436,12786,1.597
2026-06-20T15:03:09,33.6,25.3,12589,1.576,12354,1.545,11460,1.429,12873,1.605
2026-06-20T15:18:10,33.6,25.3,12564,1.573,12253,1.535,11334,1.419,12639,1.579
2026-06-20T15:33:10,31.3,29.7,12418,1.555,12186,1.523,11454,1.426,12630,1.574
2026-06-20T15:48:10,30.3,32.1,12401,1.554,12192,1.526,11451,1.43,12607,1.573
2026-06-20T16:03:13,29.3,30.9,12397,1.552,12193,1.528,11441,1.432,12577,1.571
2026-06-20T16:18:13,29.3,31.0,12386,1.548,12212,1.524,11475,1.428,12573,1.566
2026-06-20T16:33:14,28.6,29.9,12373,1.549,12225,1.528,11473,1.43,12571,1.566
2026-06-20T16:48:14,28.8,28.9,12364,1.546,12140,1.52,11389,1.429,12547,1.57
2026-06-20T17:03:14,29.1,28.9,11935,1.496,11495,1.439,10800,1.353,11080,1.384
2026-06-20T17:18:17,33.7,23.0,12047,1.51,11085,1.388,10478,1.312,10819,1.351
2026-06-20T17:33:17,33.7,23.0,10970,1.364,10995,1.37,10512,1.312,10813,1.352
2026-06-20T17:48:18,32.9,24.7,11008,1.377,11079,1.385,10607,1.321,10875,1.355
2026-06-20T18:03:18,33.2,25.3,11008,1.371,11163,1.39,10607,1.32,10848,1.354
2026-06-20T18:18:18,29.3,27.5,11233,1.403,11188,1.396,10661,1.325,10876,1.354
2026-06-20T18:33:19,28.3,29.0,11617,1.446,11223,1.399,10671,1.334,10872,1.361
2026-06-20T18:48:19,28.0,30.5,11380,1.418,11229,1.399,10712,1.331,10906,1.359
2026-06-20T19:03:20,27.7,30.5,11011,1.379,11188,1.399,10670,1.331,10879,1.355
2026-06-20T19:18:20,27.5,30.6,10718,1.342,11184,1.401,10648,1.336,10860,1.358
2026-06-20T19:33:20,26.9,31.9,10672,1.338,11171,1.398,10672,1.332,10876,1.353
2026-06-20T19:48:21,26.4,36.1,10022,1.251,10024,1.248,9678,1.213,9622,1.207
2026-06-20T20:03:21,25.1,41.9,9470,1.189,9897,1.245,9689,1.21,9647,1.203
2026-06-20T20:18:21,24.7,47.6,9995,1.253,9979,1.247,9760,1.216,9685,1.211
2026-06-20T20:33:22,24.2,44.4,9793,1.221,10010,1.245,9765,1.223,9694,1.216
2026-06-20T20:48:22,23.8,48.2,9678,1.213,9957,1.248,9755,1.224,9707,1.214
2026-06-20T21:03:22,23.4,51.0,9451,1.183,9827,1.229,9782,1.228,9723,1.218
2026-06-20T21:18:23,23.2,56.6,9543,1.196,9725,1.22,9838,1.225,9776,1.216
2026-06-20T21:33:23,22.8,51.7,9729,1.209,9826,1.219,9821,1.228,9739,1.22
2026-06-20T21:48:24,22.5,61.0,9856,1.225,9821,1.219,9870,1.234,9783,1.226
2026-06-20T22:03:24,22.1,61.5,9858,1.224,9749,1.21,9881,1.234,9789,1.226
2026-06-20T22:18:24,21.8,57.5,9742,1.22,9673,1.212,9886,1.23,9820,1.22
2026-06-20T22:33:25,21.9,57.6,9837,1.229,9708,1.214,9899,1.23,9827,1.222
2026-06-20T22:48:25,21.7,64.4,10070,1.251,9726,1.206,9868,1.232,9775,1.224
2026-06-20T23:03:25,21.4,62.5,9898,1.241,9626,1.208,9850,1.228,9787,1.217
2026-06-20T23:18:26,21.1,64.5,10074,1.264,9692,1.218,9845,1.233,9785,1.221
2026-06-20T23:33:26,20.7,62.3,10108,1.268,9668,1.215,9838,1.232,9779,1.221
2026-06-20T23:48:27,20.4,63.2,9995,1.252,9655,1.211,9830,1.234,9768,1.221
2026-06-21T00:03:27,20.2,72.3,10213,1.275,9775,1.22,9859,1.237,9771,1.226
2026-06-21T00:18:27,19.9,69.6,10368,1.288,9749,1.209,9889,1.235,9785,1.227
2026-06-21T00:33:28,19.9,64.0,10311,1.294,9685,1.218,9877,1.235,9811,1.222
2026-06-21T00:48:28,20.0,62.9,10295,1.279,9716,1.205,9897,1.233,9794,1.224
2026-06-21T01:03:28,19.8,70.0,10127,1.267,9694,1.214,9855,1.238,9778,1.224
2026-06-21T01:18:29,19.4,67.9,9914,1.234,9685,1.206,9866,1.237,9766,1.226
2026-06-21T01:33:29,19.3,70.1,9986,1.241,9710,1.205,9909,1.234,9799,1.224
2026-06-21T01:48:29,19.0,70.9,10092,1.258,9695,1.208,9935,1.233,9832,1.224
2026-06-21T02:03:30,18.9,72.7,10063,1.263,9602,1.206,9908,1.236,9831,1.223
2026-06-21T02:18:30,18.9,72.4,10153,1.261,9669,1.201,9928,1.242,9817,1.231
2026-06-21T02:33:31,18.9,69.5,10093,1.268,9606,1.207,9920,1.24,9841,1.226
2026-06-21T02:48:31,19.3,68.5,10118,1.261,9637,1.2,9948,1.235,9842,1.226
2026-06-21T03:03:31,19.3,69.1,10119,1.263,9613,1.198,9950,1.235,9843,1.226
2026-06-21T03:18:32,19.4,71.0,10113,1.27,9580,1.204,9920,1.239,9844,1.226
2026-06-21T03:33:32,19.4,69.2,10127,1.27,9588,1.202,9935,1.238,9854,1.225
2026-06-21T03:48:32,19.2,70.3,10167,1.268,9626,1.199,9969,1.237,9860,1.227
2026-06-21T04:03:33,18.8,75.3,10183,1.27,9629,1.202,9921,1.246,9817,1.232
2026-06-21T04:18:33,18.5,75.5,10354,1.299,9625,1.208,9959,1.242,9875,1.228
2026-06-21T04:33:34,18.2,72.8,10076,1.261,9626,1.204,9968,1.24,9876,1.227
2026-06-21T04:48:34,18.1,76.5,10055,1.26,9639,1.211,9932,1.246,9848,1.231
2026-06-21T05:03:34,17.9,76.0,10188,1.265,9671,1.2,9983,1.243,9861,1.233
2026-06-21T05:18:35,17.6,77.9,9965,1.245,9633,1.202,9992,1.24,9886,1.229
2026-06-21T05:33:35,17.4,80.5,9874,1.227,9680,1.204,9979,1.25,9859,1.238
2026-06-21T05:48:35,17.2,79.3,9897,1.228,9688,1.203,10001,1.25,9881,1.238
2026-06-21T06:03:38,17.5,79.7,9886,1.232,9679,1.207,9985,1.253,9868,1.239
2026-06-21T06:18:38,17.5,79.7,9858,1.234,9648,1.21,9971,1.253,9885,1.237
2026-06-21T06:33:39,18.0,80.5,9856,1.23,9653,1.204,10024,1.244,9916,1.234
2026-06-21T06:48:39,18.5,78.0,9848,1.23,9622,1.204,9951,1.25,9864,1.237
2026-06-21T07:03:39,19.4,70.1,9813,1.229,9591,1.204,9938,1.247,9867,1.233
2026-06-21T07:18:40,20.2,65.2,9852,1.225,9618,1.194,9975,1.242,9869,1.233
2026-06-21T07:33:40,21.0,62.0,9875,1.228,9601,1.192,9966,1.241,9903,1.237
2026-06-21T07:48:41,22.2,59.2,9745,1.212,9554,1.186,9943,1.238,9904,1.238
2026-06-21T08:03:41,25.7,49.8,9168,1.148,9556,1.199,9923,1.244,9900,1.238
2026-06-21T08:18:41,26.9,45.5,9482,1.188,9598,1.205,9965,1.249,9939,1.241
2026-06-21T08:33:42,28.4,42.8,9491,1.183,9635,1.2,10013,1.245,9955,1.241
2026-06-21T08:48:42,29.0,39.6,9553,1.191,9681,1.207,10021,1.256,9967,1.25
2026-06-21T09:03:42,29.2,37.5,9405,1.174,9702,1.211,10088,1.254,10034,1.249
2026-06-21T09:18:43,31.3,35.9,9258,1.156,9700,1.211,10086,1.254,10035,1.25
2026-06-21T09:33:43,30.0,37.3,9861,1.226,9698,1.206,10051,1.255,9995,1.251
2026-06-21T09:48:43,30.7,32.9,9965,1.249,9642,1.21,10017,1.254,9991,1.248
2026-06-21T10:03:44,32.0,32.3,10231,1.273,9670,1.202,10031,1.251,9994,1.25
2026-06-21T10:18:44,32.8,29.3,10183,1.274,9595,1.2,9997,1.245,10011,1.246
2026-06-21T10:33:45,32.1,29.9,10162,1.273,9510,1.193,9963,1.245,9990,1.246
2026-06-21T10:48:45,33.0,26.4,10151,1.271,9463,1.187,9938,1.244,9977,1.246
2026-06-21T11:03:45,32.9,29.4,10233,1.276,9519,1.188,9960,1.247,9977,1.25
2026-06-21T11:18:46,34.2,27.0,10222,1.28,9487,1.19,9961,1.247,9985,1.247
2026-06-21T11:33:46,34.8,25.0,10167,1.271,9511,1.188,10013,1.247,10021,1.248
2026-06-21T11:48:46,35.5,24.9,9795,1.228,9513,1.192,10007,1.251,10013,1.248
2026-06-21T12:03:47,35.6,24.3,9799,1.223,9549,1.19,10051,1.25,10020,1.248
2026-06-21T12:18:47,35.1,25.5,9791,1.226,9560,1.195,10065,1.254,10042,1.25
2026-06-21T12:33:48,35.0,24.3,9785,1.225,9527,1.191,10035,1.251,10038,1.249
2026-06-21T12:48:48,32.5,27.5,9946,1.238,9550,1.188,10040,1.25,10003,1.249
2026-06-21T13:03:48,31.4,31.4,9990,1.242,9595,1.194,10069,1.257,10035,1.255
2026-06-21T13:18:49,33.6,28.0,9972,1.245,9566,1.197,10035,1.259,10004,1.253
2026-06-21T13:33:49,32.7,28.2,9973,1.248,9556,1.198,10029,1.257,10015,1.252
2026-06-21T13:48:49,32.7,28.3,9979,1.243,9569,1.19,10059,1.252,10020,1.251
2026-06-21T14:03:50,30.0,34.6,10000,1.246,9595,1.199,10074,1.262,10019,1.256
2026-06-21T14:18:50,30.9,33.6,9822,1.231,9564,1.197,10088,1.258,10036,1.249
2026-06-21T14:33:50,29.6,35.2,9850,1.234,9549,1.199,10072,1.259,10041,1.252
2026-06-21T14:48:51,29.0,35.7,9693,1.214,9554,1.194,10091,1.257,10032,1.248
2026-06-21T15:03:51,28.6,38.5,9685,1.214,9543,1.198,10042,1.258,10016,1.251
2026-06-21T15:18:52,27.5,39.7,9581,1.199,9582,1.202,10041,1.26,10009,1.252
2026-06-21T15:33:52,27.0,41.0,9535,1.188,9599,1.193,10102,1.256,10033,1.252
2026-06-21T15:48:52,26.9,42.1,9453,1.182,9570,1.194,10092,1.255,10046,1.25
2026-06-21T16:03:53,26.6,45.7,9497,1.192,9544,1.197,10065,1.258,10030,1.25
2026-06-21T16:18:53,26.3,49.1,9498,1.181,9576,1.194,10069,1.26,10005,1.254
2026-06-21T16:33:53,25.9,44.3,9498,1.187,9565,1.199,10059,1.263,10014,1.254
2026-06-21T16:48:54,25.9,47.8,9470,1.189,9557,1.198,10087,1.26,10046,1.252
2026-06-21T17:03:54,25.4,48.9,9489,1.179,9591,1.194,10119,1.264,10063,1.26
2026-06-21T17:18:54,26.6,43.6,9557,1.197,9572,1.194,10125,1.259,10081,1.254
2026-06-21T17:33:55,26.8,43.1,9621,1.196,9572,1.192,10119,1.264,10040,1.257
2026-06-21T17:48:55,27.9,46.7,9563,1.2,9547,1.195,10096,1.26,10038,1.25
2026-06-21T18:03:56,28.3,42.5,9589,1.194,9573,1.196,10084,1.264,10012,1.256
2026-06-21T18:18:56,25.9,45.6,9548,1.197,9578,1.197,10121,1.261,10064,1.252
2026-06-21T18:33:56,25.4,46.8,9637,1.208,9582,1.198,10122,1.261,10063,1.252
2026-06-21T18:48:57,24.9,47.5,9687,1.205,9604,1.198,10113,1.265,10030,1.258
2026-06-21T19:03:57,24.8,48.3,9662,1.207,9583,1.201,10091,1.267,10026,1.257
2026-06-21T19:18:57,24.5,48.5,9646,1.206,9607,1.198,10150,1.261,10077,1.253
2026-06-21T19:33:58,24.6,49.3,9633,1.208,9565,1.201,10097,1.265,10042,1.254
2026-06-21T19:48:58,24.6,50.3,9652,1.203,9613,1.195,10145,1.26,10057,1.254
2026-06-21T20:03:59,24.3,51.4,9685,1.212,9613,1.207,10128,1.272,10064,1.26
2026-06-21T20:18:59,23.9,54.5,9689,1.208,9650,1.199,10182,1.265,10087,1.258
2026-06-21T20:33:59,23.7,58.1,9697,1.207,9649,1.198,10172,1.265,10077,1.257
2026-06-21T20:49:00,23.3,58.5,9689,1.213,9624,1.202,10167,1.265,10096,1.255
2026-06-21T21:04:00,23.1,60.4,9731,1.213,9647,1.199,10183,1.264,10086,1.257
2026-06-21T21:19:00,22.6,64.5,9687,1.216,9580,1.199,10123,1.261,10061,1.25
2026-06-21T21:34:01,22.4,67.2,9737,1.217,9587,1.202,10095,1.268,10020,1.256
2026-06-21T21:49:01,22.2,69.2,9747,1.218,9594,1.196,10136,1.259,10053,1.25
2026-06-21T22:04:01,22.0,70.9,9766,1.222,9585,1.195,10126,1.259,10049,1.249
2026-06-21T22:19:02,21.8,72.4,9786,1.223,9585,1.194,10128,1.258,10044,1.249
2026-06-21T22:34:02,21.5,74.7,9824,1.229,9587,1.195,10131,1.259,10051,1.249
2026-06-21T22:49:03,21.4,75.2,9880,1.231,9616,1.194,10146,1.261,10043,1.252
2026-06-21T23:04:03,21.1,77.5,9897,1.241,9566,1.202,10096,1.265,10027,1.252
2026-06-21T23:19:03,20.9,78.2,9951,1.235,9614,1.196,10124,1.263,10021,1.254
2026-06-21T23:34:04,21.2,77.5,9933,1.24,9578,1.2,10082,1.267,10004,1.254
2026-06-21T23:49:04,21.2,77.1,9894,1.243,9561,1.199,10103,1.262,10033,1.25
2026-06-22T00:04:04,21.1,77.0,9924,1.24,9593,1.194,10141,1.259,10039,1.251
2026-06-22T00:19:05,20.8,79.5,9932,1.246,9563,1.201,10098,1.265,10025,1.252
2026-06-22T00:34:05,20.2,81.7,9875,1.24,9569,1.199,10112,1.263,10035,1.25
2026-06-22T00:49:05,20.2,81.7,9920,1.232,9609,1.197,10118,1.265,10009,1.255
2026-06-22T01:04:06,19.9,82.6,9938,1.233,9625,1.198,10134,1.266,10023,1.256
2026-06-22T01:19:06,19.7,82.8,9924,1.236,9603,1.201,10109,1.269,10004,1.256
2026-06-22T01:34:07,19.7,83.3,9918,1.236,9627,1.196,10163,1.262,10050,1.252
2026-06-22T01:49:07,19.6,83.3,9925,1.238,9625,1.196,10165,1.262,10050,1.252
2026-06-22T02:04:07,19.3,83.5,9952,1.243,9629,1.198,10171,1.262,10061,1.252
2026-06-22T02:19:08,19.1,83.9,9979,1.245,9602,1.203,10108,1.27,10011,1.256
2026-06-22T02:34:08,19.1,84.6,9973,1.248,9600,1.206,10112,1.27,10024,1.255
2026-06-22T02:49:08,18.8,84.7,10024,1.247,9626,1.203,10132,1.271,10017,1.258
2026-06-22T03:04:09,18.7,86.3,10010,1.248,9615,1.203,10121,1.271,10012,1.257
2026-06-22T03:19:09,18.8,86.1,10029,1.246,9654,1.199,10166,1.266,10042,1.256
2026-06-22T03:34:10,18.9,86.2,9983,1.25,9614,1.2,10159,1.264,10066,1.25
2026-06-22T03:49:12,19.1,84.8,10028,1.247,9652,1.198,10168,1.265,10046,1.255
2026-06-22T04:04:13,19.1,84.9,10052,1.248,9656,1.2,10163,1.268,10034,1.258
2026-06-22T04:19:13,18.8,86.1,10014,1.251,9635,1.2,10181,1.263,10072,1.252
2026-06-22T04:34:13,18.8,86.2,10021,1.249,9643,1.198,10180,1.264,10063,1.253
2026-06-22T04:49:14,18.9,86.2,10028,1.254,9609,1.206,10122,1.272,10032,1.256
2026-06-22T05:04:14,18.9,85.7,10022,1.252,9636,1.2,10185,1.264,10073,1.253
2026-06-22T05:19:14,18.7,86.8,10032,1.255,9643,1.202,10190,1.265,10087,1.254
2026-06-22T05:34:15,19.1,86.7,10002,1.254,9615,1.202,10159,1.265,10071,1.251
2026-06-22T05:49:15,19.4,84.6,10006,1.254,9587,1.205,10110,1.269,10032,1.254
2026-06-22T06:04:15,19.7,83.6,9994,1.249,9609,1.197,10154,1.26,10059,1.25
2026-06-22T06:19:16,20.0,81.7,10014,1.251,9591,1.203,10097,1.269,10020,1.256
2026-06-22T06:34:16,20.4,78.6,10009,1.251,9585,1.202,10092,1.268,10020,1.255
2026-06-22T06:49:17,20.5,79.7,10016,1.248,9592,1.199,10087,1.267,10007,1.255
2026-06-22T07:04:17,21.2,75.9,9945,1.249,9569,1.2,10106,1.263,10042,1.252
2026-06-22T07:19:17,21.6,74.3,9951,1.242,9575,1.199,10080,1.266,10002,1.255
2026-06-22T07:34:18,21.7,73.2,9964,1.237,9609,1.195,10110,1.262,10033,1.256
2026-06-22T07:49:18,22.2,70.4,9938,1.243,9557,1.199,10065,1.264,10018,1.254
2026-06-22T08:04:18,22.5,67.8,9921,1.246,9569,1.199,10106,1.261,10049,1.251
2026-06-22T08:19:19,22.3,68.0,9929,1.246,9559,1.2,10090,1.263,10038,1.253
2026-06-22T08:34:19,22.7,66.8,9962,1.242,9585,1.199,10081,1.265,10006,1.256
2026-06-22T08:49:19,23.5,70.1,9900,1.235,9601,1.194,10125,1.258,10049,1.252
2026-06-22T09:04:20,24.6,66.2,9921,1.233,9600,1.193,10105,1.259,10027,1.254
2026-06-22T09:19:20,23.5,69.7,9929,1.238,9580,1.199,10079,1.266,10011,1.256
2026-06-22T09:34:21,23.3,69.8,9897,1.242,9586,1.197,10122,1.26,10066,1.251
2026-06-22T09:49:21,23.8,65.3,9892,1.242,9562,1.199,10097,1.261,10048,1.252
2026-06-22T10:04:21,23.5,63.7,9910,1.241,9560,1.201,10078,1.264,10027,1.254
2026-06-22T10:19:22,22.8,63.3,9944,1.236,9619,1.195,10129,1.262,10043,1.255
2026-06-22T10:34:22,22.9,64.0,9897,1.241,9582,1.198,10120,1.261,10062,1.251
2026-06-22T10:49:22,23.1,63.7,9896,1.242,9564,1.2,10100,1.263,10049,1.253
2026-06-22T11:04:25,23.6,59.6,9911,1.24,9562,1.2,10070,1.265,10022,1.255
2026-06-22T11:19:25,23.6,59.6,9904,1.24,9559,1.2,10074,1.264,10027,1.254
2026-06-22T11:34:26,24.2,58.5,9893,1.236,9587,1.195,10124,1.258,10066,1.252
2026-06-22T11:49:26,24.7,59.7,9901,1.234,9596,1.193,10122,1.258,10052,1.253
2026-06-22T12:04:27,24.1,61.3,9936,1.234,9614,1.195,10119,1.262,10041,1.256
2026-06-22T12:19:27,23.2,65.3,9903,1.243,9566,1.201,10099,1.264,10051,1.254
2026-06-22T12:34:27,22.8,66.9,9900,1.242,9563,1.201,10090,1.264,10044,1.254
2026-06-22T12:49:28,23.0,66.3,9891,1.241,9579,1.199,10116,1.261,10062,1.252
2026-06-22T13:04:28,22.5,71.7,9957,1.24,9607,1.201,10110,1.268,10030,1.259
2026-06-22T13:19:28,22.1,78.3,9975,1.239,9626,1.199,10131,1.266,10044,1.259
2026-06-22T13:34:29,21.9,80.9,9930,1.244,9609,1.2,10147,1.263,10085,1.253
2026-06-22T13:49:29,22.1,78.6,9966,1.24,9641,1.197,10162,1.263,10072,1.257
2026-06-22T14:04:29,22.0,74.7,9964,1.24,9640,1.197,10163,1.263,10075,1.257
2026-06-22T14:19:30,21.8,75.3,9939,1.243,9620,1.198,10160,1.261,10084,1.254
2026-06-22T14:34:30,21.3,79.2,10013,1.247,9641,1.205,10146,1.273,10056,1.263
2026-06-22T14:49:31,20.1,88.0,10033,1.253,9653,1.21,10157,1.276,10078,1.264
2026-06-22T15:04:31,20.8,81.1,9950,1.25,9603,1.204,10142,1.267,10079,1.256
2026-06-22T15:19:31,21.2,81.9,9937,1.248,9597,1.203,10135,1.266,10076,1.254
2026-06-22T15:34:32,21.5,81.3,9921,1.245,9589,1.2,10129,1.262,10072,1.252
2026-06-22T15:49:32,21.6,80.6,9986,1.241,9622,1.199,10124,1.267,10038,1.259
2026-06-22T16:04:32,21.5,82.7,9946,1.245,9583,1.204,10094,1.268,10041,1.256
2026-06-22T16:19:33,21.7,83.8,9939,1.246,9577,1.203,10100,1.266,10052,1.256
2026-06-22T16:34:33,21.7,85.6,9975,1.241,9610,1.2,10113,1.267,10032,1.259
2026-06-22T16:49:33,21.3,89.1,10007,1.252,9669,1.206,10210,1.268,10138,1.259
2026-06-22T17:04:34,21.2,92.3,10000,1.251,9663,1.205,10199,1.267,10130,1.259
2026-06-22T17:19:34,21.2,93.4,9985,1.252,9645,1.206,10178,1.268,10119,1.257
2026-06-22T17:34:35,21.3,94.0,9974,1.251,9606,1.207,10125,1.27,10077,1.259
2026-06-22T17:49:37,21.7,92.6,9994,1.247,9624,1.205,10119,1.271,10049,1.261
2026-06-22T18:04:38,21.6,92.7,9974,1.247,9605,1.206,10103,1.27,10052,1.259
2026-06-22T18:19:38,22.0,92.9,9978,1.239,9636,1.197,10137,1.263,10054,1.257
2026-06-22T18:34:38,22.1,92.2,9986,1.24,9630,1.199,10126,1.265,10047,1.259
2026-06-22T18:49:39,22.1,92.1,9960,1.25,9598,1.206,10120,1.268,10073,1.258
2026-06-22T19:04:39,22.1,91.3,9952,1.25,9600,1.206,10118,1.267,10074,1.257
2026-06-22T19:19:39,21.7,93.6,9948,1.25,9607,1.205,10129,1.265,10082,1.255
2026-06-22T19:34:40,21.5,94.1,10015,1.244,9698,1.207,10129,1.267,10040,1.26
2026-06-22T19:49:40,21.4,94.8,9933,1.248,9735,1.223,10104,1.262,10049,1.252
2026-06-22T20:04:41,21.2,94.6,10006,1.243,9767,1.215,10103,1.264,10643,1.335
2026-06-22T20:19:43,21.3,94.0,9997,1.242,9746,1.213,10095,1.264,10646,1.336
2026-06-22T20:34:43,21.3,94.0,9988,1.243,9728,1.213,10083,1.265,10639,1.335
2026-06-22T20:49:44,21.3,94.6,9967,1.243,9710,1.208,10137,1.258,10690,1.331
2026-06-22T21:04:44,21.4,95.2,9960,1.248,9681,1.217,10082,1.264,10670,1.333
2026-06-22T21:19:45,21.6,95.9,9973,1.243,9722,1.21,10141,1.259,10696,1.333
2026-06-22T21:34:45,21.9,95.4,9937,1.239,9664,1.207,10035,1.26,10630,1.334
2026-06-22T21:49:45,21.8,94.7,9930,1.238,9679,1.204,10096,1.253,10676,1.33
2026-06-22T22:04:46,21.8,95.0,9931,1.236,9660,1.205,10032,1.258,10629,1.334
2026-06-22T22:19:46,21.9,94.2,9933,1.233,9665,1.202,10042,1.255,10641,1.333
2026-06-22T22:34:46,21.8,93.9,9923,1.24,9652,1.208,10026,1.26,10642,1.334
2026-06-22T22:49:47,21.6,94.4,9959,1.237,9690,1.205,10060,1.258,10642,1.334
2026-06-22T23:04:47,21.4,95.2,9924,1.236,9669,1.201,10081,1.254,10642,1.329
2026-06-22T23:19:48,21.3,95.6,9951,1.236,9672,1.2,10085,1.255,10625,1.328
2026-06-22T23:34:48,21.4,95.8,9925,1.241,9604,1.204,10026,1.26,10594,1.327
2026-06-22T23:49:48,21.4,95.6,9939,1.236,9639,1.196,10086,1.254,10615,1.325
2026-06-23T00:04:49,21.4,95.2,9884,1.241,9578,1.201,10052,1.254,10616,1.321
2026-06-23T00:19:49,21.3,95.5,9915,1.242,9572,1.202,10032,1.259,10588,1.324
2026-06-23T00:34:49,21.3,95.1,9905,1.239,9595,1.197,10080,1.252,10621,1.32
2026-06-23T00:49:50,21.3,95.0,9897,1.242,9565,1.202,10030,1.257,10584,1.321
2026-06-23T01:04:50,21.3,95.5,9898,1.243,9585,1.202,10066,1.256,10589,1.318
2026-06-23T01:19:50,21.2,95.9,9947,1.236,9616,1.193,10084,1.255,10552,1.318
2026-06-23T01:34:51,21.1,96.4,9949,1.236,9626,1.194,10082,1.256,10543,1.318
2026-06-23T01:49:51,21.2,96.1,9930,1.238,9587,1.2,10021,1.26,10514,1.318
2026-06-23T02:04:52,21.2,96.0,9930,1.242,9586,1.203,10037,1.261,10523,1.318
2026-06-23T02:19:52,21.2,96.2,9907,1.244,9567,1.202,10046,1.258,10538,1.316
2026-06-23T02:34:52,21.2,96.2,9898,1.242,9560,1.201,10038,1.257,10535,1.315
2026-06-23T02:49:53,21.2,96.2,9946,1.236,9630,1.195,10087,1.255,10547,1.317
2026-06-23T03:04:53,21.2,96.1,9935,1.237,9620,1.195,10096,1.254,10556,1.316
2026-06-23T03:19:53,21.2,96.2,9954,1.239,9609,1.2,10054,1.261,10520,1.321
2026-06-23T03:34:54,21.0,96.2,9939,1.242,9597,1.202,10039,1.262,10522,1.319
2026-06-23T03:49:54,20.8,96.3,9929,1.239,9589,1.2,10034,1.261,10518,1.319
2026-06-23T04:04:55,21.0,96.3,9895,1.24,9581,1.198,10072,1.254,10571,1.314
2026-06-23T04:19:55,21.0,95.8,9910,1.241,9569,1.202,10027,1.259,10535,1.318
2026-06-23T04:34:55,21.0,95.4,9887,1.238,9585,1.196,10077,1.251,10572,1.314
2026-06-23T04:49:56,21.2,95.1,9924,1.237,9612,1.195,10093,1.253,10568,1.317
2026-06-23T05:04:56,21.2,95.0,9949,1.236,9612,1.197,10058,1.258,10535,1.321
2026-06-23T05:19:56,21.3,94.9,9943,1.241,9599,1.201,10046,1.262,10533,1.321
2026-06-23T05:34:57,21.1,95.0,9900,1.24,9563,1.201,10025,1.258,10545,1.319
2026-06-23T05:49:57,21.0,94.9,9893,1.24,9553,1.201,10025,1.256,10560,1.317
2026-06-23T06:04:57,21.2,94.2,9939,1.234,9606,1.195,10052,1.256,10544,1.321
2026-06-23T06:19:58,21.0,94.7,9951,1.235,9621,1.196,10068,1.257,10562,1.323
2026-06-23T06:34:58,21.2,94.4,9917,1.236,9606,1.195,10091,1.252,10592,1.319
2026-06-23T06:49:59,21.2,94.6,9888,1.241,9572,1.199,10063,1.254,10595,1.318
2026-06-23T07:04:59,21.3,94.5,9938,1.233,9613,1.194,10062,1.255,10568,1.323
2026-06-23T07:19:59,21.4,94.1,9891,1.242,9558,1.201,10036,1.257,10579,1.32
2026-06-23T07:35:00,21.6,93.3,9958,1.238,9616,1.198,10060,1.26,10564,1.326
2026-06-23T07:50:00,21.4,93.6,9901,1.241,9584,1.199,10074,1.254,10608,1.319
2026-06-23T08:05:00,21.5,93.3,9896,1.239,9580,1.197,10074,1.252,10609,1.319
2026-06-23T08:20:01,21.8,93.6,9879,1.24,9559,1.198,10051,1.253,10600,1.319
2026-06-23T08:35:01,22.0,92.9,9898,1.238,9552,1.198,10011,1.256,10569,1.321
2026-06-23T08:50:01,22.0,92.7,9892,1.237,9549,1.197,10001,1.256,10559,1.322
2026-06-23T09:05:02,22.3,93.1,9918,1.232,9578,1.193,10027,1.254,10561,1.324
2026-06-23T09:20:02,22.4,93.2,9885,1.234,9569,1.192,10060,1.249,10597,1.319
2026-06-23T09:35:03,22.1,93.6,9895,1.236,9575,1.193,10068,1.25,10606,1.32
2026-06-23T09:50:03,22.4,91.9,9886,1.239,9543,1.199,10012,1.256,10577,1.322
2026-06-23T10:05:03,22.5,90.4,9917,1.233,9595,1.191,10059,1.252,10590,1.323
2026-06-23T10:20:04,22.3,91.3,9924,1.234,9601,1.192,10068,1.253,10593,1.323
2026-06-23T10:35:04,22.0,90.7,9938,1.234,9599,1.193,10055,1.255,10583,1.325
2026-06-23T10:50:04,21.8,89.6,9916,1.237,9567,1.197,10019,1.258,10567,1.325
2026-06-23T11:05:05,21.7,89.9,9936,1.234,9606,1.193,10071,1.254,10598,1.324
2026-06-23T11:20:05,21.4,88.5,9913,1.236,9599,1.192,10077,1.252,10611,1.324
2026-06-23T11:35:06,21.7,89.0,9898,1.238,9575,1.195,10075,1.252,10628,1.322
2026-06-23T11:50:06,21.7,88.6,9886,1.24,9563,1.197,10060,1.254,10628,1.322
2026-06-23T12:05:06,22.2,85.9,9920,1.235,9598,1.192,10079,1.253,10620,1.325
2026-06-23T12:20:07,22.5,84.6,9903,1.234,9584,1.192,10073,1.251,10625,1.324
2026-06-23T12:35:07,23.4,84.8,9923,1.232,9582,1.192,10041,1.254,10597,1.328
2026-06-23T12:50:07,23.5,81.3,9900,1.234,9576,1.191,10062,1.25,10620,1.324
2026-06-23T13:05:08,23.7,80.9,9894,1.238,9553,1.198,10015,1.258,10606,1.328
2026-06-23T13:20:08,24.4,78.1,9878,1.235,9563,1.193,10059,1.25,10636,1.323
2026-06-23T13:35:08,23.9,75.6,9915,1.234,9572,1.194,10029,1.256,10593,1.329
2026-06-23T13:50:09,23.4,78.4,9897,1.239,9550,1.199,10017,1.257,10601,1.326
2026-06-23T14:05:09,22.9,78.9,9922,1.233,9598,1.192,10066,1.254,10617,1.327
2026-06-23T14:20:10,22.7,79.5,9913,1.239,9565,1.199,10027,1.26,10600,1.328
2026-06-23T14:35:10,22.4,80.7,9952,1.239,9601,1.198,10060,1.261,10605,1.331
2026-06-23T14:50:10,21.4,82.9,9967,1.237,9621,1.196,10083,1.258,10623,1.329
2026-06-23T15:05:11,21.2,83.5,9928,1.241,9596,1.197,10104,1.254,10656,1.326
2026-06-23T15:20:11,21.4,84.1,9932,1.24,9601,1.196,10104,1.255,10651,1.327
2026-06-23T15:35:11,21.5,85.1,9918,1.242,9585,1.197,10087,1.254,10666,1.326
2026-06-23T15:50:12,22.8,80.6,9976,1.242,9644,1.197,10129,1.259,10659,1.33
2026-06-23T16:05:12,22.6,82.2,10027,1.249,9622,1.201,10083,1.264,10628,1.334
2026-06-23T16:20:12,22.5,79.3,10000,1.254,9604,1.202,10110,1.26,10676,1.328
2026-06-23T16:35:13,22.8,77.9,10037,1.25,9641,1.198,10135,1.259,10672,1.331
2026-06-23T16:50:13,22.7,76.8,9958,1.25,9553,1.198,10054,1.256,10641,1.326
2026-06-23T17:05:14,22.4,76.4,9994,1.249,9576,1.2,10042,1.262,10616,1.33
2026-06-23T17:20:14,22.3,76.0,10009,1.243,9609,1.194,10080,1.256,10643,1.331
2026-06-23T17:35:14,22.2,76.9,10006,1.249,9580,1.2,10048,1.263,10629,1.332
2026-06-23T17:50:15,21.8,77.1,9943,1.236,9607,1.197,10129,1.268,10454,1.311
2026-06-23T18:05:15,21.5,76.8,9943,1.244,9591,1.205,10131,1.27,10484,1.31
2026-06-23T18:20:15,21.3,80.6,9998,1.241,9638,1.199,10160,1.269,10479,1.313
2026-06-23T18:35:16,20.8,82.8,9947,1.243,9632,1.2,10193,1.266,10522,1.308
2026-06-23T18:50:16,20.4,86.1,10008,1.251,9662,1.212,10188,1.28,10508,1.317
2026-06-23T19:05:17,20.3,87.3,10047,1.248,9699,1.207,10221,1.277,10524,1.319
2026-06-23T19:20:17,20.3,88.0,10020,1.249,9698,1.205,10256,1.273,10557,1.315
2026-06-23T19:35:17,20.3,86.6,9993,1.254,9644,1.211,10195,1.277,10525,1.314
2026-06-23T19:50:18,20.2,89.3,9983,1.253,9643,1.211,10203,1.276,10535,1.313
2026-06-23T20:05:18,20.1,88.9,9967,1.251,9636,1.208,10200,1.273,10534,1.311
2026-06-23T20:20:18,20.1,88.6,9986,1.251,9630,1.21,10171,1.276,10508,1.314
2026-06-23T20:35:19,19.9,89.4,10042,1.248,9683,1.208,10207,1.278,10504,1.318
2026-06-23T20:50:19,20.0,90.0,10070,1.251,9672,1.205,10194,1.275,10501,1.317
2026-06-23T21:05:19,19.9,90.0,10066,1.253,9671,1.207,10191,1.278,10497,1.318
2026-06-23T21:20:20,19.9,89.5,10045,1.247,9691,1.205,10216,1.275,10518,1.317
2026-06-23T21:35:20,19.8,91.1,10140,1.263,9628,1.196,10177,1.264,10500,1.309
2026-06-23T21:50:21,19.7,91.7,10119,1.259,9619,1.2,10140,1.271,10467,1.314
2026-06-23T22:05:21,19.7,91.3,10138,1.263,9624,1.196,10177,1.264,10496,1.31
2026-06-23T22:20:21,19.5,91.6,10093,1.263,9580,1.202,10113,1.27,10469,1.311
2026-06-23T22:35:22,19.3,91.6,10155,1.263,9638,1.196,10174,1.266,10497,1.311
2026-06-23T22:50:22,19.2,90.9,10075,1.261,9581,1.203,10118,1.27,10477,1.311
2026-06-23T23:05:22,19.1,91.7,10101,1.264,9582,1.203,10116,1.27,10474,1.311
2026-06-23T23:20:23,19.1,92.4,10083,1.264,9572,1.202,10126,1.269,10488,1.31
2026-06-23T23:35:23,19.0,91.6,10118,1.26,9610,1.201,10141,1.272,10471,1.314
2026-06-23T23:50:23,18.9,92.6,10138,1.267,9592,1.203,10122,1.272,10472,1.312
2026-06-24T00:05:26,18.6,92.5,10167,1.263,9650,1.198,10190,1.268,10507,1.312
2026-06-24T00:20:26,18.6,92.5,10096,1.267,9589,1.205,10148,1.272,10503,1.312
2026-06-24T00:35:27,18.4,92.4,10160,1.262,9655,1.199,10195,1.269,10511,1.313
2026-06-24T00:50:27,18.2,92.0,10153,1.268,9621,1.205,10149,1.275,10497,1.314
2026-06-24T01:05:28,18.0,92.6,10165,1.266,9653,1.199,10216,1.268,10535,1.312
2026-06-24T01:20:28,17.9,92.8,10119,1.271,9605,1.205,10178,1.272,10525,1.312
2026-06-24T01:35:28,17.8,93.4,10127,1.265,9645,1.201,10219,1.268,10547,1.311
2026-06-24T01:50:29,18.0,94.0,10123,1.27,9621,1.205,10196,1.272,10540,1.312
2026-06-24T02:05:29,18.1,93.3,10147,1.266,9650,1.201,10225,1.268,10549,1.312
2026-06-24T02:20:29,18.1,92.9,10150,1.273,9625,1.204,10201,1.271,10547,1.311
2026-06-24T02:35:30,18.0,92.5,10180,1.277,9613,1.208,10173,1.275,10522,1.314
2026-06-24T02:50:30,17.9,92.3,10226,1.273,9681,1.202,10238,1.272,10547,1.316
2026-06-24T03:05:31,17.8,91.8,10148,1.274,9618,1.207,10196,1.274,10540,1.314
2026-06-24T03:20:31,17.7,91.8,10234,1.271,9678,1.201,10223,1.273,10533,1.317
2026-06-24T03:35:31,17.7,91.1,10215,1.27,9673,1.206,10209,1.278,10518,1.32
2026-06-24T03:50:32,17.6,91.2,10177,1.263,9677,1.203,10221,1.275,10529,1.318
2026-06-24T04:05:32,17.5,91.4,10156,1.271,9640,1.21,10187,1.28,10525,1.318
2026-06-24T04:20:32,17.4,90.6,10197,1.272,9656,1.209,10195,1.281,10519,1.32
2026-06-24T04:35:33,17.5,91.1,10179,1.272,9669,1.205,10251,1.272,10573,1.314
2026-06-24T04:50:33,17.4,90.4,10132,1.269,9669,1.207,10251,1.275,10579,1.314
2026-06-24T05:05:33,17.3,90.7,10214,1.268,9710,1.205,10260,1.277,10557,1.319
2026-06-24T05:20:34,17.1,90.7,10236,1.27,9709,1.207,10252,1.28,10548,1.321
2026-06-24T05:35:34,17.1,90.6,10178,1.276,9639,1.211,10215,1.279,10554,1.317
2026-06-24T05:50:35,17.1,90.1,10260,1.28,9653,1.209,10191,1.281,10520,1.32
2026-06-24T06:05:35,17.2,89.7,10203,1.275,9654,1.211,10199,1.282,10531,1.32
2026-06-24T06:20:35,17.3,88.2,10185,1.265,9677,1.201,10232,1.274,10554,1.318
2026-06-24T06:35:36,17.6,87.3,10290,1.277,9664,1.203,10209,1.276,10538,1.321
2026-06-24T06:50:36,18.0,85.9,10397,1.29,9652,1.201,10198,1.274,10532,1.319
2026-06-24T07:05:36,18.4,82.8,10381,1.299,9598,1.205,10152,1.275,10523,1.317
2026-06-24T07:20:37,19.0,82.4,10393,1.298,9607,1.204,10148,1.275,10510,1.318
2026-06-24T07:35:37,19.4,77.9,10408,1.296,9607,1.2,10152,1.273,10525,1.321
2026-06-24T07:50:37,20.8,73.3,10081,1.253,9569,1.188,10138,1.262,10529,1.315
2026-06-24T08:05:38,24.0,63.3,10053,1.253,9619,1.195,10186,1.266,10561,1.317
2026-06-24T08:20:38,25.0,58.8,10016,1.255,9592,1.197,10165,1.264,10564,1.314
2026-06-24T08:35:39,26.1,54.9,9998,1.25,9551,1.198,10095,1.267,10501,1.315
2026-06-24T08:50:39,26.2,56.2,9982,1.241,9579,1.194,10114,1.264,10505,1.316
2026-06-24T09:05:39,28.0,50.4,9796,1.225,9432,1.182,9961,1.25,10366,1.298
2026-06-24T09:20:40,27.5,48.4,9785,1.226,9440,1.18,9999,1.247,10398,1.294
2026-06-24T09:35:40,29.0,46.9,9871,1.238,9493,1.189,10056,1.256,10462,1.304
2026-06-24T09:50:40,29.5,44.6,9950,1.241,9586,1.193,10150,1.262,10537,1.314
2026-06-24T10:05:41,30.4,45.5,9946,1.241,9583,1.193,10150,1.262,10549,1.315
2026-06-24T10:20:41,31.0,39.2,10066,1.255,9539,1.187,10120,1.259,10524,1.313
2026-06-24T10:35:42,31.9,37.2,10058,1.259,9521,1.19,10113,1.261,10551,1.314
2026-06-24T10:50:42,32.2,38.1,10080,1.258,9511,1.19,10100,1.266,10522,1.318
2026-06-24T11:05:42,32.5,36.9,10081,1.257,9508,1.188,10113,1.266,10522,1.318
2026-06-24T11:20:43,32.5,37.2,10072,1.254,9530,1.185,10150,1.265,10549,1.318
2026-06-24T11:35:43,33.6,33.7,9916,1.238,9524,1.186,10164,1.264,10555,1.315
2026-06-24T11:50:43,34.2,33.6,9898,1.235,9508,1.184,10157,1.263,10545,1.314
2026-06-24T12:05:44,33.9,32.5,9929,1.238,9501,1.188,10139,1.27,10522,1.318
2026-06-24T12:20:44,34.9,32.2,9927,1.245,9504,1.191,10167,1.27,10571,1.317
2026-06-24T12:35:44,34.7,28.5,9978,1.245,9606,1.196,10253,1.275,10638,1.326
2026-06-24T12:50:45,34.4,32.9,9957,1.246,9594,1.203,10220,1.281,10634,1.33
2026-06-24T13:05:45,35.3,31.6,9996,1.246,9649,1.205,10247,1.283,10642,1.333
2026-06-24T13:20:46,36.4,26.4,9905,1.238,9674,1.206,10278,1.278,10686,1.331
2026-06-24T13:35:46,33.6,32.9,9938,1.236,9705,1.209,10288,1.285,10679,1.336
2026-06-24T13:50:46,35.7,24.7,9912,1.238,9708,1.21,10313,1.283,10715,1.334
2026-06-24T14:05:47,36.6,25.8,9891,1.23,9687,1.207,10270,1.283,10682,1.337
2026-06-24T14:20:47,35.8,24.6,9792,1.224,9662,1.205,10282,1.28,10700,1.332
2026-06-24T14:35:47,36.3,26.8,9819,1.229,9654,1.206,10286,1.282,10708,1.333
2026-06-24T14:50:48,36.9,25.8,9907,1.232,9683,1.205,10279,1.283,10689,1.336
2026-06-24T15:05:48,36.3,26.2,9936,1.236,9703,1.208,10252,1.28,10697,1.338
2026-06-24T15:20:48,33.8,29.2,9941,1.236,9705,1.21,10245,1.28,10678,1.337
2026-06-24T15:35:49,31.2,33.1,10116,1.258,9714,1.208,10271,1.28,10688,1.335
2026-06-24T15:50:49,29.9,35.4,10145,1.271,9655,1.212,10221,1.281,10671,1.334
2026-06-24T16:05:50,29.9,35.7,10228,1.281,9675,1.209,10253,1.278,10696,1.331
2026-06-24T16:20:50,29.1,37.9,10274,1.277,9701,1.209,10250,1.281,10668,1.336
2026-06-24T16:35:50,29.0,37.9,10217,1.278,9673,1.213,10228,1.284,10669,1.336
2026-06-24T16:50:51,29.0,37.2,10241,1.277,9691,1.212,10239,1.284,10683,1.339
2026-06-24T17:05:51,28.4,40.6,10202,1.278,9664,1.213,10261,1.285,10714,1.339
2026-06-24T17:20:51,31.0,33.3,10196,1.274,9653,1.204,10254,1.276,10718,1.335
2026-06-24T17:35:52,33.2,27.0,10202,1.276,9617,1.206,10217,1.281,10670,1.335
2026-06-24T17:50:52,32.5,26.9,10230,1.276,9639,1.206,10213,1.28,10649,1.334
2026-06-24T18:05:53,32.5,29.8,10243,1.278,9657,1.208,10220,1.282,10661,1.336
2026-06-24T18:20:55,28.5,36.9,10239,1.282,9662,1.212,10236,1.284,10687,1.337
2026-06-24T18:35:56,28.5,37.1,10258,1.28,9706,1.208,10294,1.279,10720,1.335
2026-06-24T18:50:56,27.9,36.4,10232,1.272,9715,1.21,10273,1.284,10695,1.339
2026-06-24T19:05:56,27.8,39.5,10187,1.277,9675,1.215,10253,1.285,10706,1.336
2026-06-24T19:20:57,27.4,38.0,10160,1.263,9733,1.213,10289,1.286,10704,1.341
2026-06-24T19:35:57,26.3,46.5,10150,1.262,9677,1.201,10158,1.266,10510,1.313
2026-06-24T19:50:57,25.2,52.1,10170,1.263,9669,1.202,10113,1.263,10184,1.275
2026-06-24T20:05:58,24.2,55.8,10161,1.276,9653,1.211,10151,1.268,10251,1.277
2026-06-24T20:20:58,24.0,58.4,10183,1.27,9676,1.209,10124,1.271,10208,1.281
2026-06-24T20:35:58,23.4,60.8,10150,1.269,9671,1.212,10119,1.271,10218,1.28
2026-06-24T20:50:59,22.9,63.5,10100,1.26,9709,1.209,10189,1.265,10281,1.28
2026-06-24T21:05:59,22.4,66.3,10096,1.257,9733,1.209,10196,1.267,10281,1.282
2026-06-24T21:21:02,21.8,72.4,10001,1.253,9633,1.21,10091,1.266,10222,1.278
2026-06-24T21:36:02,21.8,72.5,9972,1.242,9664,1.201,10137,1.259,10237,1.276
2026-06-24T21:51:03,21.4,74.8,9976,1.239,9678,1.203,10111,1.265,10209,1.28
2026-06-24T22:06:03,21.0,79.2,9884,1.238,9619,1.204,10113,1.259,10244,1.273
2026-06-24T22:21:03,20.8,79.0,9844,1.234,9610,1.208,10084,1.264,10220,1.277
2026-06-24T22:36:04,20.5,79.5,9835,1.221,9663,1.201,10118,1.263,10219,1.28
2026-06-24T22:51:04,20.5,77.9,9761,1.224,9621,1.204,10113,1.26,10250,1.274
2026-06-24T23:06:04,20.1,82.4,9759,1.223,9635,1.205,10127,1.261,10263,1.275
2026-06-24T23:21:05,19.9,82.6,9787,1.218,9673,1.206,10122,1.268,10231,1.284
2026-06-24T23:36:05,19.8,82.3,9778,1.215,9693,1.206,10142,1.268,10250,1.285
2026-06-24T23:51:05,19.6,83.7,9727,1.22,9634,1.211,10117,1.268,10260,1.281
2026-06-25T00:06:06,19.4,84.5,9757,1.216,9678,1.203,10164,1.262,10270,1.28
2026-06-25T00:21:06,19.2,85.6,9788,1.216,9680,1.206,10135,1.268,10245,1.286
2026-06-25T00:36:07,19.0,85.0,9800,1.217,9688,1.207,10138,1.269,10247,1.286
2026-06-25T00:51:07,18.9,86.2,9768,1.226,9660,1.211,10160,1.268,10295,1.281
2026-06-25T01:06:07,18.7,86.2,9786,1.226,9653,1.213,10132,1.272,10269,1.284
2026-06-25T01:21:08,18.7,86.5,9832,1.221,9699,1.206,10164,1.271,10270,1.288
2026-06-25T01:36:08,18.6,87.2,9814,1.227,9665,1.212,10135,1.274,10269,1.286
2026-06-25T01:51:08,18.5,87.4,9796,1.228,9664,1.21,10180,1.268,10315,1.282
2026-06-25T02:06:09,18.3,87.4,9824,1.225,9695,1.205,10204,1.266,10309,1.284
2026-06-25T02:21:09,18.1,87.6,9791,1.227,9658,1.207,10174,1.266,10310,1.281
2026-06-25T02:36:10,17.9,87.1,9811,1.221,9681,1.201,10174,1.264,10281,1.282
2026-06-25T02:51:10,17.8,86.5,9803,1.226,9643,1.209,10112,1.271,10240,1.284
2026-06-25T03:06:10,17.7,86.6,9784,1.224,9638,1.203,10157,1.262,10284,1.277
2026-06-25T03:21:11,17.5,85.6,9836,1.225,9745,1.217,10127,1.271,10236,1.286
2026-06-25T03:36:11,17.5,87.5,9937,1.243,9747,1.216,10172,1.264,10301,1.279
2026-06-25T03:51:11,17.3,87.4,10016,1.243,9754,1.211,10165,1.268,10269,1.285
2026-06-25T04:06:12,17.2,87.2,10020,1.257,9619,1.209,10140,1.271,10281,1.284
2026-06-25T04:21:12,17.0,85.6,10094,1.254,9680,1.206,10177,1.273,10280,1.29
2026-06-25T04:36:12,17.0,87.1,10092,1.262,9663,1.206,10207,1.268,10336,1.284
2026-06-25T04:51:13,16.9,86.8,10399,1.299,9861,1.229,10246,1.272,10364,1.287
2026-06-25T05:06:13,16.9,87.3,10438,1.311,9893,1.241,10213,1.276,10348,1.288
2026-06-25T05:21:14,16.7,86.5,10333,1.289,9907,1.241,10174,1.278,10297,1.292
2026-06-25T05:36:14,16.7,87.1,10337,1.283,9955,1.236,10215,1.273,10323,1.291
2026-06-25T05:51:14,16.8,88.2,10321,1.284,9947,1.234,10220,1.27,10329,1.289
2026-06-25T06:06:15,17.0,87.4,10275,1.287,9877,1.241,10143,1.274,10298,1.288
2026-06-25T06:21:15,17.5,87.5,10305,1.281,9927,1.231,10196,1.268,10320,1.289
2026-06-25T06:36:15,18.1,84.5,10237,1.285,9828,1.232,10155,1.268,10321,1.284
2026-06-25T06:51:16,18.8,83.4,10296,1.282,9896,1.228,10212,1.268,10335,1.288
2026-06-25T07:06:16,19.4,80.0,10236,1.281,9848,1.23,10176,1.265,10339,1.284
2026-06-25T07:21:16,20.0,79.2,10212,1.278,9814,1.232,10110,1.27,10283,1.287
2026-06-25T07:36:17,20.6,74.1,10165,1.276,9795,1.228,10117,1.263,10312,1.284
2026-06-25T07:51:17,22.3,65.2,10068,1.262,9710,1.22,10033,1.258,10239,1.279
2026-06-25T08:06:18,25.7,50.1,9991,1.251,9708,1.214,10043,1.251,10241,1.273
2026-06-25T08:21:18,26.8,48.0,10005,1.244,9710,1.21,10026,1.254,10200,1.279
2026-06-25T08:36:18,28.7,40.4,9957,1.241,9668,1.208,10019,1.256,10198,1.279
2026-06-25T08:51:19,29.0,39.5,9893,1.236,9575,1.194,10037,1.248,10220,1.272
2026-06-25T09:06:19,30.2,36.2,9904,1.24,9613,1.201,10033,1.249,10228,1.272
2026-06-25T09:21:19,29.5,38.5,9948,1.241,9500,1.188,10014,1.256,10192,1.278
2026-06-25T09:36:20,30.2,34.3,9941,1.24,9504,1.183,10048,1.249,10227,1.274
2026-06-25T09:51:20,29.7,36.3,9953,1.242,9493,1.187,10010,1.256,10194,1.278
2026-06-25T10:06:21,30.3,39.0,9867,1.235,9420,1.181,9944,1.247,10154,1.27
2026-06-25T10:21:21,32.6,35.5,9839,1.233,9423,1.179,9976,1.244,10193,1.269
2026-06-25T10:36:21,31.3,34.3,9838,1.228,9426,1.179,9945,1.247,10154,1.272
2026-06-25T10:51:22,32.5,31.9,9871,1.236,9365,1.174,9902,1.24,10125,1.266
2026-06-25T11:06:22,33.3,32.5,9865,1.227,9389,1.168,9930,1.239,10136,1.267
2026-06-25T11:21:22,32.1,35.7,9886,1.23,9397,1.17,9950,1.242,10147,1.27
2026-06-25T11:36:23,32.3,28.4,9862,1.236,9380,1.175,9972,1.246,10179,1.269
2026-06-25T11:51:23,32.0,30.8,9881,1.235,9402,1.173,10009,1.245,10198,1.27
2026-06-25T12:06:23,32.2,30.4,9923,1.236,9442,1.174,10039,1.249,10205,1.273
2026-06-25T12:21:24,32.0,30.5,9903,1.242,9412,1.179,10016,1.251,10208,1.272
2026-06-25T12:36:24,32.7,30.8,9960,1.238,9467,1.178,10040,1.253,10211,1.277
2026-06-25T12:51:25,31.0,32.7,9944,1.246,9454,1.186,10028,1.256,10223,1.277
2026-06-25T13:06:25,32.0,33.2,9956,1.246,9465,1.187,10021,1.256,10223,1.279
2026-06-25T13:21:25,32.0,35.1,9983,1.247,9494,1.189,10031,1.258,10224,1.281
2026-06-25T13:36:26,32.7,34.0,9998,1.244,9516,1.187,10051,1.258,10232,1.283
2026-06-25T13:51:26,32.1,32.8,10023,1.246,9534,1.188,10070,1.258,10247,1.283
2026-06-25T14:06:26,32.3,35.5,10029,1.247,9537,1.187,10073,1.258,10245,1.284
2026-06-25T14:21:27,32.3,36.0,10017,1.251,9503,1.189,10044,1.26,10236,1.282
2026-06-25T14:36:27,34.0,36.6,10013,1.256,9487,1.19,10055,1.258,10259,1.28
2026-06-25T14:51:27,33.3,35.4,10069,1.252,9536,1.187,10082,1.258,10263,1.284
2026-06-25T15:06:28,32.0,39.3,10043,1.259,9506,1.192,10042,1.256,10271,1.282
2026-06-25T15:21:28,31.5,38.8,10085,1.256,9541,1.192,10025,1.256,10226,1.282
2026-06-25T15:36:29,28.9,44.7,10048,1.26,9511,1.191,10051,1.255,10263,1.278
2026-06-25T15:51:29,27.8,45.0,10046,1.258,9529,1.19,10076,1.254,10287,1.279
2026-06-25T16:06:29,27.9,44.2,9999,1.254,9491,1.191,10036,1.255,10252,1.279
2026-06-25T16:21:30,27.5,42.2,9994,1.246,9546,1.187,10085,1.253,10272,1.28
2026-06-25T16:36:30,26.9,43.7,9901,1.243,9510,1.192,10057,1.257,10274,1.281
2026-06-25T16:51:30,27.0,45.4,9923,1.234,9546,1.187,10060,1.256,10272,1.286
2026-06-25T17:06:31,27.0,47.0,9906,1.238,9508,1.192,10039,1.261,10270,1.287
2026-06-25T17:21:31,27.3,43.8,9922,1.235,9542,1.185,10076,1.254,10283,1.284
2026-06-25T17:36:32,26.9,45.2,9894,1.241,9494,1.191,10055,1.258,10279,1.283
2026-06-25T17:51:32,27.5,43.9,9913,1.244,9524,1.193,10082,1.259,10302,1.283
2026-06-25T18:06:32,25.7,50.0,9925,1.245,9521,1.195,10071,1.261,10291,1.284
2026-06-25T18:21:33,25.4,51.3,9930,1.243,9559,1.193,10118,1.259,10330,1.284
2026-06-25T18:36:33,25.0,54.5,9981,1.24,9586,1.193,10109,1.262,10300,1.29
2026-06-25T18:51:33,24.7,55.4,9989,1.242,9588,1.196,10113,1.265,10300,1.292
2026-06-25T19:06:34,24.6,55.6,10054,1.26,9576,1.197,10131,1.262,10346,1.286
2026-06-25T19:21:34,24.4,56.7,10080,1.264,9563,1.197,10117,1.262,10337,1.286
2026-06-25T19:36:34,24.2,58.8,10183,1.265,9619,1.199,10140,1.268,10324,1.295
2026-06-25T19:51:35,23.5,63.2,10189,1.271,9622,1.204,10141,1.273,10334,1.297
2026-06-25T20:06:35,23.2,65.9,10180,1.277,9630,1.205,10185,1.27,10399,1.294
2026-06-25T20:21:36,22.8,70.1,10223,1.278,9673,1.207,10233,1.272,10439,1.297
2026-06-25T20:36:36,22.5,72.6,10259,1.276,9714,1.206,10254,1.276,10430,1.303
2026-06-25T20:51:36,22.3,74.6,10274,1.276,9715,1.207,10242,1.277,10415,1.305
2026-06-25T21:06:37,22.1,76.8,10219,1.281,9679,1.211,10242,1.276,10456,1.3
2026-06-25T21:21:37,22.1,77.4,10191,1.268,9643,1.203,10167,1.272,10366,1.301
2026-06-25T21:36:37,22.1,77.6,10165,1.272,9618,1.208,10153,1.274,10378,1.299
2026-06-25T21:51:38,22.0,77.0,10133,1.272,9609,1.205,10167,1.27,10399,1.295
2026-06-25T22:06:38,22.0,76.9,10125,1.27,9610,1.204,10166,1.269,10404,1.295
2026-06-25T22:21:38,22.0,75.7,10189,1.265,9661,1.201,10189,1.271,10394,1.301
2026-06-25T22:36:39,21.9,76.2,10149,1.268,9641,1.201,10202,1.267,10424,1.296
2026-06-25T22:51:39,21.8,75.4,10141,1.272,9614,1.207,10165,1.273,10405,1.299
2026-06-25T23:06:40,21.7,76.7,10174,1.269,9643,1.207,10169,1.276,10385,1.303
2026-06-25T23:21:40,21.7,77.9,10125,1.268,9634,1.203,10194,1.268,10432,1.296
2026-06-25T23:36:40,21.6,79.8,10113,1.268,9630,1.205,10191,1.27,10433,1.297
2026-06-25T23:51:41,21.6,81.4,10150,1.266,9648,1.207,10173,1.277,10394,1.304
2026-06-26T00:06:41,21.5,82.1,10132,1.264,9664,1.203,10224,1.269,10447,1.3
2026-06-26T00:21:41,21.4,82.8,10102,1.268,9628,1.207,10183,1.273,10432,1.3
2026-06-26T00:36:42,21.3,82.5,10153,1.261,9690,1.203,10222,1.273,10436,1.304
2026-06-26T00:51:42,21.3,82.5,10085,1.265,9644,1.207,10204,1.273,10451,1.3
2026-06-26T01:06:43,21.3,82.7,10087,1.262,9662,1.205,10221,1.271,10462,1.3
2026-06-26T01:21:43,21.3,83.5,10080,1.266,9648,1.21,10207,1.276,10454,1.303
2026-06-26T01:36:43,21.1,84.4,10112,1.261,9671,1.21,10196,1.28,10423,1.307
2026-06-26T01:51:44,21.1,84.7,10127,1.258,9698,1.207,10227,1.277,10443,1.309
2026-06-26T02:06:44,20.9,85.1,10069,1.264,9651,1.209,10210,1.275,10463,1.303
2026-06-26T02:21:44,20.8,85.1,10134,1.26,9694,1.209,10218,1.279,10444,1.31
2026-06-26T02:36:45,20.9,84.4,10098,1.26,9684,1.205,10246,1.272,10482,1.304
2026-06-26T02:51:45,20.9,83.1,10115,1.259,9705,1.205,10248,1.274,10475,1.306
2026-06-26T03:06:45,21.0,81.0,10127,1.261,9687,1.21,10212,1.28,10439,1.311
2026-06-26T03:21:46,21.1,78.4,10114,1.256,9688,1.205,10220,1.275,10452,1.308
2026-06-26T03:36:46,21.2,75.9,10095,1.258,9687,1.204,10244,1.272,10479,1.305
2026-06-26T03:51:47,21.3,74.8,10101,1.257,9694,1.203,10234,1.273,10467,1.306
2026-06-26T04:06:47,21.4,72.7,10073,1.26,9664,1.205,10228,1.271,10488,1.303
2026-06-26T04:21:47,21.4,72.8,10064,1.26,9659,1.206,10231,1.271,10485,1.304
2026-06-26T04:36:48,21.4,73.6,10069,1.262,9633,1.21,10184,1.277,10457,1.306
2026-06-26T04:51:48,21.4,74.8,10109,1.266,9670,1.214,10211,1.282,10479,1.31
2026-06-26T05:06:48,21.3,76.3,10092,1.262,9649,1.211,10172,1.278,10440,1.308
2026-06-26T05:21:49,19.9,90.7,10104,1.262,9687,1.206,10247,1.272,10497,1.305
2026-06-26T05:36:49,19.8,91.2,10146,1.266,9706,1.208,10269,1.274,10507,1.306
2026-06-26T05:51:49,19.8,93.1,10116,1.27,9669,1.21,10233,1.276,10491,1.304
2026-06-26T06:06:52,19.8,93.0,10141,1.267,9688,1.207,10250,1.273,10495,1.304
2026-06-26T06:21:52,19.8,92.9,10115,1.269,9657,1.209,10220,1.274,10484,1.304
2026-06-26T06:36:53,19.8,93.2,10168,1.263,9705,1.204,10239,1.274,10468,1.308
2026-06-26T06:51:53,19.9,93.3,10126,1.267,9667,1.206,10231,1.272,10496,1.303
2026-06-26T07:06:54,19.9,92.5,10124,1.27,9640,1.21,10199,1.276,10471,1.305
2026-06-26T07:21:54,19.9,91.4,10162,1.265,9699,1.204,10247,1.273,10482,1.307
2026-06-26T07:36:54,20.1,90.7,10170,1.268,9675,1.211,10202,1.281,10450,1.312
2026-06-26T07:51:55,20.7,88.1,10129,1.272,9662,1.211,10224,1.277,10503,1.308
2026-06-26T08:06:55,21.4,87.3,10139,1.266,9650,1.209,10179,1.279,10448,1.311
2026-06-26T08:21:55,21.8,85.4,10130,1.264,9645,1.207,10176,1.278,10441,1.309
2026-06-26T08:36:56,22.4,83.1,10133,1.264,9650,1.207,10177,1.277,10441,1.311
2026-06-26T08:51:56,21.8,83.4,10128,1.268,9641,1.211,10180,1.278,10464,1.309
2026-06-26T09:06:57,21.7,83.9,10134,1.261,9679,1.202,10227,1.271,10481,1.307
2026-06-26T09:21:57,22.0,85.0,10097,1.268,9621,1.208,10182,1.275,10471,1.306
2026-06-26T09:36:57,22.2,82.0,10146,1.266,9657,1.208,10186,1.279,10451,1.312
2026-06-26T09:51:58,22.4,80.9,10122,1.265,9636,1.208,10167,1.277,10449,1.31
2026-06-26T10:06:58,22.5,79.8,10120,1.261,9664,1.201,10221,1.269,10482,1.306
2026-06-26T10:21:58,22.9,80.2,10100,1.266,9614,1.208,10161,1.275,10455,1.307
2026-06-26T10:36:59,22.6,82.5,10111,1.267,9623,1.209,10169,1.276,10461,1.308
2026-06-26T10:51:59,22.7,81.9,10069,1.262,9598,1.205,10149,1.272,10448,1.305
2026-06-26T11:06:59,24.4,76.5,10048,1.254,9588,1.2,10126,1.271,10422,1.306
2026-06-26T11:22:00,26.6,66.3,10034,1.254,9599,1.197,10165,1.264,10463,1.301
2026-06-26T11:37:00,26.3,69.6,10041,1.256,9603,1.198,10170,1.265,10469,1.302
2026-06-26T11:52:01,26.2,69.2,10052,1.256,9613,1.198,10179,1.265,10470,1.302
2026-06-26T12:07:01,26.8,68.6,10067,1.252,9610,1.198,10148,1.269,10427,1.307
2026-06-26T12:22:01,27.3,65.7,10023,1.256,9589,1.2,10159,1.267,10462,1.302
2026-06-26T12:37:02,28.2,62.9,10043,1.248,9614,1.196,10164,1.269,10440,1.307
2026-06-26T12:52:02,30.0,60.8,10027,1.249,9599,1.199,10149,1.271,10430,1.308
2026-06-26T13:07:02,30.9,56.7,10010,1.248,9613,1.196,10176,1.265,10463,1.304
2026-06-26T13:22:03,30.5,58.1,10013,1.248,9613,1.196,10169,1.264,10457,1.304
2026-06-26T13:37:03,29.4,57.0,10000,1.251,9597,1.198,10155,1.264,10463,1.301
2026-06-26T13:52:03,29.3,62.0,10012,1.251,9608,1.197,10172,1.264,10458,1.303
2026-06-26T14:07:04,28.9,59.2,10036,1.252,9603,1.202,10133,1.271,10426,1.308
2026-06-26T14:22:04,28.9,61.5,10045,1.253,9633,1.198,10186,1.266,10470,1.304
2026-06-26T14:37:05,27.4,66.6,10059,1.26,9614,1.207,10155,1.274,10459,1.308
2026-06-26T14:52:05,26.7,69.3,10058,1.259,9638,1.204,10198,1.27,10495,1.305
2026-06-26T15:07:05,27.0,67.0,10046,1.26,9624,1.205,10180,1.27,10484,1.305
2026-06-26T15:22:06,28.2,63.0,10051,1.256,9632,1.201,10188,1.267,10487,1.304
2026-06-26T15:37:06,28.3,62.6,10064,1.259,9614,1.206,10147,1.273,10452,1.308
2026-06-26T15:52:06,27.8,63.0,10069,1.258,9646,1.202,10203,1.268,10494,1.306
2026-06-26T16:07:07,27.4,65.1,10111,1.256,9668,1.203,10195,1.272,10471,1.311
2026-06-26T16:22:07,27.1,66.3,10059,1.26,9635,1.204,10191,1.27,10500,1.306
2026-06-26T16:37:08,27.5,66.0,10105,1.256,9658,1.203,10186,1.273,10469,1.311
2026-06-26T16:52:08,27.3,65.1,10065,1.26,9640,1.204,10199,1.27,10505,1.306
2026-06-26T17:07:08,27.1,64.8,10065,1.262,9618,1.207,10167,1.273,10476,1.309
2026-06-26T17:22:09,27.2,65.3,10093,1.26,9639,1.207,10167,1.276,10464,1.312
2026-06-26T17:37:09,26.8,66.5,10107,1.257,9675,1.202,10212,1.272,10490,1.31
2026-06-26T17:52:09,26.4,68.5,10113,1.259,9654,1.206,10183,1.276,10469,1.313
2026-06-26T18:07:10,26.3,69.2,10124,1.259,9670,1.205,10197,1.275,10479,1.314
2026-06-26T18:22:10,26.0,70.0,10137,1.259,9686,1.205,10213,1.275,10495,1.314
2026-06-26T18:37:10,25.3,72.4,10128,1.263,9669,1.209,10195,1.279,10480,1.315
2026-06-26T18:52:11,24.9,74.1,10121,1.262,9692,1.205,10243,1.273,10523,1.311
2026-06-26T19:07:11,24.9,73.3,10137,1.262,9706,1.206,10249,1.274,10524,1.313
2026-06-26T19:22:12,24.6,74.2,10185,1.269,9723,1.215,10251,1.285,10524,1.321
2026-06-26T19:37:12,24.6,75.4,10159,1.27,9699,1.216,10225,1.284,10511,1.317
2026-06-26T19:52:12,24.5,75.1,10170,1.265,9736,1.209,10272,1.278,10540,1.316
2026-06-26T20:07:13,24.5,75.5,10165,1.271,9703,1.217,10231,1.285,10524,1.318
2026-06-26T20:22:13,24.2,76.5,10192,1.266,9750,1.212,10280,1.282,10543,1.319
2026-06-26T20:37:13,24.2,76.3,10129,1.271,9690,1.215,10248,1.281,10548,1.315
2026-06-26T20:52:14,24.0,76.9,10173,1.268,9724,1.216,10248,1.285,10519,1.32
2026-06-26T21:07:14,23.9,78.4,10179,1.266,9732,1.214,10259,1.284,10528,1.321
2026-06-26T21:22:14,23.6,78.6,10124,1.27,9697,1.215,10256,1.281,10557,1.315
2026-06-26T21:37:15,23.4,80.6,10191,1.267,9746,1.215,10270,1.284,10540,1.322
2026-06-26T21:52:15,23.4,80.1,10159,1.268,9748,1.213,10309,1.28,10581,1.317
2026-06-26T22:07:16,23.3,81.4,10078,1.26,9667,1.205,10227,1.271,10534,1.31
2026-06-26T22:22:16,23.2,79.6,10078,1.263,9639,1.21,10183,1.276,10500,1.312
2026-06-26T22:37:16,23.1,82.6,10111,1.258,9672,1.207,10199,1.277,10485,1.316
2026-06-26T22:52:17,23.2,78.6,10101,1.261,9658,1.209,10184,1.278,10487,1.316
2026-06-26T23:07:17,23.0,81.3,10111,1.256,9690,1.204,10223,1.274,10514,1.314
2026-06-26T23:22:17,23.0,82.6,10084,1.26,9675,1.206,10235,1.272,10545,1.311
2026-06-26T23:37:18,23.1,81.1,10110,1.26,9671,1.209,10198,1.278,10494,1.317
2026-06-26T23:52:18,22.9,81.1,10076,1.264,9641,1.211,10196,1.277,10520,1.314
2026-06-27T00:07:19,23.0,83.3,10063,1.263,9647,1.208,10206,1.274,10530,1.312
2026-06-27T00:22:19,22.9,82.8,10069,1.263,9636,1.21,10189,1.276,10515,1.313
2026-06-27T00:37:19,23.1,81.8,10101,1.26,9660,1.209,10188,1.279,10495,1.317
2026-06-27T00:52:20,23.0,82.5,10120,1.26,9680,1.208,10206,1.278,10504,1.318
2026-06-27T01:07:20,23.1,83.9,10106,1.261,9692,1.206,10251,1.273,10554,1.314
2026-06-27T01:22:20,23.0,83.8,10133,1.258,9704,1.206,10226,1.278,10522,1.319
2026-06-27T01:37:21,23.1,83.8,10125,1.26,9708,1.205,10250,1.275,10545,1.316
2026-06-27T01:52:21,23.0,86.1,10138,1.259,9699,1.208,10226,1.278,10525,1.319
2026-06-27T02:07:21,22.8,87.6,10097,1.266,9655,1.213,10206,1.279,10535,1.316
2026-06-27T02:22:22,22.6,88.5,10101,1.267,9662,1.213,10213,1.279,10544,1.317
2026-06-27T02:37:22,22.6,88.6,10089,1.266,9669,1.211,10232,1.277,10558,1.315
2026-06-27T02:52:23,22.6,88.1,10092,1.264,9682,1.209,10242,1.275,10569,1.314
2026-06-27T03:07:23,22.7,88.1,10088,1.266,9657,1.212,10212,1.278,10547,1.316
2026-06-27T03:22:23,22.6,88.7,10090,1.267,9668,1.212,10228,1.278,10560,1.316
2026-06-27T03:37:24,22.7,88.8,10144,1.26,9719,1.208,10244,1.278,10543,1.319
2026-06-27T03:52:24,22.7,88.2,10108,1.264,9696,1.209,10258,1.275,10586,1.316
2026-06-27T04:07:24,22.7,88.3,10095,1.266,9689,1.21,10249,1.276,10584,1.316
2026-06-27T04:22:25,22.7,87.8,10121,1.263,9710,1.208,10270,1.275,10582,1.317
2026-06-27T04:37:25,22.5,88.3,10092,1.267,9672,1.212,10232,1.278,10570,1.317
2026-06-27T04:52:25,22.4,88.3,10119,1.265,9676,1.214,10205,1.282,10542,1.32
2026-06-27T05:07:28,22.3,87.4,10141,1.261,9722,1.207,10258,1.277,10566,1.32
2026-06-27T05:22:28,22.3,87.4,10153,1.261,9717,1.209,10244,1.28,10554,1.323
2026-06-27T05:37:31,22.2,88.0,10110,1.268,9668,1.214,10220,1.28,10565,1.319
2026-06-27T05:52:31,22.2,87.9,10149,1.264,9706,1.213,10230,1.283,10545,1.324
2026-06-27T06:07:32,22.2,86.5,10097,1.268,9675,1.213,10233,1.278,10577,1.318
2026-06-27T06:22:32,22.3,86.4,10136,1.262,9691,1.211,10219,1.281,10547,1.324
2026-06-27T06:37:33,22.4,85.0,10121,1.268,9677,1.216,10219,1.282,10572,1.322
2026-06-27T06:52:33,22.7,85.2,10110,1.267,9670,1.214,10216,1.281,10574,1.321
2026-06-27T07:07:33,22.8,85.1,10106,1.268,9672,1.214,10229,1.28,10584,1.32
2026-06-27T07:22:34,23.3,82.3,10133,1.265,9688,1.214,10215,1.283,10557,1.324
2026-06-27T07:37:34,23.9,77.3,10137,1.259,9715,1.207,10246,1.277,10576,1.322
2026-06-27T07:52:34,24.5,75.7,10105,1.26,9672,1.209,10199,1.279,10542,1.323
2026-06-27T08:07:37,26.4,64.7,10072,1.26,9642,1.21,10180,1.276,10557,1.319
2026-06-27T08:22:37,26.4,65.4,10092,1.259,9658,1.208,10185,1.278,10535,1.322
2026-06-27T08:37:38,25.8,67.0,10048,1.261,9632,1.208,10187,1.273,10561,1.317
2026-06-27T08:52:38,26.8,61.7,10107,1.259,9665,1.207,10192,1.277,10538,1.322
2026-06-27T09:07:38,25.8,61.8,10040,1.258,9652,1.206,10210,1.272,10582,1.316
2026-06-27T09:22:39,28.3,55.5,10038,1.258,9631,1.209,10181,1.276,10555,1.319
2026-06-27T09:37:39,29.6,52.0,10037,1.254,9634,1.207,10164,1.276,10531,1.32
2026-06-27T09:52:40,29.1,51.4,10050,1.249,9659,1.202,10189,1.272,10542,1.319
2026-06-27T10:07:40,29.8,49.7,10007,1.255,9615,1.206,10168,1.273,10549,1.317
2026-06-27T10:22:40,29.6,52.6,10014,1.252,9638,1.202,10197,1.268,10571,1.315
2026-06-27T10:37:41,29.0,52.2,10039,1.256,9627,1.208,10161,1.275,10537,1.319
2026-06-27T10:52:41,27.7,55.8,10093,1.257,9667,1.208,10186,1.278,10541,1.322
2026-06-27T11:07:41,26.7,59.1,10121,1.26,9684,1.209,10208,1.278,10552,1.324
2026-06-27T11:22:42,26.2,61.9,10106,1.261,9698,1.207,10253,1.274,10598,1.319
2026-06-27T11:37:42,25.5,63.5,10120,1.258,9709,1.206,10243,1.276,10583,1.322
2026-06-27T11:52:43,25.4,64.3,10089,1.265,9658,1.213,10208,1.279,10581,1.321
2026-06-27T12:07:43,25.3,66.3,10123,1.263,9689,1.212,10213,1.282,10562,1.325
2026-06-27T12:22:43,25.4,66.1,10085,1.265,9679,1.211,10235,1.277,10605,1.32
2026-06-27T12:37:44,25.6,66.5,10072,1.264,9657,1.211,10211,1.277,10586,1.32
2026-06-27T12:52:44,26.2,65.2,10118,1.258,9688,1.208,10215,1.278,10563,1.325
2026-06-27T13:07:47,28.1,59.8,10064,1.258,9668,1.206,10224,1.272,10598,1.318
2026-06-27T13:22:47,28.1,59.7,10093,1.255,9694,1.205,10227,1.274,10580,1.322
2026-06-27T13:37:47,27.6,59.2,10098,1.256,9688,1.206,10215,1.275,10570,1.323
2026-06-27T13:52:48,27.3,59.5,10052,1.26,9653,1.208,10208,1.273,10593,1.319
2026-06-27T14:07:48,27.5,59.4,10092,1.254,9675,1.205,10202,1.274,10561,1.322
2026-06-27T14:22:48,27.4,64.8,10079,1.258,9682,1.206,10236,1.272,10600,1.319
2026-06-27T14:37:49,26.7,66.2,10097,1.259,9668,1.209,10192,1.279,10557,1.324
2026-06-27T14:52:49,26.1,68.5,10070,1.264,9658,1.21,10214,1.276,10605,1.319
2026-06-27T15:07:50,24.5,83.0,10104,1.267,9668,1.214,10212,1.28,10591,1.323
2026-06-27T15:22:50,23.6,87.4,10180,1.264,9744,1.211,10265,1.28,10604,1.327
2026-06-27T15:37:50,22.3,86.5,10166,1.272,9735,1.215,10291,1.279,10647,1.323
2026-06-27T15:52:51,22.2,86.2,10203,1.271,9733,1.217,10250,1.286,10593,1.33
2026-06-27T16:07:51,22.0,85.6,10201,1.266,9745,1.212,10266,1.281,10606,1.328
2026-06-27T16:22:51,22.3,87.1,10177,1.271,9714,1.217,10230,1.285,10590,1.328
2026-06-27T16:37:52,22.5,86.5,10190,1.265,9736,1.211,10259,1.28,10602,1.327
2026-06-27T16:52:52,22.6,82.6,10144,1.268,9716,1.211,10268,1.276,10633,1.322
2026-06-27T17:07:52,22.7,84.1,10170,1.263,9730,1.209,10255,1.278,10600,1.325
2026-06-27T17:22:53,22.4,84.4,10177,1.264,9728,1.21,10251,1.279,10594,1.326
2026-06-27T17:37:53,22.3,87.1,10178,1.265,9742,1.21,10257,1.28,10598,1.327
2026-06-27T17:52:54,22.4,84.8,10143,1.27,9713,1.212,10269,1.277,10636,1.322
2026-06-27T18:07:54,22.3,76.4,10138,1.27,9710,1.213,10264,1.278,10634,1.322
2026-06-27T18:22:54,22.3,78.3,10139,1.269,9711,1.212,10264,1.277,10634,1.321
2026-06-27T18:37:55,22.4,82.6,10137,1.272,9689,1.216,10239,1.281,10612,1.324
2026-06-27T18:52:55,22.1,83.5,10181,1.267,9720,1.214,10239,1.283,10585,1.329
2026-06-27T19:07:55,21.9,84.8,10191,1.266,9734,1.212,10254,1.282,10598,1.328
2026-06-27T19:22:56,21.9,83.6,10179,1.268,9722,1.214,10239,1.283,10585,1.329
2026-06-27T19:37:56,22.0,80.1,10178,1.268,9718,1.214,10235,1.284,10577,1.328
2026-06-27T19:52:57,21.6,83.4,10136,1.273,9687,1.216,10239,1.281,10610,1.323
2026-06-27T20:07:57,21.7,83.1,10167,1.27,9708,1.216,10226,1.285,10584,1.327
2026-06-27T20:22:57,21.6,84.3,10174,1.268,9749,1.211,10292,1.278,10630,1.325
2026-06-27T20:37:58,21.4,83.4,10168,1.273,9704,1.218,10234,1.285,10599,1.327
2026-06-27T20:52:58,21.4,84.2,10146,1.274,9709,1.217,10262,1.282,10627,1.324
2026-06-27T21:07:58,21.1,84.4,10188,1.267,9758,1.211,10293,1.28,10625,1.326
2026-06-27T21:22:59,21.1,86.8,10244,1.284,9779,1.228,10313,1.294,10660,1.332
2026-06-27T21:37:59,21.1,87.3,10149,1.274,9713,1.217,10268,1.282,10633,1.324
2026-06-27T21:52:59,21.1,89.0,10151,1.272,9724,1.215,10280,1.28,10645,1.323
2026-06-27T22:08:00,21.1,87.7,10158,1.27,9702,1.217,10225,1.284,10594,1.327
2026-06-27T22:23:00,20.7,86.2,10150,1.269,9728,1.212,10289,1.278,10644,1.323
2026-06-27T22:38:01,20.3,90.2,10147,1.271,9723,1.214,10280,1.279,10648,1.323
2026-06-27T22:53:01,20.4,90.7,10135,1.272,9701,1.216,10256,1.281,10631,1.324
2026-06-27T23:08:01,20.9,89.8,10141,1.272,9689,1.217,10234,1.283,10613,1.326
2026-06-27T23:23:02,21.0,90.2,10156,1.267,9736,1.211,10293,1.278,10642,1.325
2026-06-27T23:38:02,21.1,88.9,10125,1.27,9698,1.214,10258,1.28,10633,1.323
2026-06-27T23:53:05,21.3,88.7,10183,1.264,9740,1.211,10264,1.281,10612,1.329
2026-06-28T00:08:05,21.3,88.6,10176,1.264,9729,1.211,10255,1.281,10608,1.329
2026-06-28T00:23:05,21.4,89.0,10124,1.271,9692,1.215,10249,1.28,10631,1.324
2026-06-28T00:38:06,21.4,87.7,10175,1.264,9746,1.21,10278,1.28,10627,1.328
2026-06-28T00:53:06,21.2,89.2,10166,1.267,9746,1.211,10297,1.278,10646,1.326
2026-06-28T01:08:06,21.2,88.8,10169,1.27,9703,1.218,10235,1.286,10615,1.329
2026-06-28T01:23:07,21.4,90.3,10141,1.273,9698,1.217,10254,1.283,10638,1.326
2026-06-28T01:38:07,21.4,90.8,10134,1.271,9709,1.215,10269,1.28,10650,1.324
2026-06-28T01:53:08,21.4,89.2,10187,1.265,9754,1.211,10283,1.281,10631,1.329
2026-06-28T02:08:08,21.4,90.1,10140,1.273,9711,1.217,10269,1.282,10651,1.326
2026-06-28T02:23:08,21.2,89.2,10149,1.274,9704,1.218,10256,1.284,10639,1.326
2026-06-28T02:38:09,21.2,89.1,10198,1.266,9752,1.213,10277,1.283,10629,1.331
2026-06-28T02:53:09,21.0,90.6,10146,1.274,9712,1.218,10271,1.283,10653,1.327
2026-06-28T03:08:09,20.8,90.3,10161,1.276,9727,1.219,10285,1.284,10661,1.328
2026-06-28T03:23:10,20.7,90.3,10205,1.268,9771,1.213,10304,1.282,10649,1.33
2026-06-28T03:38:10,20.7,91.6,10186,1.272,9758,1.215,10321,1.281,10678,1.328
2026-06-28T03:53:11,20.7,91.8,10211,1.269,9753,1.216,10276,1.286,10628,1.333
2026-06-28T04:08:11,20.7,91.1,10210,1.269,9756,1.216,10282,1.286,10632,1.334
2026-06-28T04:23:11,20.7,91.3,10207,1.267,9761,1.214,10289,1.284,10641,1.332
2026-06-28T04:38:12,20.9,90.2,10174,1.273,9717,1.22,10248,1.287,10633,1.331
2026-06-28T04:53:12,20.9,90.2,10179,1.27,9756,1.214,10315,1.28,10672,1.328
2026-06-28T05:08:12,20.9,90.2,10174,1.272,9751,1.216,10312,1.281,10679,1.329
2026-06-28T05:23:13,20.7,90.0,10208,1.27,9751,1.217,10274,1.288,10629,1.335
2026-06-28T05:38:13,20.8,90.3,10202,1.27,9745,1.217,10270,1.288,10627,1.334
2026-06-28T05:53:13,20.7,89.0,10205,1.272,9780,1.215,10334,1.282,10682,1.33
2026-06-28T06:08:14,20.8,90.3,10176,1.276,9722,1.222,10275,1.288,10661,1.332
2026-06-28T06:23:14,20.9,89.7,10187,1.274,9761,1.217,10324,1.282,10701,1.33
2026-06-28T06:38:15,21.0,89.9,10205,1.267,9765,1.213,10293,1.283,10658,1.333
2026-06-28T06:53:15,21.7,87.4,10138,1.273,9700,1.217,10258,1.283,10658,1.329
2026-06-28T07:08:15,22.3,87.3,10136,1.269,9688,1.216,10222,1.283,10630,1.33
2026-06-28T07:23:16,22.5,82.6,10114,1.27,9693,1.214,10255,1.279,10662,1.327
2026-06-28T07:38:16,22.7,83.1,10124,1.267,9704,1.212,10266,1.277,10670,1.326
2026-06-28T07:53:16,22.8,84.0,10152,1.261,9727,1.209,10247,1.279,10631,1.331
2026-06-28T08:08:17,23.0,81.6,10108,1.268,9688,1.212,10248,1.278,10658,1.326
2026-06-28T08:23:17,23.5,79.6,10089,1.266,9670,1.211,10229,1.277,10647,1.326
2026-06-28T08:38:17,24.2,77.5,10116,1.26,9709,1.207,10256,1.275,10644,1.327
2026-06-28T08:53:18,25.3,73.2,10115,1.258,9708,1.206,10247,1.276,10637,1.328
2026-06-28T09:08:18,25.8,71.5,10082,1.264,9652,1.212,10198,1.278,10623,1.328
2026-06-28T09:23:19,26.1,71.3,10123,1.258,9700,1.206,10229,1.276,10623,1.329
2026-06-28T09:38:19,25.7,72.1,10084,1.264,9678,1.21,10237,1.276,10656,1.325
2026-06-28T09:53:19,26.0,67.1,10095,1.256,9673,1.208,10204,1.278,10601,1.33
2026-06-28T10:08:20,27.2,63.2,10047,1.258,9666,1.207,10224,1.272,10645,1.324
2026-06-28T10:23:20,28.5,56.8,10035,1.258,9629,1.208,10179,1.275,10609,1.325
2026-06-28T10:38:20,28.5,54.2,10029,1.256,9623,1.208,10169,1.275,10598,1.325
2026-06-28T10:53:21,29.2,53.6,10055,1.251,9664,1.202,10208,1.272,10608,1.325
2026-06-28T11:08:21,30.2,52.3,10063,1.252,9667,1.202,10208,1.272,10609,1.326
2026-06-28T11:23:22,29.9,55.3,10016,1.252,9603,1.204,10148,1.273,10565,1.323
2026-06-28T11:38:22,31.4,47.0,9989,1.253,9587,1.202,10155,1.27,10568,1.319
2026-06-28T11:53:22,31.6,50.4,9995,1.253,9601,1.201,10165,1.268,10584,1.318
2026-06-28T12:08:23,29.9,52.0,10050,1.252,9629,1.202,10165,1.272,10556,1.324
2026-06-28T12:23:23,30.1,54.1,10005,1.254,9598,1.201,10184,1.271,10586,1.319
2026-06-28T12:38:23,31.9,47.9,10010,1.25,9598,1.196,10197,1.268,10572,1.316
2026-06-28T12:53:24,32.2,48.7,10030,1.248,9600,1.197,10144,1.268,10533,1.319
2026-06-28T13:08:26,29.9,53.9,10039,1.249,9636,1.198,10187,1.269,10573,1.319
2026-06-28T13:23:27,30.0,54.0,10049,1.25,9647,1.201,10196,1.273,10549,1.32
2026-06-28T13:38:27,31.8,47.8,10018,1.255,9615,1.206,10178,1.276,10555,1.32
2026-06-28T13:53:27,31.8,47.5,10012,1.256,9626,1.205,10198,1.274,10571,1.318
2026-06-28T14:08:28,32.6,47.5,9994,1.245,9614,1.195,10160,1.264,10520,1.312
2026-06-28T14:23:28,30.8,49.8,9981,1.245,9611,1.196,10175,1.265,10526,1.311
2026-06-28T14:38:29,33.5,42.9,9948,1.246,9580,1.197,10147,1.265,10511,1.308
2026-06-28T14:53:29,31.9,45.1,9959,1.246,9578,1.195,10127,1.261,10509,1.307
2026-06-28T15:08:29,29.1,51.2,9971,1.248,9583,1.197,10131,1.262,10508,1.307
2026-06-28T15:23:30,28.0,53.8,10015,1.248,9630,1.197,10126,1.261,10481,1.309
2026-06-28T15:38:30,28.5,52.4,10004,1.247,9612,1.195,10137,1.26,10502,1.308
2026-06-28T15:53:30,27.8,54.3,9985,1.252,9591,1.2,10127,1.263,10511,1.309
2026-06-28T16:08:31,27.5,54.9,10015,1.249,9622,1.197,10155,1.262,10518,1.31
2026-06-28T16:23:31,27.0,57.2,10036,1.247,9628,1.198,10140,1.265,10497,1.313
2026-06-28T16:38:31,27.2,57.3,10001,1.254,9586,1.203,10119,1.267,10507,1.312
2026-06-28T16:53:34,26.6,58.4,10012,1.251,9616,1.198,10159,1.263,10556,1.313
2026-06-28T17:08:34,26.6,59.1,10015,1.252,9585,1.202,10126,1.271,10518,1.317
2026-06-28T17:23:35,27.6,57.2,9985,1.253,9557,1.197,10128,1.265,10531,1.313
2026-06-28T17:38:35,28.6,52.6,9988,1.249,9559,1.192,10143,1.262,10521,1.308
2026-06-28T17:53:36,29.1,51.2,9995,1.25,9547,1.198,10088,1.266,10471,1.311
2026-06-28T18:08:36,29.1,50.6,9992,1.252,9578,1.198,10131,1.263,10521,1.309
2026-06-28T18:23:36,26.3,58.0,10008,1.255,9596,1.2,10149,1.266,10537,1.311
2026-06-28T18:38:37,25.6,60.3,10050,1.25,9615,1.199,10137,1.268,10500,1.317
2026-06-28T18:53:37,25.3,61.8,10005,1.254,9599,1.2,10153,1.265,10548,1.312
2026-06-28T19:08:37,25.3,62.0,10030,1.253,9629,1.2,10182,1.265,10563,1.314
2026-06-28T19:23:38,24.8,64.0,10084,1.252,9662,1.202,10182,1.271,10551,1.321
2026-06-28T19:38:38,24.3,65.9,10055,1.259,9630,1.209,10160,1.275,10557,1.321
2026-06-28T19:53:38,23.8,70.4,10045,1.26,9643,1.207,10199,1.272,10591,1.319
2026-06-28T20:08:39,23.3,72.8,10107,1.259,9675,1.209,10197,1.278,10566,1.326
2026-06-28T20:23:39,23.0,74.5,10122,1.258,9717,1.207,10242,1.276,10612,1.326
2026-06-28T20:38:40,22.5,76.6,10111,1.263,9683,1.214,10201,1.281,10594,1.328
2026-06-28T20:53:40,22.2,77.7,10097,1.26,9490,1.189,10075,1.266,10586,1.328
2026-06-28T21:08:40,21.6,83.2,10059,1.26,9504,1.187,10136,1.262,10648,1.323
2026-06-28T21:23:41,21.5,81.9,10109,1.268,9471,1.19,10083,1.264,10629,1.325
2026-06-28T21:38:41,21.5,81.7,10176,1.263,9548,1.187,10141,1.264,10639,1.331
2026-06-28T21:53:41,21.4,81.5,10125,1.271,9514,1.192,10135,1.265,10656,1.327
2026-06-28T22:08:42,21.4,83.9,10130,1.268,9495,1.193,10096,1.268,10621,1.329
2026-06-28T22:23:42,21.3,83.8,10133,1.27,9501,1.194,10107,1.269,10626,1.329
2026-06-28T22:38:43,21.2,85.4,10153,1.261,9534,1.185,10136,1.264,10618,1.329
2026-06-28T22:53:43,20.9,84.5,10137,1.266,9500,1.191,10097,1.269,10599,1.329
2026-06-28T23:08:43,20.9,85.9,10134,1.265,9528,1.186,10161,1.261,10657,1.326
2026-06-28T23:23:44,20.9,86.3,10126,1.267,9520,1.188,10151,1.263,10660,1.325
2026-06-28T23:38:44,20.7,87.3,10128,1.271,9493,1.192,10117,1.268,10633,1.327
2026-06-28T23:53:47,20.7,88.3,10189,1.266,9546,1.19,10151,1.269,10624,1.333
2026-06-29T00:08:47,20.6,88.5,10183,1.266,9566,1.187,10184,1.266,10651,1.33
2026-06-29T00:23:47,20.7,88.2,10177,1.268,9563,1.188,10194,1.265,10667,1.329
2026-06-29T00:38:48,20.5,88.5,10200,1.272,9552,1.195,10157,1.274,10631,1.334
2026-06-29T00:53:48,20.4,88.6,10187,1.271,9572,1.19,10209,1.267,10681,1.33
2026-06-29T01:08:48,20.1,90.1,10221,1.27,9592,1.191,10207,1.27,10664,1.333
2026-06-29T01:23:49,20.1,90.1,10204,1.273,9582,1.192,10223,1.268,10694,1.331
2026-06-29T01:38:49,19.9,90.6,10185,1.276,9560,1.195,10196,1.271,10695,1.329
2026-06-29T01:53:50,19.9,90.3,10230,1.273,9602,1.192,10230,1.27,10684,1.333
2026-06-29T02:08:50,19.8,90.5,10239,1.277,9580,1.198,10184,1.278,10647,1.337
2026-06-29T02:23:50,19.8,89.9,10233,1.278,9584,1.201,10173,1.278,10649,1.335
2026-06-29T02:38:51,19.6,90.5,10230,1.281,9586,1.204,10181,1.279,10669,1.335
2026-06-29T02:53:51,19.6,89.6,10264,1.28,9623,1.203,10204,1.281,10657,1.338
2026-06-29T03:08:51,19.5,90.6,10242,1.277,9630,1.198,10245,1.271,10703,1.332
2026-06-29T03:23:52,19.5,90.1,10277,1.278,9639,1.201,10213,1.278,10662,1.338
2026-06-29T03:38:52,19.3,91.2,10280,1.276,9649,1.198,10229,1.275,10676,1.337
2026-06-29T03:53:52,19.3,90.7,10264,1.28,9620,1.204,10195,1.28,10656,1.338
2026-06-29T04:08:55,19.2,90.1,10252,1.28,9634,1.199,10248,1.272,10710,1.332
2026-06-29T04:23:55,19.2,90.2,10283,1.279,9635,1.201,10212,1.278,10661,1.338
2026-06-29T04:38:56,19.2,90.4,10259,1.281,9635,1.2,10248,1.272,10714,1.332
2026-06-29T04:53:56,19.2,90.4,10288,1.279,9664,1.199,10242,1.276,10685,1.337
2026-06-29T05:08:57,18.9,90.5,10304,1.28,9654,1.201,10233,1.278,10675,1.338
2026-06-29T05:23:57,18.9,91.4,10308,1.28,9668,1.2,10246,1.276,10684,1.337
2026-06-29T05:38:57,18.8,90.6,10348,1.285,9701,1.207,10272,1.284,10695,1.342
2026-06-29T05:53:58,18.8,91.8,10272,1.284,9622,1.206,10187,1.281,10664,1.337
2026-06-29T06:08:58,19.1,91.5,10284,1.28,9631,1.201,10204,1.277,10658,1.338
2026-06-29T06:23:58,19.2,92.0,10238,1.282,9605,1.2,10219,1.272,10718,1.331
2026-06-29T06:38:59,19.6,91.3,10259,1.278,9631,1.196,10237,1.27,10702,1.334
2026-06-29T06:53:59,20.2,90.8,10251,1.28,9598,1.201,10167,1.277,10653,1.337
2026-06-29T07:09:00,20.8,88.8,10221,1.277,9567,1.199,10139,1.274,10640,1.334
2026-06-29T07:24:00,21.7,86.6,10222,1.274,9568,1.195,10144,1.272,10639,1.335
2026-06-29T07:39:00,22.3,83.6,10152,1.274,9530,1.191,10144,1.264,10689,1.329
2026-06-29T07:54:01,24.0,74.3,10144,1.267,9497,1.189,10085,1.266,10625,1.332
2026-06-29T08:09:01,26.0,65.8,10164,1.263,9545,1.187,10141,1.265,10654,1.334
2026-06-29T08:24:01,27.2,62.9,10151,1.266,9541,1.188,10163,1.262,10684,1.331
2026-06-29T08:39:02,27.7,59.3,10128,1.27,9512,1.194,10115,1.268,10662,1.332
2026-06-29T08:54:02,29.1,54.5,10137,1.27,9507,1.193,10112,1.268,10659,1.331
2026-06-29T09:09:02,29.6,53.3,10122,1.263,9518,1.185,10147,1.261,10668,1.329
2026-06-29T09:24:03,31.0,50.7,10030,1.251,9497,1.182,10141,1.26,10656,1.328
2026-06-29T09:39:03,31.9,50.1,9946,1.246,9457,1.184,10102,1.261,10643,1.326
2026-06-29T09:54:04,33.0,45.9,9917,1.243,9436,1.181,10081,1.259,10624,1.323
2026-06-29T10:09:04,33.0,43.9,9898,1.234,9429,1.178,10048,1.258,10569,1.324
2026-06-29T10:24:07,35.8,39.8,10008,1.252,9401,1.179,10030,1.257,10574,1.322
2026-06-29T10:39:07,35.8,39.9,9955,1.247,9379,1.175,10007,1.252,10549,1.317
2026-06-29T10:54:07,35.9,39.6,9805,1.226,9313,1.167,9920,1.244,10446,1.306
2026-06-29T11:09:08,33.1,44.8,9778,1.224,9307,1.163,9951,1.241,10465,1.303
2026-06-29T11:24:08,36.8,38.5,9908,1.238,9307,1.165,9921,1.244,10431,1.306
2026-06-29T11:39:08,37.9,35.3,10003,1.25,9354,1.172,9954,1.248,10475,1.309
2026-06-29T11:54:09,34.6,41.7,9996,1.252,9341,1.171,9980,1.25,10479,1.308
2026-06-29T12:09:09,37.3,37.1,10018,1.253,9355,1.172,9991,1.253,10477,1.31
2026-06-29T12:24:09,36.6,38.2,10055,1.252,9397,1.172,10004,1.251,10482,1.313
2026-06-29T12:39:10,32.6,43.7,10076,1.253,9422,1.172,10036,1.25,10492,1.312
2026-06-29T12:54:10,33.2,47.8,10063,1.259,9393,1.178,10026,1.258,10495,1.313
2026-06-29T13:09:11,33.6,46.2,10067,1.26,9423,1.177,10063,1.254,10532,1.311
2026-06-29T13:24:11,33.1,45.0,10097,1.261,9433,1.18,10050,1.26,10501,1.315
2026-06-29T13:39:11,35.9,42.3,10096,1.264,9445,1.18,10084,1.257,10541,1.312
2026-06-29T13:54:12,35.7,40.7,10141,1.262,9472,1.181,10087,1.261,10512,1.317
2026-06-29T14:09:12,35.4,41.6,10111,1.264,9469,1.181,10103,1.257,10548,1.313
2026-06-29T14:24:12,35.1,41.1,10098,1.266,9454,1.183,10096,1.259,10546,1.313
2026-06-29T14:39:13,35.5,38.8,10108,1.267,9447,1.184,10082,1.261,10533,1.314
2026-06-29T14:54:13,35.9,41.8,10144,1.266,9467,1.185,10079,1.264,10512,1.317
2026-06-29T15:09:14,36.0,39.9,10126,1.269,9470,1.184,10058,1.255,10545,1.313
2026-06-29T15:24:14,34.7,41.6,10156,1.268,9488,1.188,10024,1.257,10498,1.315
2026-06-29T15:39:14,31.9,46.9,10141,1.263,9480,1.184,10039,1.257,10491,1.315
2026-06-29T15:54:15,30.1,51.7,10201,1.274,9472,1.18,10063,1.251,10524,1.311
2026-06-29T16:09:15,30.4,51.1,10235,1.282,9430,1.184,10012,1.255,10490,1.311
2026-06-29T16:24:15,30.2,51.3,10292,1.281,9478,1.178,10053,1.252,10501,1.311
2026-06-29T16:39:16,29.9,51.6,10308,1.283,9473,1.177,10053,1.252,10507,1.312
2026-06-29T16:54:16,30.0,52.3,10325,1.285,9470,1.177,10059,1.252,10521,1.314
2026-06-29T17:09:16,29.3,53.5,10333,1.289,9430,1.181,10050,1.261,10506,1.317
2026-06-29T17:24:17,31.3,48.8,10333,1.286,9439,1.173,10072,1.253,10521,1.313
2026-06-29T17:39:17,31.4,48.2,10342,1.287,9440,1.173,10076,1.254,10503,1.312
2026-06-29T17:54:18,31.1,47.1,10354,1.288,9449,1.175,10059,1.253,10496,1.312
2026-06-29T18:09:18,31.1,49.5,10326,1.294,9423,1.182,10034,1.257,10510,1.312
2026-06-29T18:24:18,28.5,53.7,10115,1.258,9268,1.155,10037,1.254,10019,1.257
2026-06-29T18:39:19,26.1,66.9,10128,1.27,9321,1.171,10110,1.269,10087,1.259
2026-06-29T18:54:19,25.3,70.0,10137,1.27,9361,1.171,10164,1.268,10140,1.26
2026-06-29T19:09:19,25.7,68.3,10170,1.268,9378,1.171,10163,1.272,10099,1.268
2026-06-29T19:24:20,25.7,63.0,10196,1.276,9433,1.178,10231,1.274,10209,1.269
2026-06-29T19:39:20,25.4,63.4,10206,1.273,9450,1.176,10236,1.27,10208,1.271
2026-06-29T19:54:20,25.4,65.2,10212,1.274,9458,1.177,10233,1.27,10224,1.272
2026-06-29T20:09:21,25.1,66.6,10209,1.276,9456,1.18,10224,1.272,10242,1.273
2026-06-29T20:24:21,24.7,67.9,10241,1.281,9461,1.187,10200,1.282,10213,1.28
2026-06-29T20:39:22,24.2,70.8,10194,1.279,9405,1.181,10171,1.276,10214,1.275
2026-06-29T20:54:22,23.9,71.5,10206,1.277,9412,1.181,10160,1.277,10200,1.277
2026-06-29T21:09:22,23.7,70.5,10242,1.272,9452,1.176,10194,1.274,10202,1.28
2026-06-29T21:24:23,23.6,68.1,10206,1.276,9435,1.178,10209,1.271,10258,1.274
2026-06-29T21:39:23,23.4,66.6,10193,1.278,9424,1.18,10195,1.274,10254,1.275
2026-06-29T21:54:23,23.2,65.7,10223,1.276,9452,1.177,10236,1.272,10271,1.277
2026-06-29T22:09:24,23.1,68.4,10208,1.278,9438,1.179,10212,1.273,10280,1.277
2026-06-29T22:24:24,23.1,68.1,10227,1.28,9460,1.181,10236,1.275,10297,1.279
2026-06-29T22:39:25,22.9,69.8,10221,1.282,9432,1.185,10194,1.28,10275,1.283
2026-06-29T22:54:25,22.7,71.3,10252,1.28,9466,1.185,10211,1.282,10262,1.288
2026-06-29T23:09:25,22.5,71.9,10246,1.283,9457,1.187,10204,1.283,10284,1.287
2026-06-29T23:24:26,22.2,75.3,10264,1.279,9507,1.182,10282,1.276,10328,1.287
2026-06-29T23:39:26,22.1,75.2,10276,1.281,9519,1.183,10298,1.278,10344,1.288
2026-06-29T23:54:26,21.8,78.9,10291,1.284,9504,1.192,10247,1.288,10320,1.293
2026-06-30T00:09:27,21.8,78.3,10254,1.283,9503,1.187,10272,1.28,10364,1.288
2026-06-30T00:24:27,21.6,80.0,10249,1.284,9495,1.188,10268,1.281,10364,1.288
2026-06-30T00:39:27,21.5,81.0,10264,1.284,9506,1.187,10285,1.281,10372,1.288
2026-06-30T00:54:28,21.3,83.4,10245,1.286,9480,1.189,10257,1.284,10356,1.289
2026-06-30T01:09:28,21.2,82.2,10253,1.284,9496,1.187,10281,1.282,10372,1.289
2026-06-30T01:24:29,21.0,83.7,10309,1.28,9538,1.185,10312,1.283,10348,1.295
2026-06-30T01:39:29,21.0,84.5,10293,1.286,9500,1.191,10274,1.291,10338,1.296
2026-06-30T01:54:29,21.1,81.5,10283,1.286,9488,1.19,10266,1.29,10342,1.296
2026-06-30T02:09:30,21.1,80.5,10282,1.285,9513,1.186,10319,1.283,10392,1.291
2026-06-30T02:24:30,20.9,82.6,10307,1.286,9513,1.19,10292,1.291,10345,1.298
2026-06-30T02:39:30,20.9,82.4,10267,1.289,9486,1.19,10284,1.288,10384,1.294
2026-06-30T02:54:31,20.6,81.9,10294,1.289,9496,1.193,10275,1.292,10368,1.297
2026-06-30T03:09:31,20.5,83.4,10324,1.285,9556,1.186,10353,1.285,10400,1.297
2026-06-30T03:24:32,20.4,82.3,10316,1.285,9547,1.186,10349,1.284,10406,1.297
2026-06-30T03:39:32,20.5,81.3,10321,1.285,9552,1.186,10350,1.284,10407,1.298
2026-06-30T03:54:32,21.0,78.5,10312,1.288,9516,1.192,10287,1.292,10378,1.3
2026-06-30T04:09:33,21.0,81.2,10298,1.287,9499,1.191,10261,1.289,10367,1.299
2026-06-30T04:24:33,20.7,80.4,10275,1.29,9497,1.191,10284,1.288,10404,1.296
2026-06-30T04:39:33,20.6,84.5,10341,1.285,9546,1.189,10315,1.288,10384,1.303
2026-06-30T04:54:34,20.5,82.3,10343,1.289,9570,1.189,10361,1.285,10433,1.3
2026-06-30T05:09:34,20.7,79.6,10313,1.288,9510,1.191,10274,1.29,10374,1.302
2026-06-30T05:24:34,20.7,80.9,10339,1.286,9538,1.189,10306,1.288,10384,1.303
2026-06-30T05:39:35,20.7,80.4,10292,1.292,9502,1.193,10281,1.289,10418,1.299
2026-06-30T05:54:35,20.6,84.5,10296,1.292,9503,1.194,10276,1.289,10419,1.3
2026-06-30T06:09:36,20.6,83.5,10287,1.291,9505,1.192,10280,1.287,10427,1.298
2026-06-30T06:24:36,20.8,82.7,10318,1.286,9545,1.187,10314,1.28,10438,1.3
2026-06-30T06:39:36,21.1,82.7,10300,1.288,9529,1.189,10286,1.28,10454,1.299
2026-06-30T06:54:37,21.5,80.9,10267,1.288,9493,1.189,10240,1.28,10431,1.297
2026-06-30T07:09:37,22.3,76.3,10314,1.281,9525,1.184,10248,1.276,10399,1.302
2026-06-30T07:24:37,22.9,75.8,10297,1.285,9525,1.186,10263,1.274,10452,1.301
2026-06-30T07:39:38,23.5,73.5,10272,1.287,9498,1.188,10224,1.276,10458,1.3
2026-06-30T07:54:38,24.9,70.3,10266,1.278,9502,1.18,10211,1.268,10422,1.301
2026-06-30T08:09:39,26.7,62.8,10240,1.277,9479,1.185,10157,1.272,10390,1.303
2026-06-30T08:24:39,28.3,59.8,10205,1.279,9464,1.185,10147,1.268,10425,1.298
2026-06-30T08:39:39,28.9,57.0,10210,1.277,9481,1.184,10160,1.265,10433,1.298
2026-06-30T08:54:40,29.7,56.5,10233,1.276,9504,1.182,10187,1.265,10432,1.3
2026-06-30T09:09:40,30.3,52.4,10215,1.278,9476,1.184,10152,1.266,10433,1.298
2026-06-30T09:24:40,31.6,51.0,10221,1.275,9478,1.18,10157,1.262,10417,1.298
2026-06-30T09:39:41,31.9,51.5,10203,1.276,9458,1.181,10139,1.263,10422,1.297
2026-06-30T09:54:41,33.1,51.4,10215,1.276,9423,1.179,10090,1.265,10361,1.298
2026-06-30T10:09:41,33.6,49.6,10226,1.274,9443,1.174,10126,1.258,10386,1.296
2026-06-30T10:24:42,34.4,43.6,10214,1.276,9396,1.177,10052,1.261,10350,1.296
2026-06-30T10:39:42,35.2,44.3,10199,1.271,9398,1.173,10050,1.256,10332,1.295
2026-06-30T10:54:43,35.0,43.5,10180,1.27,9401,1.17,10075,1.253,10355,1.292
2026-06-30T11:09:43,35.6,41.0,10166,1.272,9372,1.175,10037,1.259,10340,1.292
2026-06-30T11:24:43,35.6,41.8,10179,1.273,9405,1.174,10100,1.257,10373,1.292
2026-06-30T11:39:44,35.3,41.8,10177,1.274,9399,1.175,10095,1.26,10376,1.292
2026-06-30T11:54:44,36.7,41.0,10232,1.276,9423,1.177,10119,1.265,10350,1.297
2026-06-30T12:09:44,35.0,42.1,10219,1.277,9424,1.176,10152,1.264,10394,1.294
2026-06-30T12:24:45,36.8,43.6,10213,1.28,9406,1.179,10123,1.268,10382,1.295
2026-06-30T12:39:45,36.1,40.7,10249,1.28,9444,1.182,10135,1.271,10372,1.299
2026-06-30T12:54:45,35.3,42.9,10276,1.278,9498,1.181,10189,1.268,10398,1.3
2026-06-30T13:09:48,33.7,46.0,10281,1.28,9510,1.182,10194,1.268,10409,1.3
2026-06-30T13:24:48,33.7,46.0,10275,1.286,9480,1.189,10144,1.273,10396,1.3
2026-06-30T13:39:49,34.0,44.6,10297,1.286,9503,1.189,10157,1.274,10390,1.302
2026-06-30T13:54:49,33.9,45.4,10289,1.284,9518,1.185,10191,1.267,10426,1.299
2026-06-30T14:09:50,34.2,42.9,10317,1.284,9527,1.186,10173,1.268,10400,1.302
2026-06-30T14:24:52,31.0,51.1,10287,1.29,9485,1.189,10139,1.269,10409,1.298
2026-06-30T14:39:53,31.0,51.1,10314,1.289,9500,1.19,10132,1.272,10387,1.301
2026-06-30T14:54:53,30.0,54.3,10340,1.286,9525,1.187,10160,1.268,10391,1.302
2026-06-30T15:09:53,29.5,55.0,10344,1.289,9521,1.19,10147,1.271,10391,1.303
2026-06-30T15:24:54,29.6,54.5,10320,1.293,9518,1.191,10152,1.267,10430,1.298
2026-06-30T15:39:54,29.2,54.5,10320,1.294,9498,1.192,10132,1.27,10411,1.3
2026-06-30T15:54:54,29.1,52.7,10296,1.291,9493,1.188,10134,1.266,10419,1.297
2026-06-30T16:09:55,30.1,49.7,10308,1.293,9497,1.191,10137,1.268,10426,1.3
2026-06-30T16:24:55,29.3,50.2,10308,1.293,9499,1.19,10138,1.268,10429,1.3
2026-06-30T16:39:56,29.0,48.8,10340,1.29,9513,1.19,10130,1.27,10400,1.304
2026-06-30T16:54:56,28.4,49.9,10345,1.286,9540,1.185,10168,1.266,10442,1.305
2026-06-30T17:09:56,28.1,51.5,10336,1.289,9508,1.188,10154,1.272,10424,1.308
2026-06-30T17:24:57,29.3,49.0,10329,1.29,9482,1.187,10122,1.27,10417,1.305
2026-06-30T17:39:57,29.2,48.1,10348,1.287,9514,1.183,10163,1.265,10428,1.303
2026-06-30T17:54:57,29.5,47.3,10354,1.287,9513,1.185,10139,1.265,10412,1.304
2026-06-30T18:09:58,28.7,49.6,10325,1.292,9519,1.188,10159,1.265,10466,1.301
2026-06-30T18:24:58,27.4,53.9,10374,1.29,9543,1.19,10160,1.269,10436,1.308
2026-06-30T18:40:01,26.4,54.3,10371,1.295,9533,1.194,10142,1.273,10438,1.309
2026-06-30T18:55:01,26.4,54.3,10371,1.296,9568,1.192,10200,1.268,10498,1.306
2026-06-30T19:10:01,25.9,54.4,10365,1.298,9527,1.197,10147,1.274,10468,1.309
2026-06-30T19:25:02,25.8,54.7,10360,1.3,9532,1.197,10158,1.273,10483,1.309
2026-06-30T19:40:02,25.7,55.4,10362,1.296,9536,1.197,10142,1.274,10462,1.31
2026-06-30T19:55:03,25.8,54.9,10383,1.293,9558,1.194,10159,1.272,10457,1.312
2026-06-30T20:10:03,25.6,56.1,10365,1.296,9543,1.197,10140,1.274,10473,1.31
2026-06-30T20:25:03,25.3,59.3,10390,1.292,9578,1.194,10176,1.271,10481,1.314
2026-06-30T20:40:04,24.9,61.8,10345,1.296,9548,1.199,10154,1.274,10499,1.312
2026-06-30T20:55:04,24.7,64.5,10371,1.29,9614,1.194,10210,1.271,10519,1.314
2026-06-30T21:10:04,24.4,67.2,10373,1.289,9604,1.195,10196,1.272,10510,1.316
2026-06-30T21:25:05,24.4,68.0,10370,1.29,9619,1.194,10218,1.271,10540,1.315
2026-06-30T21:40:05,24.4,67.4,10394,1.3,9644,1.203,10258,1.276,10598,1.317
2026-06-30T21:55:06,24.4,67.4,10439,1.301,9658,1.208,10242,1.284,10561,1.326
2026-06-30T22:10:06,24.5,67.0,10389,1.302,9613,1.208,10210,1.281,10569,1.321
2026-06-30T22:25:09,24.5,66.6,10345,1.297,9573,1.202,10173,1.275,10549,1.318
2026-06-30T22:40:11,24.4,67.1,10349,1.294,9576,1.201,10158,1.276,10533,1.319
2026-06-30T22:55:12,24.4,67.1,10343,1.296,9571,1.202,10171,1.274,10559,1.318
2026-06-30T23:10:12,24.3,66.8,10342,1.292,9599,1.197,10209,1.269,10586,1.316
2026-06-30T23:25:14,24.2,64.9,10323,1.294,9578,1.199,10182,1.271,10579,1.316
2026-06-30T23:40:15,24.2,64.9,10365,1.291,9626,1.195,10214,1.27,10581,1.32
2026-06-30T23:55:17,24.2,62.1,10345,1.294,9603,1.198,10203,1.27,10601,1.317
2026-07-01T00:10:18,24.2,62.1,10337,1.294,9599,1.198,10199,1.269,10605,1.318
2026-07-01T00:25:18,24.2,61.0,10348,1.295,9580,1.203,10158,1.275,10569,1.323
2026-07-01T00:40:19,24.0,59.0,10355,1.295,9588,1.203,10160,1.276,10570,1.324
2026-07-01T00:55:19,23.9,59.3,10352,1.294,9613,1.198,10211,1.269,10619,1.32
2026-07-01T01:10:19,24.0,59.6,10370,1.291,9633,1.196,10215,1.27,10607,1.323
2026-07-01T01:25:20,24.2,59.1,10405,1.293,9642,1.2,10207,1.274,10596,1.327
2026-07-01T01:40:20,24.0,60.7,10386,1.293,9647,1.198,10215,1.272,10608,1.326
2026-07-01T01:55:20,23.9,61.3,10402,1.292,9649,1.2,10216,1.274,10611,1.327
2026-07-01T02:10:21,23.8,62.0,10355,1.297,9615,1.202,10210,1.272,10639,1.323
2026-07-01T02:25:21,23.7,63.3,10379,1.297,9610,1.205,10172,1.278,10598,1.328
2026-07-01T02:40:22,23.8,63.4,10371,1.297,9604,1.205,10169,1.277,10603,1.328
2026-07-01T02:55:22,23.8,64.9,10364,1.296,9629,1.201,10218,1.271,10656,1.325
2026-07-01T03:10:22,23.6,64.8,10415,1.293,9659,1.201,10219,1.274,10631,1.33
2026-07-01T03:25:23,23.5,65.2,10385,1.298,9648,1.203,10234,1.272,10670,1.327
2026-07-01T03:40:23,23.4,66.0,10419,1.297,9651,1.206,10209,1.279,10624,1.334
2026-07-01T03:55:23,23.4,66.3,10415,1.295,9675,1.201,10237,1.274,10656,1.331
2026-07-01T04:10:24,23.5,66.9,10402,1.301,9634,1.209,10193,1.28,10638,1.333
2026-07-01T04:25:24,23.5,68.7,10420,1.297,9657,1.205,10211,1.278,10635,1.334
2026-07-01T04:40:24,23.5,71.6,10397,1.298,9662,1.203,10250,1.273,10687,1.329
2026-07-01T04:55:25,22.2,79.9,10982,1.369,10673,1.336,10979,1.378,11454,1.438
2026-07-01T05:10:25,21.6,88.2,10567,1.327,10361,1.301,10992,1.378,10669,1.329
2026-07-01T05:25:26,19.8,96.8,10604,1.33,10430,1.306,11018,1.376,10776,1.339
2026-07-01T05:40:28,19.9,97.8,10663,1.334,10460,1.313,11006,1.384,10787,1.348
2026-07-01T05:55:29,19.9,97.8,10650,1.335,10470,1.316,10996,1.383,10799,1.35
2026-07-01T06:10:29,19.9,98.0,10694,1.331,10518,1.312,11021,1.379,10788,1.355
2026-07-01T06:25:29,19.9,98.0,10674,1.338,10496,1.319,10988,1.381,10840,1.355
2026-07-01T06:40:30,19.9,98.4,10660,1.335,10510,1.313,11011,1.371,10880,1.351
2026-07-01T06:55:32,20.0,98.5,10650,1.338,10488,1.315,10966,1.372,10868,1.352
2026-07-01T07:10:33,20.0,98.6,10702,1.329,10526,1.309,10964,1.368,10826,1.358
2026-07-01T07:25:33,20.4,98.6,10675,1.333,10487,1.313,10909,1.37,10814,1.357
2026-07-01T07:40:33,20.6,98.3,10625,1.334,10446,1.312,10879,1.364,10847,1.352
2026-07-01T07:55:36,23.7,83.1,10622,1.325,10430,1.305,10826,1.358,10775,1.352
2026-07-01T08:10:36,23.7,83.1,10622,1.32,10443,1.301,10830,1.352,10777,1.352
2026-07-01T08:25:37,24.8,74.6,10612,1.318,10441,1.3,10807,1.35,10765,1.351
2026-07-01T08:40:37,25.8,69.3,10543,1.317,10394,1.295,10792,1.341,10786,1.342
2026-07-01T08:55:37,27.3,64.4,10550,1.313,10379,1.295,10744,1.343,10728,1.346
2026-07-01T09:10:38,28.1,63.3,10545,1.312,10391,1.291,10756,1.337,10749,1.343
2026-07-01T09:25:38,28.8,60.2,10509,1.318,10326,1.296,10688,1.34,10741,1.341
2026-07-01T09:40:39,30.0,57.9,10482,1.314,10318,1.291,10679,1.333,10740,1.336
2026-07-01T09:55:39,30.7,57.3,10514,1.313,10330,1.292,10659,1.337,10705,1.342
2026-07-01T10:10:39,30.8,54.7,10486,1.314,10299,1.292,10630,1.333,10717,1.339
2026-07-01T10:25:40,32.5,54.3,10483,1.31,10302,1.291,10611,1.332,10703,1.339
2026-07-01T10:40:40,33.5,53.5,10433,1.305,10273,1.283,10584,1.319,10703,1.332
2026-07-01T10:55:40,33.8,48.7,10447,1.303,10293,1.282,10602,1.318,10699,1.334
2026-07-01T11:10:41,34.7,47.7,10457,1.308,10290,1.29,10587,1.328,10713,1.339
2026-07-01T11:25:43,35.4,46.9,10368,1.299,10237,1.282,10552,1.319,10676,1.33
2026-07-01T11:40:44,35.5,46.8,10413,1.297,10270,1.282,10584,1.323,10659,1.336
2026-07-01T11:55:44,36.0,50.8,10385,1.302,10239,1.284,10583,1.325,10682,1.333
2026-07-01T12:10:45,36.1,48.6,10405,1.304,10255,1.286,10612,1.328,10701,1.334
2026-07-01T12:25:45,35.7,48.3,10431,1.301,10289,1.28,10656,1.325,10711,1.336
2026-07-01T12:40:45,36.4,45.7,10449,1.301,10311,1.282,10673,1.327,10718,1.338
2026-07-01T12:55:46,34.5,49.8,10439,1.298,10209,1.27,10642,1.327,10694,1.339
2026-07-01T13:10:46,35.1,48.8,10433,1.298,10170,1.265,10651,1.327,10698,1.339
2026-07-01T13:25:46,35.0,49.9,10426,1.302,10152,1.266,10639,1.323,10719,1.334
2026-07-01T13:40:47,30.9,62.4,10406,1.298,10096,1.262,10553,1.323,10620,1.332
2026-07-01T13:55:47,31.5,62.7,10380,1.302,10062,1.262,10538,1.32,10647,1.328
2026-07-01T14:10:47,32.3,58.3,10390,1.299,10076,1.258,10563,1.315,10663,1.327
2026-07-01T14:25:48,33.1,55.7,10376,1.3,10055,1.259,10538,1.316,10656,1.326
2026-07-01T14:40:48,34.1,55.0,10393,1.303,10059,1.26,10545,1.317,10663,1.328
2026-07-01T14:55:49,32.7,57.2,10416,1.305,10054,1.262,10534,1.32,10653,1.33
2026-07-01T15:10:49,32.9,56.1,10453,1.304,10083,1.26,10514,1.318,10634,1.333
2026-07-01T15:25:49,32.5,58.1,10468,1.305,10127,1.26,10571,1.314,10678,1.332
2026-07-01T15:40:50,30.5,64.1,10402,1.304,10047,1.261,10497,1.314,10637,1.327
2026-07-01T15:55:50,29.8,66.2,10410,1.302,10086,1.257,10546,1.311,10667,1.328
2026-07-01T16:10:50,29.2,67.0,10411,1.298,10077,1.254,10534,1.308,10641,1.326
2026-07-01T16:25:51,28.8,68.9,10367,1.301,10020,1.256,10478,1.31,10621,1.323
2026-07-01T16:40:51,28.6,69.3,10360,1.3,10005,1.255,10460,1.309,10608,1.323
2026-07-01T16:55:52,28.5,69.6,10383,1.296,10019,1.253,10451,1.311,10587,1.328
2026-07-01T17:10:52,28.5,69.7,10376,1.295,10019,1.248,10505,1.305,10625,1.325
2026-07-01T17:25:52,29.3,66.8,10360,1.296,9955,1.248,10421,1.308,10580,1.323
2026-07-01T17:40:53,30.5,65.1,10348,1.297,9952,1.246,10452,1.304,10602,1.319
2026-07-01T17:55:53,31.0,61.9,10372,1.295,9983,1.243,10473,1.302,10604,1.321
2026-07-01T18:10:53,30.2,64.2,10385,1.295,10009,1.246,10488,1.303,10616,1.323
2026-07-01T18:25:54,28.8,68.0,10412,1.294,10026,1.247,10482,1.308,10601,1.328
2026-07-01T18:40:54,28.3,69.1,10357,1.298,9964,1.252,10432,1.308,10591,1.323
2026-07-01T18:55:54,27.9,70.1,10396,1.292,10008,1.247,10460,1.307,10578,1.327
2026-07-01T19:10:55,27.7,70.5,10357,1.3,9984,1.251,10467,1.308,10624,1.323
2026-07-01T19:25:55,27.4,71.3,10432,1.296,10054,1.251,10504,1.311,10621,1.331
2026-07-01T19:40:56,26.8,72.8,10395,1.302,10005,1.256,10469,1.314,10626,1.328
2026-07-01T19:55:56,26.9,73.3,10402,1.301,10012,1.256,10468,1.314,10623,1.329
2026-07-01T20:10:56,26.6,74.0,10410,1.298,9929,1.234,10451,1.296,10338,1.288
2026-07-01T20:25:57,24.7,85.1,10313,1.293,9972,1.254,10501,1.318,10353,1.293
2026-07-01T20:40:57,24.1,87.9,10341,1.296,10062,1.256,10633,1.322,10511,1.305
2026-07-01T20:55:57,23.8,89.1,10434,1.296,10108,1.259,10654,1.332,10552,1.325
2026-07-01T21:10:58,23.6,90.1,10442,1.307,10173,1.27,10764,1.338,10884,1.352
2026-07-01T21:25:58,23.8,88.2,10465,1.314,10180,1.279,10770,1.349,10952,1.365
2026-07-01T21:40:58,23.6,89.2,10537,1.309,10272,1.275,10842,1.35,10989,1.375
2026-07-01T21:55:59,23.6,89.3,10535,1.313,10275,1.276,10868,1.349,11023,1.377
2026-07-01T22:10:59,23.6,89.2,10564,1.312,10270,1.28,10834,1.355,11016,1.383
2026-07-01T22:26:00,23.6,90.8,10574,1.314,10277,1.28,10844,1.356,11037,1.385
2026-07-01T22:41:00,23.8,89.5,10570,1.312,10274,1.278,10850,1.354,11053,1.385
2026-07-01T22:56:00,23.8,91.2,10515,1.32,10225,1.282,10839,1.354,11090,1.38
2026-07-01T23:11:01,23.8,91.3,10523,1.319,10245,1.28,10860,1.352,11112,1.38
2026-07-01T23:26:01,24.0,89.7,10567,1.316,10289,1.278,10890,1.353,11104,1.385
2026-07-01T23:41:01,24.1,89.4,10538,1.322,10232,1.285,10836,1.357,11096,1.384
2026-07-01T23:56:02,24.1,89.6,10532,1.323,10238,1.284,10848,1.355,11112,1.383
2026-07-02T00:11:02,24.0,89.2,10560,1.318,10279,1.278,10889,1.352,11118,1.384
2026-07-02T00:26:03,23.9,89.7,10549,1.32,10263,1.281,10878,1.352,11132,1.383
2026-07-02T00:41:03,23.9,89.4,10569,1.317,10285,1.278,10882,1.353,11105,1.387
2026-07-02T00:56:03,23.9,90.5,10536,1.323,10242,1.284,10852,1.356,11119,1.384
2026-07-02T01:11:04,23.8,90.3,10578,1.316,10292,1.278,10884,1.353,11110,1.387
2026-07-02T01:26:04,23.9,90.1,10559,1.317,10274,1.277,10884,1.351,11119,1.385
2026-07-02T01:41:04,24.0,89.5,10569,1.316,10283,1.277,10880,1.352,11110,1.387
2026-07-02T01:56:05,24.1,89.1,10585,1.317,10263,1.281,10841,1.359,11076,1.391
2026-07-02T02:11:05,24.1,89.5,10535,1.322,10218,1.283,10825,1.356,11102,1.385
2026-07-02T02:26:05,24.1,90.0,10590,1.316,10268,1.28,10849,1.357,11082,1.391
2026-07-02T02:41:06,24.2,90.3,10558,1.318,10267,1.277,10884,1.351,11122,1.385
2026-07-02T02:56:06,24.1,90.1,10568,1.314,10272,1.275,10868,1.352,11099,1.387
2026-07-02T03:11:07,24.2,91.3,10587,1.315,10266,1.278,10853,1.355,11086,1.389
2026-07-02T03:26:07,24.2,89.6,10565,1.317,10224,1.282,10808,1.358,11074,1.387
2026-07-02T03:41:07,24.1,89.7,10520,1.321,10221,1.28,10842,1.353,11118,1.382
2026-07-02T03:56:08,24.2,89.8,10568,1.314,10269,1.275,10862,1.352,11097,1.387
2026-07-02T04:11:08,24.1,89.4,10526,1.322,10222,1.281,10843,1.354,11121,1.384
2026-07-02T04:26:08,24.1,89.5,10557,1.318,10257,1.276,10882,1.35,11128,1.385
2026-07-02T04:41:09,24.0,89.6,10570,1.315,10267,1.274,10867,1.351,11101,1.388
2026-07-02T04:56:09,24.0,90.1,10572,1.321,10235,1.283,10817,1.359,11080,1.389
2026-07-02T05:11:09,24.1,90.2,10564,1.318,10260,1.276,10881,1.35,11118,1.385
2026-07-02T05:26:12,24.1,89.9,10579,1.316,10243,1.278,10831,1.357,11067,1.389
2026-07-02T05:41:12,24.1,90.0,10577,1.316,10241,1.278,10830,1.356,11068,1.389
2026-07-02T05:56:13,24.2,89.2,10560,1.313,10253,1.273,10858,1.35,11095,1.386
2026-07-02T06:11:13,24.2,90.6,10562,1.316,10225,1.278,10813,1.356,11058,1.388
2026-07-02T06:26:14,24.4,90.1,10575,1.315,10232,1.276,10824,1.355,11066,1.389
2026-07-02T06:41:14,24.8,88.1,10513,1.32,10188,1.277,10815,1.352,11100,1.382
2026-07-02T06:56:14,25.2,89.1,10523,1.319,10175,1.278,10786,1.353,11072,1.384
2026-07-02T07:11:15,25.7,85.8,10535,1.312,10185,1.273,10777,1.352,11037,1.385
2026-07-02T07:26:15,26.1,85.1,10510,1.315,10160,1.275,10761,1.35,11061,1.381
2026-07-02T07:41:15,26.7,84.0,10515,1.307,10180,1.265,10780,1.344,11039,1.381
2026-07-02T07:56:16,28.5,80.5,10406,1.294,10078,1.252,10681,1.33,10948,1.368
2026-07-02T08:11:16,30.6,72.8,10371,1.301,10046,1.258,10667,1.332,10974,1.367
2026-07-02T08:26:17,32.6,66.7,10459,1.301,10116,1.261,10707,1.338,10991,1.377
2026-07-02T08:41:17,33.4,63.9,10440,1.302,10127,1.26,10750,1.337,11029,1.375
2026-07-02T08:56:17,34.5,56.6,10390,1.303,10076,1.262,10708,1.338,11006,1.371
2026-07-02T09:11:18,36.5,52.3,10455,1.302,10129,1.264,10739,1.344,11015,1.381
2026-07-02T09:26:18,37.0,48.7,10385,1.301,10091,1.266,10714,1.342,11025,1.377
2026-07-02T09:41:18,37.4,47.7,10302,1.29,10095,1.262,10721,1.337,11025,1.372
2026-07-02T09:56:19,38.1,46.5,10284,1.285,10091,1.258,10706,1.332,11006,1.371
2026-07-02T10:11:19,39.1,45.1,10253,1.278,10020,1.252,10587,1.327,10896,1.365
2026-07-02T10:26:19,39.6,44.1,10006,1.254,9957,1.247,10553,1.319,10881,1.357
2026-07-02T10:41:22,40.5,41.2,10033,1.252,9955,1.244,10525,1.318,10832,1.357
2026-07-02T10:56:22,40.5,41.4,9961,1.245,9911,1.241,10491,1.314,10804,1.351
2026-07-02T11:11:23,41.2,40.3,9977,1.242,9970,1.242,10545,1.316,10843,1.356
2026-07-02T11:26:23,42.0,38.0,9985,1.243,9964,1.241,10536,1.314,10833,1.354
2026-07-02T11:41:24,42.5,37.6,9955,1.246,9937,1.245,10521,1.317,10836,1.354
2026-07-02T11:56:24,43.1,32.6,9968,1.243,9987,1.243,10584,1.318,10869,1.357
2026-07-02T12:11:24,43.2,34.0,9972,1.244,10004,1.247,10621,1.322,10900,1.359
2026-07-02T12:26:25,44.0,30.8,9949,1.24,10005,1.249,10612,1.328,10889,1.364
2026-07-02T12:41:25,44.3,30.3,9707,1.215,9994,1.252,10616,1.329,10907,1.362
2026-07-02T12:56:25,44.2,33.5,9676,1.209,10006,1.248,10639,1.325,10914,1.36
2026-07-02T13:11:26,44.6,30.5,9730,1.215,10029,1.254,10643,1.333,10925,1.367
2026-07-02T13:26:26,44.6,28.1,9768,1.218,10061,1.257,10678,1.337,10952,1.371
2026-07-02T13:41:26,44.6,28.7,9812,1.226,10065,1.26,10679,1.339,10970,1.372
2026-07-02T13:56:27,42.1,35.6,9857,1.23,10081,1.26,10687,1.339,10963,1.373
2026-07-02T14:11:27,41.5,34.3,9828,1.231,10074,1.261,10705,1.336,10994,1.369
2026-07-02T14:26:28,40.3,36.9,9834,1.225,10094,1.259,10705,1.338,10973,1.374
2026-07-02T14:41:28,41.0,34.3,9816,1.227,10071,1.262,10688,1.339,10977,1.372
2026-07-02T14:56:28,40.1,31.6,9845,1.225,10095,1.258,10707,1.338,10974,1.374
2026-07-02T15:11:29,40.0,38.8,9830,1.223,10095,1.256,10669,1.331,10970,1.372
2026-07-02T15:26:29,39.3,39.2,10132,1.27,10048,1.259,10633,1.329,10956,1.366
2026-07-02T15:41:29,35.9,44.1,10202,1.269,10103,1.257,10672,1.331,10969,1.372
2026-07-02T15:56:30,34.9,47.5,10168,1.273,10065,1.262,10648,1.334,10978,1.372
2026-07-02T16:11:30,34.8,46.4,10198,1.272,10087,1.261,10656,1.336,10969,1.375
2026-07-02T16:26:31,34.2,49.2,10184,1.272,10094,1.258,10695,1.33,11013,1.371
2026-07-02T16:41:31,33.5,52.2,10201,1.272,10106,1.258,10704,1.331,11020,1.374
2026-07-02T16:56:31,32.9,54.5,10216,1.272,10114,1.257,10711,1.334,11031,1.378
2026-07-02T17:11:32,33.0,53.9,10212,1.277,10098,1.26,10734,1.336,11069,1.378
2026-07-02T17:26:32,33.9,50.5,10226,1.279,10066,1.262,10685,1.34,11033,1.38
2026-07-02T17:41:32,34.5,46.8,10215,1.28,10070,1.26,10717,1.337,11057,1.376
2026-07-02T17:56:33,34.8,47.2,10246,1.277,10104,1.257,10727,1.334,11048,1.378
2026-07-02T18:11:33,34.5,46.5,10234,1.278,10107,1.259,10731,1.334,11063,1.378
2026-07-02T18:26:33,32.5,50.7,10222,1.278,10095,1.26,10720,1.334,11070,1.377
2026-07-02T18:41:34,32.1,51.8,10228,1.28,10098,1.261,10724,1.335,11076,1.378
2026-07-02T18:56:34,31.7,57.0,10274,1.281,10115,1.264,10709,1.343,11047,1.383
2026-07-02T19:11:35,31.8,55.3,10323,1.285,10113,1.261,10602,1.326,11040,1.384
2026-07-02T19:26:35,31.0,59.0,9792,1.221,9547,1.194,10176,1.276,10153,1.273
2026-07-02T19:41:35,30.7,59.4,9837,1.225,9609,1.194,10254,1.275,10261,1.281
2026-07-02T19:56:36,29.5,64.8,9878,1.233,9643,1.2,10298,1.279,10347,1.289
2026-07-02T20:11:36,29.1,68.1,9916,1.24,9653,1.211,10217,1.284,10129,1.268
2026-07-02T20:26:36,27.2,79.3,9908,1.238,9691,1.208,10222,1.269,10173,1.265
2026-07-02T20:41:37,26.2,84.2,9918,1.246,9701,1.216,10246,1.281,10211,1.271
2026-07-02T20:56:37,26.0,86.3,9966,1.24,9785,1.214,10346,1.286,10305,1.287
2026-07-02T21:11:37,25.5,86.3,9957,1.239,9782,1.214,10415,1.295,10561,1.319
2026-07-02T21:26:40,26.0,83.1,9994,1.241,9794,1.217,10454,1.304,10679,1.338
2026-07-02T21:41:40,26.0,83.1,10018,1.249,9829,1.221,10529,1.309,10777,1.346
2026-07-02T21:56:41,25.8,86.1,9991,1.255,9785,1.227,10515,1.313,10826,1.347
2026-07-02T22:11:41,25.7,84.8,9989,1.254,9784,1.225,10527,1.313,10852,1.349
2026-07-02T22:26:42,25.7,87.2,9971,1.252,9746,1.223,10499,1.314,10838,1.351
2026-07-02T22:41:42,25.8,86.2,9985,1.242,9783,1.214,10528,1.309,10833,1.353
2026-07-02T22:56:42,25.9,86.0,9984,1.244,9782,1.215,10539,1.309,10847,1.353
2026-07-02T23:11:43,25.9,85.4,9975,1.249,9735,1.223,10487,1.316,10838,1.355
2026-07-02T23:26:43,26.0,82.6,9975,1.246,9765,1.217,10544,1.31,10876,1.353
2026-07-02T23:41:43,25.8,84.9,10018,1.245,9783,1.219,10524,1.317,10839,1.36
2026-07-02T23:56:44,25.7,85.6,10001,1.246,9793,1.216,10557,1.312,10868,1.356
2026-07-03T00:11:44,25.6,89.1,10012,1.247,9773,1.221,10514,1.318,10832,1.36
2026-07-03T00:26:45,25.5,86.9,10008,1.246,9802,1.217,10551,1.314,10860,1.358
2026-07-03T00:41:45,25.5,88.4,9979,1.252,9741,1.224,10508,1.317,10860,1.355
2026-07-03T00:56:45,25.6,86.4,10014,1.246,9803,1.217,10559,1.313,10868,1.357
2026-07-03T01:11:48,25.6,88.5,9996,1.249,9783,1.219,10562,1.312,10886,1.354
2026-07-03T01:26:48,25.6,88.6,10023,1.249,9781,1.223,10517,1.32,10833,1.36
2026-07-03T01:41:49,25.6,88.8,10035,1.247,9800,1.22,10540,1.317,10845,1.36
2026-07-03T01:56:49,25.8,86.7,9980,1.251,9762,1.221,10538,1.313,10882,1.352
2026-07-03T02:11:49,26.6,81.9,10009,1.249,9765,1.222,10502,1.319,10825,1.358
2026-07-03T02:26:50,27.3,77.8,9995,1.249,9752,1.223,10490,1.318,10826,1.356
2026-07-03T02:41:50,27.5,77.9,10014,1.245,9793,1.216,10539,1.312,10841,1.355
2026-07-03T02:56:50,27.5,76.8,10014,1.244,9788,1.216,10530,1.312,10831,1.355
2026-07-03T03:11:51,27.3,77.6,9977,1.25,9759,1.22,10530,1.312,10866,1.35
2026-07-03T03:26:51,27.1,79.2,9997,1.248,9782,1.218,10551,1.31,10858,1.352
2026-07-03T03:41:52,27.0,80.2,10006,1.25,9792,1.22,10561,1.311,10870,1.352
2026-07-03T03:56:52,26.7,82.8,10008,1.254,9760,1.226,10511,1.318,10844,1.354
2026-07-03T04:11:52,26.6,81.6,10000,1.253,9783,1.223,10547,1.314,10874,1.351
2026-07-03T04:26:53,26.4,83.7,10036,1.253,9791,1.226,10513,1.32,10835,1.356
2026-07-03T04:41:53,26.4,83.0,10005,1.256,9774,1.226,10534,1.316,10861,1.353
2026-07-03T04:56:53,26.2,84.6,10004,1.255,9781,1.225,10539,1.315,10865,1.351
2026-07-03T05:11:54,26.0,82.3,10067,1.25,9827,1.222,10549,1.317,10835,1.358
2026-07-03T05:26:54,25.9,83.0,10011,1.257,9777,1.227,10531,1.317,10857,1.353
2026-07-03T05:41:54,25.7,84.9,10065,1.25,9831,1.222,10554,1.316,10836,1.357
2026-07-03T05:56:55,25.6,85.0,10060,1.25,9837,1.221,10565,1.315,10846,1.355
2026-07-03T06:11:55,25.9,79.6,10053,1.248,9831,1.223,10549,1.317,10791,1.353
2026-07-03T06:26:56,25.7,81.8,10020,1.248,9820,1.227,10528,1.321,10764,1.351
2026-07-03T06:41:56,25.4,86.4,9970,1.25,9780,1.229,10509,1.318,10788,1.347
2026-07-03T06:56:56,25.9,84.5,10007,1.245,9812,1.224,10523,1.318,10767,1.352
2026-07-03T07:11:57,26.6,77.0,10005,1.243,9807,1.222,10519,1.316,10766,1.351
2026-07-03T07:26:57,27.4,73.6,9989,1.241,9808,1.218,10530,1.311,10780,1.348
2026-07-03T07:41:57,28.1,74.7,9933,1.242,9749,1.216,10507,1.306,10797,1.343
2026-07-03T07:56:58,29.7,72.4,9949,1.243,9723,1.218,10451,1.312,10754,1.347
2026-07-03T08:11:58,31.9,64.2,9891,1.238,9678,1.215,10420,1.306,10741,1.342
2026-07-03T08:26:59,33.3,55.2,9863,1.236,9683,1.211,10438,1.302,10762,1.339
2026-07-03T08:41:59,34.3,54.2,9871,1.229,9703,1.206,10436,1.3,10732,1.341
2026-07-03T08:56:59,34.9,52.9,9843,1.228,9662,1.208,10389,1.302,10688,1.34
2026-07-03T09:12:00,35.3,49.6,9793,1.228,9642,1.209,10399,1.3,10717,1.336
2026-07-03T09:27:00,36.3,47.4,9806,1.222,9678,1.209,10415,1.304,10706,1.342
2026-07-03T09:42:00,37.4,46.9,9777,1.225,9665,1.21,10430,1.302,10745,1.339
2026-07-03T09:57:01,37.9,45.3,9787,1.226,9679,1.213,10436,1.305,10757,1.342
2026-07-03T10:12:01,38.3,43.8,9760,1.216,9706,1.207,10445,1.301,10748,1.343
2026-07-03T10:27:01,39.5,42.1,9514,1.192,9651,1.208,10397,1.299,10731,1.337
2026-07-03T10:42:02,39.6,40.2,9536,1.187,9666,1.205,10392,1.298,10709,1.341
2026-07-03T10:57:02,39.5,41.7,9517,1.185,9653,1.202,10393,1.296,10704,1.338
2026-07-03T11:12:03,40.0,37.9,9713,1.216,9649,1.207,10412,1.299,10746,1.338
2026-07-03T11:27:03,41.4,39.6,9677,1.211,9652,1.206,10413,1.298,10744,1.338
2026-07-03T11:42:03,42.1,38.8,9656,1.204,9669,1.204,10418,1.298,10726,1.339
2026-07-03T11:57:04,41.5,41.8,9669,1.205,9671,1.207,10408,1.303,10717,1.342
2026-07-03T12:12:04,42.0,40.0,9724,1.213,9677,1.209,10425,1.305,10728,1.343
2026-07-03T12:27:04,42.8,38.4,9781,1.219,9690,1.21,10453,1.308,10748,1.347
2026-07-03T12:42:05,43.4,36.7,9801,1.222,9713,1.21,10500,1.307,10791,1.346
2026-07-03T12:57:05,42.2,37.6,9821,1.222,9718,1.21,10493,1.31,10777,1.349
2026-07-03T13:12:05,43.1,36.0,9799,1.225,9701,1.212,10502,1.309,10809,1.346
2026-07-03T13:27:06,43.9,34.0,9856,1.227,9724,1.211,10510,1.312,10797,1.35
2026-07-03T13:42:06,44.7,35.5,9892,1.236,9706,1.215,10486,1.314,10789,1.35
2026-07-03T13:57:07,44.6,30.9,9922,1.237,9739,1.212,10532,1.312,10819,1.351
2026-07-03T14:12:07,43.3,34.2,9905,1.24,9707,1.214,10507,1.311,10817,1.348
2026-07-03T14:27:07,43.5,32.8,9922,1.241,9722,1.215,10518,1.312,10835,1.349
2026-07-03T14:42:08,43.0,36.0,9957,1.24,9741,1.214,10533,1.315,10824,1.354
2026-07-03T14:57:08,43.8,36.9,9960,1.245,9722,1.217,10511,1.317,10824,1.353
2026-07-03T15:12:08,43.3,31.9,9958,1.247,9722,1.218,10487,1.312,10832,1.352
2026-07-03T15:27:09,42.5,35.6,9969,1.242,9728,1.213,10470,1.309,10790,1.352
2026-07-03T15:42:09,39.0,40.9,9937,1.242,9687,1.209,10464,1.303,10792,1.344
2026-07-03T15:57:10,38.3,41.8,9949,1.245,9692,1.211,10474,1.305,10810,1.346
2026-07-03T16:12:10,38.3,43.6,9962,1.248,9691,1.213,10470,1.307,10812,1.347
2026-07-03T16:27:10,36.4,47.3,10021,1.251,9711,1.215,10465,1.312,10796,1.352
2026-07-03T16:42:11,35.7,46.0,10056,1.252,9736,1.213,10496,1.312,10816,1.355
2026-07-03T16:57:11,35.9,45.4,10045,1.254,9732,1.212,10526,1.309,10858,1.353
2026-07-03T17:12:11,35.8,46.8,10039,1.256,9711,1.213,10517,1.31,10863,1.352
2026-07-03T17:27:12,36.8,45.2,10078,1.254,9726,1.21,10520,1.311,10845,1.355
2026-07-03T17:42:12,37.4,44.4,10078,1.255,9722,1.209,10523,1.311,10837,1.354
2026-07-03T17:57:12,36.8,45.9,10073,1.258,9705,1.215,10485,1.315,10830,1.356
2026-07-03T18:12:13,35.8,48.4,10061,1.26,9704,1.217,10496,1.315,10855,1.355
2026-07-03T18:27:13,33.7,52.8,10087,1.263,9755,1.22,10558,1.316,10916,1.358
2026-07-03T18:42:14,32.7,54.4,10127,1.266,9784,1.226,10566,1.325,10931,1.366
2026-07-03T18:57:14,32.2,56.0,10204,1.271,9859,1.231,10632,1.332,10964,1.375
2026-07-03T19:12:14,32.0,55.9,10195,1.274,9872,1.23,10677,1.327,11020,1.372
2026-07-03T19:27:15,32.1,59.1,10184,1.277,9838,1.234,10641,1.332,11011,1.373
2026-07-03T19:42:15,32.2,59.0,10174,1.275,9844,1.232,10650,1.329,11017,1.371
2026-07-03T19:57:15,31.9,61.3,10218,1.271,9878,1.231,10649,1.331,10982,1.377
2026-07-03T20:12:16,31.4,65.1,10046,1.258,9772,1.221,10318,1.285,10391,1.291
2026-07-03T20:27:16,28.5,81.5,10085,1.254,9798,1.221,10333,1.292,10428,1.309
2026-07-03T20:42:16,28.7,71.4,10078,1.254,9794,1.222,10338,1.295,10477,1.315
2026-07-03T20:57:17,29.1,60.2,10051,1.254,9765,1.221,10321,1.296,10492,1.317
2026-07-03T21:12:17,27.9,61.9,10067,1.26,9775,1.227,10354,1.3,10572,1.322
2026-07-03T21:27:18,27.8,60.4,10094,1.255,9796,1.223,10378,1.3,10573,1.327
2026-07-03T21:42:18,27.9,58.6,10074,1.257,9809,1.221,10434,1.295,10645,1.326
2026-07-03T21:57:18,27.9,60.7,10061,1.253,9796,1.217,10415,1.294,10637,1.328
2026-07-03T22:12:19,27.5,61.5,10078,1.255,9788,1.221,10392,1.301,10627,1.334
2026-07-03T22:27:19,27.5,61.0,10071,1.256,9804,1.22,10444,1.297,10687,1.332
2026-07-03T22:42:19,26.8,66.4,10071,1.257,9800,1.22,10451,1.298,10706,1.334
2026-07-03T22:57:20,26.7,67.7,10091,1.254,9813,1.219,10439,1.3,10684,1.337
2026-07-03T23:12:20,26.6,67.4,10059,1.259,9766,1.225,10393,1.305,10688,1.337
2026-07-03T23:27:21,26.7,66.5,10051,1.262,9767,1.226,10420,1.304,10723,1.336
2026-07-03T23:42:21,26.8,73.1,10100,1.255,9822,1.22,10456,1.302,10718,1.341
2026-07-03T23:57:21,26.6,72.4,10047,1.261,9771,1.224,10433,1.303,10743,1.337
2026-07-04T00:12:22,26.5,74.2,10054,1.261,9760,1.226,10413,1.305,10732,1.339
2026-07-04T00:27:22,26.4,71.6,10053,1.261,9762,1.226,10419,1.305,10740,1.34
2026-07-04T00:42:22,26.3,69.8,10050,1.26,9780,1.223,10450,1.302,10770,1.338
2026-07-04T00:57:23,26.3,69.1,10066,1.26,9771,1.226,10415,1.308,10739,1.343
2026-07-04T01:12:23,26.3,71.9,10071,1.258,9802,1.221,10479,1.301,10778,1.342
2026-07-04T01:27:23,26.1,70.1,10084,1.26,9791,1.227,10427,1.309,10756,1.345
2026-07-04T01:42:24,26.0,73.9,10052,1.262,9769,1.226,10437,1.306,10771,1.343
2026-07-04T01:57:24,25.8,77.0,10093,1.254,9821,1.22,10468,1.304,10760,1.346
2026-07-04T02:12:25,25.7,71.4,10077,1.26,9784,1.228,10428,1.31,10763,1.347
2026-07-04T02:27:25,25.6,76.8,10106,1.255,9822,1.221,10467,1.306,10764,1.349
2026-07-04T02:42:25,25.5,75.1,10046,1.261,9770,1.225,10447,1.305,10792,1.343
2026-07-04T02:57:26,25.5,73.2,10037,1.26,9770,1.223,10450,1.303,10794,1.342
2026-07-04T03:12:26,25.9,69.7,10059,1.258,9767,1.224,10409,1.308,10746,1.346
2026-07-04T03:27:29,26.2,67.5,10042,1.256,9774,1.219,10460,1.3,10794,1.342
2026-07-04T03:42:29,26.2,67.0,10081,1.253,9789,1.219,10437,1.304,10751,1.348
2026-07-04T03:57:29,25.8,71.9,10080,1.252,9793,1.218,10446,1.303,10761,1.348
2026-07-04T04:12:30,25.7,70.0,10035,1.259,9762,1.222,10446,1.303,10803,1.343
2026-07-04T04:27:30,25.5,74.5,10073,1.254,9801,1.217,10475,1.301,10793,1.347
2026-07-04T04:42:30,25.3,75.3,10032,1.259,9757,1.222,10443,1.303,10805,1.343
2026-07-04T04:57:31,25.5,73.1,10076,1.257,9779,1.223,10426,1.308,10762,1.351
2026-07-04T05:12:31,25.3,74.9,10045,1.256,9771,1.219,10458,1.3,10815,1.344
2026-07-04T05:27:32,25.2,76.2,10050,1.262,9763,1.225,10443,1.306,10812,1.347
2026-07-04T05:42:32,25.0,77.9,10100,1.254,9816,1.219,10473,1.304,10800,1.351
2026-07-04T05:57:32,24.8,80.5,10098,1.254,9810,1.219,10462,1.304,10793,1.351
2026-07-04T06:12:33,25.0,82.1,10040,1.26,9744,1.224,10419,1.306,10799,1.347
2026-07-04T06:27:33,25.6,74.2,10072,1.251,9778,1.215,10435,1.301,10774,1.349
2026-07-04T06:42:33,25.9,78.0,10064,1.251,9759,1.216,10411,1.302,10756,1.35
2026-07-04T06:57:34,26.3,75.5,10008,1.254,9728,1.216,10419,1.297,10800,1.342
2026-07-04T07:12:34,27.1,71.1,10035,1.247,9732,1.211,10391,1.297,10743,1.346
2026-07-04T07:27:35,27.5,71.2,10021,1.249,9710,1.213,10364,1.3,10729,1.346
2026-07-04T07:42:35,28.1,68.4,9995,1.242,9685,1.206,10347,1.292,10721,1.344
2026-07-04T07:57:35,29.8,63.1,9899,1.241,9589,1.204,10271,1.286,10689,1.334
2026-07-04T08:12:36,31.4,57.9,9939,1.236,9631,1.2,10289,1.286,10670,1.338
2026-07-04T08:27:36,30.5,61.6,9914,1.234,9629,1.197,10296,1.282,10681,1.334
2026-07-04T08:42:36,32.7,57.3,9891,1.235,9616,1.197,10263,1.275,10699,1.333
2026-07-04T08:57:37,33.0,63.5,9882,1.229,9606,1.195,10205,1.274,10654,1.335
2026-07-04T09:12:37,34.5,55.2,9878,1.236,9579,1.201,10192,1.279,10668,1.334
2026-07-04T09:27:37,32.6,60.3,9894,1.23,9607,1.195,10230,1.276,10666,1.335
2026-07-04T09:42:38,34.3,53.4,9859,1.236,9567,1.2,10213,1.279,10681,1.333
2026-07-04T09:57:38,35.2,50.4,9857,1.229,9596,1.194,10244,1.274,10677,1.333
2026-07-04T10:12:39,36.9,47.9,9882,1.238,9613,1.203,10265,1.282,10726,1.336
2026-07-04T10:27:39,38.0,45.9,9943,1.238,9684,1.205,10318,1.287,10755,1.345
2026-07-04T10:42:39,39.5,42.1,9905,1.241,9641,1.208,10296,1.287,10765,1.343
2026-07-04T10:57:40,39.7,42.4,9921,1.239,9670,1.206,10333,1.286,10777,1.344
2026-07-04T11:12:40,39.8,42.2,9928,1.238,9659,1.205,10300,1.289,10740,1.345
2026-07-04T11:27:40,38.8,42.5,9945,1.239,9674,1.207,10315,1.29,10750,1.347
2026-07-04T11:42:41,39.4,42.8,9952,1.241,9677,1.209,10327,1.293,10761,1.348
2026-07-04T11:57:41,39.6,41.9,9942,1.24,9680,1.206,10363,1.29,10791,1.346
2026-07-04T12:12:42,40.2,41.8,9947,1.24,9687,1.209,10356,1.296,10776,1.35
2026-07-04T12:27:42,40.4,37.6,9944,1.24,9694,1.21,10366,1.298,10778,1.35
2026-07-04T12:42:42,41.4,38.8,9912,1.242,9673,1.211,10376,1.296,10803,1.346
2026-07-04T12:57:43,41.0,36.2,9919,1.242,9676,1.213,10376,1.298,10807,1.347
2026-07-04T13:12:43,42.0,33.8,9948,1.239,9707,1.211,10386,1.298,10788,1.351
2026-07-04T13:27:43,41.0,34.9,9946,1.24,9708,1.208,10400,1.296,10796,1.349
2026-07-04T13:42:44,42.9,35.1,9995,1.251,9689,1.214,10387,1.3,10803,1.349
2026-07-04T13:57:44,43.5,33.5,10074,1.256,9778,1.217,10477,1.305,10872,1.358
2026-07-04T14:12:44,43.6,34.0,10089,1.257,9778,1.22,10471,1.309,10870,1.361
2026-07-04T14:27:45,43.8,32.8,10122,1.26,9806,1.222,10497,1.312,10893,1.364
2026-07-04T14:42:45,42.4,34.0,10144,1.263,9808,1.22,10510,1.312,10894,1.363
2026-07-04T14:57:46,43.2,35.6,10125,1.268,9781,1.224,10517,1.312,10926,1.361
2026-07-04T15:12:46,41.9,31.4,10139,1.269,9791,1.224,10494,1.308,10931,1.361
2026-07-04T15:27:46,41.7,32.8,10146,1.266,9799,1.224,10468,1.311,10877,1.363
2026-07-04T15:42:47,38.3,41.1,10074,1.258,9736,1.218,10413,1.305,10826,1.355
2026-07-04T15:57:47,36.6,41.2,10088,1.26,9761,1.217,10474,1.303,10881,1.356
2026-07-04T16:12:47,36.5,41.5,10094,1.263,9757,1.22,10477,1.305,10900,1.356
2026-07-04T16:27:48,35.8,42.7,10131,1.263,9791,1.218,10502,1.307,10902,1.361
2026-07-04T16:42:48,35.8,44.0,10143,1.263,9796,1.218,10503,1.309,10905,1.363
2026-07-04T16:57:48,35.6,47.9,10118,1.266,9765,1.22,10506,1.309,10941,1.362
2026-07-04T17:12:49,35.8,45.7,10130,1.265,9749,1.215,10519,1.309,10927,1.362
2026-07-04T17:27:49,39.3,39.0,10106,1.266,9710,1.217,10475,1.31,10909,1.36
2026-07-04T17:42:50,38.0,43.0,10135,1.264,9718,1.214,10474,1.312,10873,1.361
2026-07-04T17:57:50,40.2,38.9,10119,1.267,9722,1.22,10473,1.311,10908,1.362
2026-07-04T18:12:50,35.8,42.8,10138,1.267,9748,1.221,10479,1.314,10912,1.365
2026-07-04T18:27:51,35.4,42.4,10133,1.263,9768,1.215,10511,1.308,10924,1.364
2026-07-04T18:42:51,35.2,45.1,10142,1.266,9758,1.221,10479,1.314,10907,1.366
2026-07-04T18:57:51,33.8,47.3,10171,1.265,9805,1.22,10521,1.314,10928,1.368
2026-07-04T19:12:52,32.3,49.8,10163,1.266,9807,1.224,10523,1.318,10936,1.371
2026-07-04T19:27:52,31.6,51.2,10128,1.27,9795,1.23,10542,1.32,10984,1.37
2026-07-04T19:42:53,31.1,51.5,10150,1.27,9814,1.231,10544,1.323,10982,1.373
2026-07-04T19:57:53,30.9,51.4,10171,1.268,9849,1.225,10605,1.318,11013,1.373
2026-07-04T20:12:53,30.7,51.1,9926,1.246,9750,1.223,10218,1.276,10619,1.321
2026-07-04T20:27:54,26.4,69.9,9737,1.209,9551,1.186,10141,1.265,10388,1.302
2026-07-04T20:42:54,25.8,73.8,9924,1.232,9719,1.208,10352,1.292,10568,1.325
2026-07-04T20:57:54,26.1,70.4,9928,1.241,9700,1.217,10361,1.302,10604,1.327
2026-07-04T21:12:55,26.3,72.9,9963,1.24,9731,1.215,10397,1.304,10605,1.332
2026-07-04T21:27:55,25.9,68.5,9971,1.238,9760,1.212,10443,1.302,10635,1.332
2026-07-04T21:42:55,25.3,69.2,9983,1.24,9771,1.213,10460,1.303,10650,1.333
2026-07-04T21:57:56,25.3,70.8,9996,1.248,9793,1.219,10516,1.305,10713,1.334
2026-07-04T22:12:56,25.1,69.2,10035,1.254,9800,1.229,10486,1.318,10703,1.341
2026-07-04T22:27:57,24.8,75.7,10032,1.255,9821,1.226,10558,1.312,10758,1.339
2026-07-04T22:42:57,24.7,76.8,10071,1.255,9833,1.228,10525,1.321,10708,1.344
2026-07-04T22:57:57,24.7,75.7,10037,1.26,9796,1.231,10530,1.319,10748,1.34
2026-07-04T23:12:58,24.7,77.5,10064,1.26,9823,1.233,10530,1.322,10748,1.344
2026-07-04T23:27:58,24.9,74.8,10032,1.257,9793,1.231,10516,1.32,10740,1.342
2026-07-04T23:42:58,25.1,76.2,10071,1.25,9844,1.224,10552,1.318,10729,1.346
2026-07-04T23:57:59,24.3,82.4,10034,1.26,9833,1.232,10565,1.318,10778,1.34
2026-07-05T00:12:59,23.2,91.6,10038,1.26,9820,1.234,10533,1.32,10735,1.339
2026-07-05T00:27:59,23.1,93.2,10035,1.248,9830,1.226,10487,1.314,10624,1.335
2026-07-05T00:43:02,23.1,96.4,9984,1.254,9788,1.23,10482,1.312,10651,1.327
2026-07-05T00:58:02,23.1,96.4,10007,1.247,9826,1.221,10525,1.306,10645,1.327
2026-07-05T01:13:03,23.3,95.8,10017,1.249,9799,1.225,10455,1.314,10606,1.329
2026-07-05T01:28:03,23.3,94.9,10027,1.244,9822,1.22,10495,1.31,10613,1.33
2026-07-05T01:43:04,23.3,95.6,10029,1.246,9817,1.222,10491,1.312,10609,1.332
2026-07-05T01:58:04,23.5,95.1,9976,1.244,9749,1.219,10434,1.31,10577,1.327
2026-07-05T02:13:04,23.6,95.2,9936,1.248,9718,1.221,10446,1.307,10621,1.323
2026-07-05T02:28:05,23.5,95.2,9952,1.249,9726,1.222,10451,1.309,10624,1.325
2026-07-05T02:43:05,23.4,95.1,9991,1.246,9764,1.22,10455,1.313,10601,1.331
2026-07-05T02:58:05,23.2,94.5,9992,1.245,9763,1.22,10457,1.312,10599,1.331
2026-07-05T03:13:06,23.2,95.2,9994,1.244,9794,1.215,10513,1.306,10647,1.329
2026-07-05T03:28:06,23.1,94.4,9985,1.245,9781,1.216,10519,1.305,10664,1.328
2026-07-05T03:43:07,23.0,94.6,10015,1.246,9784,1.221,10481,1.314,10623,1.334
2026-07-05T03:58:07,22.9,95.2,9991,1.251,9747,1.225,10474,1.313,10658,1.33
2026-07-05T04:13:07,23.0,94.9,10006,1.244,9800,1.216,10518,1.308,10659,1.332
2026-07-05T04:28:08,23.0,94.8,9995,1.25,9760,1.225,10466,1.315,10644,1.333
2026-07-05T04:43:08,23.0,94.5,10028,1.247,9796,1.221,10496,1.314,10641,1.336
2026-07-05T04:58:08,23.0,94.9,9986,1.25,9749,1.225,10468,1.314,10656,1.332
2026-07-05T05:13:09,23.0,94.5,9967,1.252,9746,1.223,10493,1.311,10684,1.329
2026-07-05T05:28:09,23.1,94.7,10025,1.245,9808,1.217,10520,1.311,10667,1.335
2026-07-05T05:43:09,23.0,94.4,10018,1.249,9782,1.222,10484,1.316,10647,1.337
2026-07-05T05:58:10,23.2,95.5,10023,1.249,9782,1.222,10487,1.316,10650,1.337
2026-07-05T06:13:10,23.3,94.1,10000,1.251,9754,1.225,10473,1.316,10666,1.334
2026-07-05T06:28:11,23.3,94.6,9972,1.25,9763,1.221,10518,1.31,10716,1.331
2026-07-05T06:43:13,23.5,94.3,9998,1.25,9760,1.224,10472,1.316,10664,1.336
2026-07-05T06:58:14,23.5,94.3,9990,1.251,9751,1.225,10479,1.316,10679,1.335
2026-07-05T07:13:14,23.7,94.3,10015,1.248,9776,1.221,10491,1.316,10659,1.338
2026-07-05T07:28:14,23.9,92.8,10000,1.246,9761,1.219,10479,1.314,10646,1.337
2026-07-05T07:43:15,24.3,90.6,9943,1.246,9728,1.217,10491,1.306,10694,1.328
2026-07-05T07:58:15,24.6,88.9,9997,1.242,9778,1.214,10507,1.31,10657,1.336
2026-07-05T08:13:15,24.6,89.0,9977,1.243,9765,1.213,10516,1.306,10681,1.332
2026-07-05T08:28:16,24.7,88.9,9955,1.248,9714,1.22,10455,1.312,10663,1.332
2026-07-05T08:43:16,25.1,87.7,9966,1.245,9728,1.219,10448,1.313,10647,1.334
2026-07-05T08:58:16,24.7,87.5,9987,1.241,9772,1.213,10505,1.308,10671,1.334
2026-07-05T09:13:17,25.1,87.9,9935,1.247,9708,1.218,10467,1.309,10679,1.33
2026-07-05T09:28:17,25.4,88.2,9943,1.248,9712,1.22,10470,1.31,10679,1.331
2026-07-05T09:43:18,25.3,83.7,9989,1.242,9754,1.216,10477,1.311,10647,1.337
2026-07-05T09:58:18,25.2,86.4,9982,1.246,9743,1.22,10465,1.314,10659,1.336
2026-07-05T10:13:18,25.0,83.0,9971,1.246,9758,1.216,10524,1.307,10715,1.333
2026-07-05T10:28:19,25.4,81.9,9993,1.241,9768,1.214,10498,1.309,10669,1.336
2026-07-05T10:43:19,26.3,83.3,9979,1.244,9737,1.218,10452,1.313,10652,1.335
2026-07-05T10:58:19,26.3,78.5,9988,1.244,9744,1.216,10472,1.312,10652,1.337
2026-07-05T11:13:20,27.3,73.6,9990,1.241,9762,1.213,10499,1.309,10676,1.336
2026-07-05T11:28:20,27.9,72.6,9951,1.248,9705,1.219,10458,1.31,10681,1.333
2026-07-05T11:43:21,27.5,70.1,9955,1.244,9733,1.214,10501,1.305,10706,1.332
2026-07-05T11:58:21,27.4,72.9,9954,1.247,9707,1.219,10459,1.311,10682,1.334
2026-07-05T12:13:21,27.5,76.6,9972,1.239,9743,1.21,10483,1.306,10672,1.335
2026-07-05T12:28:22,29.1,70.8,9946,1.237,9703,1.209,10441,1.305,10635,1.333
2026-07-05T12:43:22,29.9,63.6,9877,1.231,9651,1.2,10407,1.294,10606,1.323
2026-07-05T12:58:22,30.5,60.0,9865,1.238,9632,1.208,10391,1.298,10627,1.323
2026-07-05T13:13:23,29.1,66.1,9873,1.239,9639,1.209,10397,1.299,10632,1.324
2026-07-05T13:28:23,28.7,68.3,9892,1.238,9632,1.21,10382,1.301,10619,1.326
2026-07-05T13:43:26,29.2,66.4,9889,1.239,9636,1.21,10383,1.302,10621,1.327
2026-07-05T13:58:26,29.2,66.1,9888,1.241,9644,1.21,10401,1.301,10640,1.327
2026-07-05T14:13:26,28.8,65.8,9906,1.239,9650,1.21,10387,1.303,10619,1.329
2026-07-05T14:28:27,29.4,63.1,9937,1.235,9695,1.205,10424,1.3,10629,1.331
2026-07-05T14:43:27,28.7,68.5,9897,1.242,9655,1.211,10413,1.302,10666,1.327
2026-07-05T14:58:28,28.4,65.5,9924,1.24,9691,1.208,10455,1.299,10678,1.329
2026-07-05T15:13:28,28.2,68.6,9930,1.239,9701,1.208,10462,1.3,10679,1.33
2026-07-05T15:28:28,28.6,66.8,9921,1.244,9671,1.214,10427,1.305,10675,1.331
2026-07-05T15:43:29,27.9,68.2,9929,1.246,9689,1.215,10448,1.305,10699,1.332
2026-07-05T15:58:29,27.3,70.7,9967,1.244,9713,1.215,10438,1.31,10667,1.338
2026-07-05T16:13:29,27.2,71.5,9984,1.242,9752,1.211,10491,1.306,10707,1.337
2026-07-05T16:28:30,26.9,71.8,9964,1.248,9706,1.219,10452,1.31,10709,1.337
2026-07-05T16:43:30,27.4,72.4,9985,1.243,9755,1.212,10501,1.306,10721,1.338
2026-07-05T16:58:30,27.3,72.4,9988,1.243,9756,1.211,10497,1.306,10717,1.339
2026-07-05T17:13:31,27.4,73.1,9966,1.25,9713,1.22,10469,1.31,10731,1.338
2026-07-05T17:28:31,26.7,74.3,9991,1.247,9729,1.218,10455,1.312,10708,1.34
2026-07-05T17:43:32,27.6,72.5,9975,1.247,9737,1.215,10504,1.306,10753,1.337
2026-07-05T17:58:32,27.1,73.0,9992,1.244,9757,1.212,10505,1.306,10735,1.34
2026-07-05T18:13:32,26.9,74.1,10001,1.248,9737,1.218,10463,1.314,10710,1.343
2026-07-05T18:28:33,26.3,75.8,9977,1.25,9742,1.219,10503,1.309,10768,1.338
2026-07-05T18:43:33,25.6,78.1,9990,1.253,9733,1.222,10480,1.313,10750,1.341
2026-07-05T18:58:33,25.3,79.3,10049,1.249,9797,1.22,10516,1.314,10743,1.348
2026-07-05T19:13:34,25.0,80.5,10004,1.254,9770,1.223,10526,1.312,10794,1.342
2026-07-05T19:28:34,24.7,81.2,10076,1.252,9828,1.223,10545,1.318,10775,1.351
2026-07-05T19:43:35,24.5,81.3,10070,1.255,9820,1.227,10534,1.322,10771,1.352
2026-07-05T19:58:37,24.0,78.3,10085,1.265,9857,1.234,10601,1.322,10862,1.35
2026-07-05T20:13:38,24.0,78.3,10093,1.256,9881,1.226,10587,1.318,10621,1.328
2026-07-05T20:28:38,23.1,82.2,10110,1.263,9940,1.239,10635,1.32,10670,1.327
2026-07-05T20:43:38,22.9,80.3,10146,1.261,9941,1.239,10587,1.326,10613,1.333
2026-07-05T20:58:39,22.9,80.7,10089,1.267,9889,1.242,10570,1.324,10647,1.327
2026-07-05T21:13:39,22.9,80.9,10107,1.26,9900,1.238,10548,1.325,10607,1.331
2026-07-05T21:28:39,23.0,81.2,10136,1.26,9957,1.236,10616,1.321,10659,1.333
2026-07-05T21:43:42,23.1,81.4,10151,1.261,9947,1.238,10593,1.324,10646,1.336
2026-07-05T21:58:42,23.1,81.4,10133,1.259,9937,1.238,10586,1.324,10646,1.337
2026-07-05T22:13:43,23.0,81.9,10076,1.264,9893,1.239,10588,1.319,10694,1.328
2026-07-05T22:28:43,22.9,81.3,10031,1.259,9831,1.235,10519,1.317,10641,1.327
2026-07-05T22:43:43,22.8,82.3,10063,1.254,9885,1.228,10578,1.313,10659,1.329
2026-07-05T22:58:44,22.4,84.7,10099,1.254,9899,1.231,10558,1.319,10637,1.334
2026-07-05T23:13:44,21.9,90.4,10090,1.255,9913,1.23,10590,1.316,10667,1.332
2026-07-05T23:28:45,21.8,92.4,10107,1.254,9911,1.231,10571,1.319,10648,1.334
2026-07-05T23:43:45,21.9,93.0,10052,1.259,9870,1.233,10569,1.315,10690,1.328
2026-07-05T23:58:45,22.0,92.3,10044,1.259,9832,1.236,10510,1.319,10646,1.33
2026-07-06T00:13:46,22.1,91.9,9886,1.242,9717,1.217,10331,1.289,10275,1.276
2026-07-06T00:28:46,21.7,96.6,10022,1.244,9906,1.233,10423,1.303,10471,1.315
2026-07-06T00:43:46,21.3,98.2,10004,1.252,9917,1.238,10500,1.305,10623,1.319
2026-07-06T00:58:47,21.0,98.6,10066,1.25,9976,1.238,10528,1.312,10633,1.332
2026-07-06T01:13:47,20.8,98.7,10036,1.26,9944,1.245,10541,1.315,10708,1.33
2026-07-06T01:28:47,20.6,98.9,10044,1.258,9955,1.244,10568,1.315,10742,1.333
2026-07-06T01:43:48,20.9,99.0,10115,1.255,10009,1.243,10586,1.32,10727,1.344
2026-07-06T01:58:48,20.7,99.1,10067,1.258,9979,1.244,10598,1.315,10770,1.339
2026-07-06T02:13:49,20.8,99.1,10045,1.259,9924,1.248,10497,1.319,10692,1.335
2026-07-06T02:28:49,20.7,99.2,10023,1.258,9910,1.246,10495,1.317,10665,1.332
2026-07-06T02:43:49,20.9,99.3,10032,1.253,9943,1.238,10565,1.31,10679,1.328
2026-07-06T02:58:50,20.8,99.3,10087,1.254,9958,1.242,10554,1.322,10655,1.339
2026-07-06T03:13:50,20.9,99.3,10090,1.263,9947,1.25,10568,1.328,10717,1.341
2026-07-06T03:28:50,20.7,99.3,10136,1.261,9988,1.246,10610,1.33,10727,1.348
2026-07-06T03:43:51,20.7,99.4,10118,1.266,9964,1.252,10610,1.334,10770,1.348
2026-07-06T03:58:51,20.6,99.4,10107,1.27,9967,1.251,10653,1.332,10825,1.347
2026-07-06T04:13:52,20.6,99.5,10126,1.269,9997,1.25,10691,1.331,10863,1.348
2026-07-06T04:28:52,20.7,99.4,10149,1.269,10019,1.25,10720,1.331,10881,1.352
2026-07-06T04:43:52,20.6,99.5,10194,1.266,10064,1.248,10732,1.335,10870,1.359
2026-07-06T04:58:53,20.4,99.6,10161,1.275,10000,1.257,10683,1.338,10895,1.356
2026-07-06T05:13:53,20.5,99.6,10208,1.27,10077,1.25,10752,1.335,10904,1.361
2026-07-06T05:28:56,20.6,99.7,10155,1.276,10003,1.256,10706,1.338,10910,1.357
2026-07-06T05:43:56,20.6,99.7,10191,1.274,10022,1.258,10685,1.343,10885,1.364
2026-07-06T05:58:56,20.6,99.7,10257,1.273,10090,1.256,10752,1.344,10912,1.37
2026-07-06T06:13:57,20.6,99.8,10191,1.28,10045,1.259,10754,1.341,10967,1.362
2026-07-06T06:28:57,20.6,99.7,10208,1.28,10065,1.259,10773,1.341,10990,1.364
2026-07-06T06:43:57,20.7,99.8,10218,1.278,10073,1.257,10781,1.339,10993,1.365
2026-07-06T06:59:00,20.7,99.8,10269,1.275,10100,1.256,10764,1.345,10948,1.374
2026-07-06T07:14:00,20.7,99.8,10227,1.283,10052,1.264,10747,1.347,10982,1.371
2026-07-06T07:29:01,20.6,99.7,10285,1.276,10118,1.257,10793,1.346,10982,1.376
2026-07-06T07:44:01,20.5,99.9,10252,1.284,10103,1.26,10826,1.344,11039,1.372
2026-07-06T07:59:02,20.5,99.8,10258,1.282,10081,1.264,10748,1.351,10983,1.376
2026-07-06T08:14:02,20.5,99.7,10265,1.279,10122,1.257,10822,1.343,11023,1.374
2026-07-06T08:29:02,20.5,99.8,10280,1.276,10122,1.256,10799,1.345,11004,1.377
2026-07-06T08:44:03,20.6,99.8,10250,1.278,10111,1.256,10817,1.342,11027,1.375
2026-07-06T08:59:03,20.6,99.8,10215,1.282,10046,1.263,10742,1.347,10998,1.372
2026-07-06T09:14:03,20.5,99.7,10190,1.278,10061,1.258,10742,1.337,10993,1.364
2026-07-06T09:29:04,20.3,99.7,10186,1.278,10053,1.258,10727,1.337,10978,1.363
2026-07-06T09:44:04,20.4,99.6,10215,1.271,10091,1.252,10743,1.334,10945,1.366
2026-07-06T09:59:05,20.4,99.6,10209,1.272,10079,1.252,10739,1.332,10940,1.363
2026-07-06T10:14:05,20.3,99.6,10194,1.273,10028,1.257,10656,1.34,10881,1.365
2026-07-06T10:29:08,20.3,99.6,10180,1.271,10000,1.255,10602,1.333,10833,1.357
2026-07-06T10:44:08,20.2,99.7,10101,1.264,9912,1.245,10524,1.323,10692,1.338
2026-07-06T10:59:08,20.2,99.8,10077,1.262,9918,1.239,10596,1.318,10724,1.331
2026-07-06T11:14:09,20.2,99.8,10079,1.266,9900,1.242,10594,1.324,10717,1.333
2026-07-06T11:29:09,20.2,99.8,10098,1.255,9901,1.234,10518,1.317,10519,1.322
2026-07-06T11:44:09,20.0,99.7,10095,1.267,9938,1.25,10637,1.333,10762,1.339
2026-07-06T11:59:10,19.9,99.9,10175,1.278,10052,1.26,10807,1.349,11022,1.37
2026-07-06T12:14:10,19.9,99.7,10290,1.287,10167,1.268,10921,1.356,11222,1.393
2026-07-06T12:29:10,19.9,99.9,10335,1.292,10197,1.272,10962,1.361,11299,1.403
2026-07-06T12:44:11,19.9,99.9,10372,1.301,10187,1.281,10938,1.372,11308,1.412
2026-07-06T12:59:11,19.7,99.9,10334,1.292,10133,1.272,10851,1.364,11174,1.399
2026-07-06T13:14:12,19.7,99.9,10263,1.288,10084,1.262,10865,1.354,11144,1.384
2026-07-06T13:29:12,19.7,99.9,10357,1.29,10131,1.267,10869,1.365,11122,1.397
2026-07-06T13:44:12,19.7,99.9,10316,1.293,10122,1.265,10917,1.358,11212,1.391
2026-07-06T13:59:13,19.6,99.9,10382,1.288,10157,1.262,10921,1.363,11167,1.4
2026-07-06T14:14:13,19.8,99.9,10390,1.296,10178,1.266,11005,1.365,11290,1.405
2026-07-06T14:29:13,19.6,99.9,10431,1.304,10177,1.278,10980,1.378,11316,1.414
2026-07-06T14:44:14,19.6,99.9,10460,1.303,10217,1.277,11003,1.381,11321,1.422
2026-07-06T14:59:14,19.6,99.9,10436,1.308,10228,1.278,11057,1.375,11422,1.418
2026-07-06T15:14:14,19.5,99.9,10460,1.299,10232,1.275,10982,1.375,11307,1.421
2026-07-06T15:29:15,19.8,99.9,10414,1.305,10172,1.279,10953,1.374,11332,1.416
2026-07-06T15:44:17,19.3,99.9,10481,1.306,10230,1.279,10992,1.38,11352,1.426
2026-07-06T15:59:18,19.3,99.9,10501,1.305,10276,1.274,11058,1.375,11418,1.426
2026-07-06T16:14:18,18.9,99.9,10514,1.306,10287,1.276,11066,1.377,11436,1.43
2026-07-06T16:29:19,18.5,99.9,10480,1.307,10259,1.275,11069,1.373,11456,1.427
2026-07-06T16:44:19,18.5,99.9,10466,1.311,10208,1.283,10996,1.381,11431,1.429
2026-07-06T16:59:19,18.4,99.9,10448,1.312,10199,1.282,11005,1.378,11450,1.427
2026-07-06T17:14:20,18.3,99.9,10501,1.304,10264,1.276,11037,1.378,11442,1.434
2026-07-06T17:29:20,18.4,99.9,10498,1.309,10235,1.281,11006,1.383,11435,1.436
2026-07-06T17:44:20,18.3,99.9,10492,1.308,10266,1.276,11078,1.374,11502,1.433
2026-07-06T17:59:21,18.3,99.9,10539,1.311,10272,1.282,11040,1.384,11466,1.441
2026-07-06T18:14:21,18.3,99.9,10512,1.314,10241,1.285,11016,1.385,11485,1.439
2026-07-06T18:29:22,18.3,99.9,10519,1.312,10286,1.278,11102,1.377,11541,1.438
2026-07-06T18:44:22,18.4,99.9,10557,1.312,10289,1.282,11059,1.384,11498,1.444
2026-07-06T18:59:22,18.4,99.9,10524,1.315,10285,1.281,11105,1.378,11564,1.437
2026-07-06T19:14:23,18.4,99.9,10536,1.319,10256,1.289,11040,1.387,11533,1.442
2026-07-06T19:29:23,18.5,99.9,10557,1.31,10308,1.28,11083,1.381,11533,1.443
2026-07-06T19:44:23,18.5,99.9,10495,1.318,10245,1.286,11057,1.382,11556,1.438
2026-07-06T19:59:24,18.5,99.9,10592,1.315,10342,1.283,11115,1.383,11569,1.447
2026-07-06T20:14:24,18.6,99.9,10217,1.269,10277,1.274,10630,1.322,10825,1.353
2026-07-06T20:29:24,18.6,99.9,10293,1.278,10235,1.269,10778,1.342,10948,1.37
2026-07-06T20:44:25,18.6,99.9,10393,1.294,10255,1.272,10913,1.354,11134,1.388
2026-07-06T20:59:25,18.6,99.9,10473,1.299,10256,1.276,10946,1.368,11180,1.403
2026-07-06T21:14:26,18.6,99.9,10455,1.298,10239,1.27,10975,1.368,11212,1.405
2026-07-06T21:29:26,18.6,99.9,10461,1.304,10198,1.276,10947,1.375,11227,1.41
2026-07-06T21:44:26,18.5,99.9,10460,1.304,10183,1.275,10953,1.377,11253,1.413
2026-07-06T21:59:27,18.6,99.9,10442,1.306,10195,1.27,11032,1.369,11345,1.41
2026-07-06T22:14:27,18.6,99.9,10498,1.302,10214,1.27,11011,1.375,11316,1.419
2026-07-06T22:29:27,18.6,99.9,10487,1.304,10222,1.268,11042,1.373,11354,1.419
2026-07-06T22:44:28,18.7,99.9,10482,1.304,10215,1.267,11049,1.373,11370,1.419
2026-07-06T22:59:28,18.7,99.9,10431,1.31,10151,1.273,11012,1.375,11388,1.417
2026-07-06T23:14:28,18.7,99.9,10498,1.303,10214,1.268,11038,1.375,11375,1.423
2026-07-06T23:29:29,18.8,99.9,10497,1.305,10192,1.271,11011,1.379,11358,1.427
2026-07-06T23:44:29,18.8,99.9,10498,1.305,10190,1.271,11012,1.379,11367,1.428
2026-07-06T23:59:30,18.8,99.9,10474,1.306,10201,1.267,11056,1.374,11417,1.425
2026-07-07T00:14:30,18.8,99.9,10491,1.31,10180,1.276,11002,1.383,11396,1.429
2026-07-07T00:29:30,18.9,99.9,10488,1.307,10215,1.269,11076,1.374,11452,1.426
2026-07-07T00:44:31,18.8,99.9,10481,1.312,10168,1.277,11002,1.383,11419,1.429
2026-07-07T00:59:31,18.7,99.9,10499,1.31,10187,1.275,11010,1.384,11408,1.432
2026-07-07T01:14:31,18.7,99.9,10458,1.313,10179,1.275,11046,1.378,11476,1.426
2026-07-07T01:29:32,18.6,99.9,10487,1.31,10210,1.271,11084,1.375,11487,1.428
2026-07-07T01:44:32,18.6,99.9,10473,1.315,10191,1.277,11054,1.379,11489,1.428
2026-07-07T01:59:33,18.6,99.9,10502,1.306,10230,1.269,11071,1.377,11462,1.432
2026-07-07T02:14:33,18.5,99.9,10508,1.312,10196,1.278,11017,1.385,11442,1.435
2026-07-07T02:29:33,18.5,99.9,10493,1.31,10221,1.271,11086,1.375,11499,1.431
2026-07-07T02:44:34,18.4,99.9,10532,1.312,10209,1.279,11026,1.386,11451,1.437
2026-07-07T02:59:34,18.2,99.9,10536,1.312,10227,1.278,11040,1.385,11453,1.439
2026-07-07T03:14:34,18.1,99.9,10523,1.313,10217,1.279,11028,1.386,11458,1.438
2026-07-07T03:29:35,18.2,99.9,10476,1.312,10207,1.274,11071,1.376,11524,1.43
2026-07-07T03:44:37,18.2,99.9,10506,1.311,10198,1.278,11014,1.385,11452,1.437
2026-07-07T03:59:38,18.2,99.9,10494,1.309,10230,1.272,11087,1.375,11502,1.435
2026-07-07T04:14:38,18.0,99.9,10506,1.312,10200,1.279,11015,1.385,11463,1.437
2026-07-07T04:29:38,18.0,99.9,10518,1.314,10212,1.28,11025,1.386,11472,1.438
2026-07-07T04:44:39,17.9,99.9,10530,1.309,10228,1.276,11039,1.383,11466,1.441
2026-07-07T04:59:39,18.0,99.9,10489,1.31,10224,1.272,11084,1.375,11523,1.433
2026-07-07T05:14:40,18.0,99.9,10486,1.308,10222,1.27,11078,1.374,11517,1.434
2026-07-07T05:29:40,18.2,99.9,10499,1.31,10196,1.277,11005,1.384,11464,1.439
2026-07-07T05:44:40,18.1,99.9,10501,1.311,10199,1.278,11008,1.384,11475,1.439
2026-07-07T05:59:41,17.9,99.9,10467,1.314,10197,1.277,11051,1.378,11537,1.433
2026-07-07T06:14:41,17.7,99.9,10488,1.315,10185,1.28,11015,1.382,11510,1.438
2026-07-07T06:29:41,17.9,99.9,10533,1.307,10235,1.274,11042,1.381,11488,1.442
2026-07-07T06:44:42,18.0,99.9,10503,1.31,10202,1.278,10999,1.383,11487,1.439
2026-07-07T06:59:42,18.2,99.9,10482,1.307,10223,1.27,11067,1.373,11530,1.436
2026-07-07T07:14:42,18.3,99.9,10499,1.308,10236,1.271,11073,1.374,11535,1.437
2026-07-07T07:29:43,18.3,99.9,10535,1.311,10232,1.278,11026,1.383,11486,1.443
2026-07-07T07:44:43,18.2,99.9,10477,1.316,10184,1.279,11019,1.379,11527,1.437
2026-07-07T07:59:44,18.1,99.9,10490,1.314,10189,1.28,11002,1.382,11511,1.439
2026-07-07T08:14:44,18.2,99.9,10491,1.31,10230,1.273,11072,1.373,11553,1.437
2026-07-07T08:29:44,18.5,99.9,10529,1.31,10228,1.277,11021,1.382,11495,1.444
2026-07-07T08:44:45,18.4,99.8,10456,1.312,10195,1.276,11034,1.375,11549,1.434
2026-07-07T08:59:45,18.5,99.9,10485,1.305,10226,1.269,11050,1.373,11525,1.438
2026-07-07T09:14:45,19.4,99.8,10489,1.302,10222,1.269,11029,1.374,11505,1.439
2026-07-07T09:29:46,19.4,99.2,10434,1.309,10154,1.274,10990,1.374,11515,1.434
2026-07-07T09:44:46,19.1,98.8,10440,1.31,10153,1.276,10981,1.375,11507,1.435
2026-07-07T09:59:47,18.8,98.9,10441,1.307,10185,1.271,11022,1.37,11542,1.433
2026-07-07T10:14:47,19.0,98.8,10469,1.3,10212,1.267,11015,1.371,11499,1.438
2026-07-07T10:29:47,19.5,98.4,10416,1.305,10162,1.27,10999,1.369,11527,1.431
2026-07-07T10:44:48,19.6,97.9,10434,1.303,10181,1.268,11016,1.367,11525,1.435
2026-07-07T10:59:48,20.0,97.6,10404,1.306,10133,1.272,10962,1.371,11498,1.433
2026-07-07T11:14:48,19.9,97.0,10439,1.304,10153,1.273,10942,1.375,11464,1.437
2026-07-07T11:29:49,19.9,96.7,10431,1.3,10183,1.265,11000,1.367,11496,1.434
2026-07-07T11:44:49,20.1,96.8,10438,1.3,10154,1.27,10944,1.373,11448,1.438
2026-07-07T11:59:49,20.4,96.1,10422,1.302,10139,1.271,10929,1.373,11454,1.435
2026-07-07T12:14:50,20.7,95.7,10420,1.298,10172,1.263,10984,1.365,11483,1.432
2026-07-07T12:29:50,21.1,94.1,10404,1.3,10121,1.269,10916,1.371,11443,1.434
2026-07-07T12:44:51,22.0,93.5,10406,1.297,10159,1.262,10977,1.364,11480,1.431
2026-07-07T12:59:51,22.4,91.5,10374,1.299,10127,1.265,10955,1.364,11492,1.428
2026-07-07T13:14:51,22.5,91.1,10427,1.295,10156,1.264,10943,1.368,11448,1.435
2026-07-07T13:29:52,22.2,87.3,10454,1.298,10182,1.267,10963,1.37,11464,1.438
2026-07-07T13:44:52,21.5,89.4,10415,1.3,10168,1.266,10990,1.365,11506,1.432
2026-07-07T13:59:52,22.2,87.3,10395,1.302,10113,1.27,10921,1.369,11460,1.432
2026-07-07T14:14:53,23.1,83.6,10382,1.302,10105,1.269,10918,1.368,11465,1.431
2026-07-07T14:29:53,23.3,80.1,10369,1.302,10104,1.268,10923,1.366,11468,1.429
2026-07-07T14:44:53,23.4,79.6,10377,1.3,10098,1.268,10904,1.367,11448,1.431
2026-07-07T14:59:54,23.6,79.8,10353,1.3,10100,1.266,10919,1.364,11467,1.427
2026-07-07T15:14:54,23.3,79.8,10373,1.299,10127,1.265,10946,1.362,11491,1.428
2026-07-07T15:29:55,22.4,82.7,10398,1.299,10119,1.268,10902,1.369,11438,1.433
2026-07-07T15:44:55,22.6,82.1,10386,1.298,10140,1.264,10959,1.361,11488,1.429
2026-07-07T15:59:55,22.6,84.0,10430,1.298,10182,1.264,10969,1.365,11475,1.433
2026-07-07T16:14:56,22.7,83.6,10384,1.298,10136,1.264,10954,1.361,11487,1.428
2026-07-07T16:29:56,22.7,83.6,10396,1.3,10113,1.269,10898,1.368,11439,1.432
2026-07-07T16:44:56,23.0,82.5,10360,1.3,10101,1.266,10916,1.363,11469,1.428
2026-07-07T16:59:57,23.1,81.6,10379,1.301,10098,1.268,10900,1.366,11452,1.43
2026-07-07T17:14:57,22.9,82.1,10392,1.297,10145,1.262,10952,1.36,11477,1.429
2026-07-07T17:29:58,22.7,82.9,10378,1.297,10133,1.262,10943,1.359,11481,1.428
2026-07-07T17:44:58,22.2,84.2,10395,1.296,10147,1.261,10951,1.36,11474,1.43
2026-07-07T17:59:58,22.6,83.6,10367,1.301,10100,1.267,10909,1.364,11467,1.429
2026-07-07T18:14:59,22.3,84.3,10402,1.296,10123,1.265,10893,1.367,11430,1.432
2026-07-07T18:29:59,22.2,84.5,10368,1.301,10092,1.267,10895,1.364,11454,1.429
2026-07-07T18:44:59,22.0,85.3,10415,1.298,10134,1.267,10901,1.368,11430,1.435
2026-07-07T19:00:00,21.7,85.7,10413,1.3,10162,1.264,10964,1.361,11494,1.431
2026-07-07T19:15:00,21.5,86.4,10423,1.298,10174,1.263,10962,1.362,11485,1.432
2026-07-07T19:30:03,21.0,88.0,10416,1.301,10165,1.265,10968,1.361,11500,1.431
2026-07-07T19:45:03,21.0,87.9,10440,1.302,10153,1.271,10914,1.371,11451,1.437
2026-07-07T20:00:03,20.7,86.0,10412,1.304,10129,1.272,10908,1.369,11471,1.433
2026-07-07T20:15:04,20.6,84.5,10380,1.294,10147,1.261,10563,1.31,10802,1.345
2026-07-07T20:30:04,20.0,90.6,10447,1.306,10167,1.276,10603,1.333,10930,1.37
2026-07-07T20:45:05,19.9,90.2,10449,1.306,10167,1.276,10635,1.337,11002,1.378
2026-07-07T21:00:05,19.9,90.8,10433,1.309,10156,1.275,10691,1.337,11087,1.38
2026-07-07T21:15:05,19.9,91.6,10431,1.31,10164,1.276,10707,1.34,11114,1.385
2026-07-07T21:30:06,19.8,93.0,10421,1.309,10172,1.274,10739,1.339,11154,1.386
2026-07-07T21:45:06,19.8,93.6,10484,1.302,10228,1.269,10771,1.341,11148,1.394
2026-07-07T22:00:06,19.8,93.9,10374,1.298,10140,1.265,10729,1.332,11150,1.385
2026-07-07T22:15:07,19.5,92.7,10387,1.295,10152,1.262,10747,1.333,11148,1.388
2026-07-07T22:30:07,19.4,92.6,10410,1.292,10158,1.262,10732,1.338,11128,1.393
2026-07-07T22:45:07,19.3,92.6,10353,1.298,10118,1.265,10734,1.337,11179,1.388
2026-07-07T23:00:08,19.2,92.1,10408,1.295,10136,1.266,10718,1.344,11125,1.398
2026-07-07T23:15:08,19.2,92.4,10399,1.295,10128,1.266,10717,1.345,11132,1.399
2026-07-07T23:30:09,19.2,92.0,10411,1.294,10141,1.265,10738,1.345,11151,1.401
2026-07-07T23:45:09,19.1,91.4,10352,1.299,10120,1.266,10765,1.341,11219,1.393
2026-07-08T00:00:09,18.9,92.9,10379,1.296,10109,1.267,10714,1.347,11161,1.399
2026-07-08T00:15:10,18.9,93.0,10350,1.296,10119,1.262,10775,1.339,11227,1.394
2026-07-08T00:30:10,18.9,92.8,10389,1.295,10120,1.266,10734,1.348,11168,1.403
2026-07-08T00:45:10,18.9,92.6,10391,1.294,10121,1.265,10739,1.348,11176,1.404
2026-07-08T01:00:11,18.9,92.3,10396,1.294,10166,1.261,10810,1.343,11226,1.404
2026-07-08T01:15:11,18.6,92.8,10354,1.3,10106,1.268,10772,1.346,11248,1.4
2026-07-08T01:30:12,18.6,93.4,10385,1.298,10116,1.27,10749,1.351,11226,1.405
2026-07-08T01:45:14,18.8,92.1,10393,1.298,10122,1.269,10749,1.352,11216,1.406
2026-07-08T02:00:15,18.8,92.1,10346,1.299,10110,1.267,10787,1.346,11272,1.401
2026-07-08T02:15:15,18.7,92.7,10395,1.297,10129,1.269,10761,1.353,11224,1.409
2026-07-08T02:30:15,18.6,92.0,10414,1.293,10155,1.264,10794,1.349,11239,1.41
2026-07-08T02:45:16,18.4,92.8,10357,1.301,10108,1.269,10787,1.349,11280,1.404
2026-07-08T03:00:16,18.3,93.5,10379,1.298,10114,1.27,10760,1.353,11248,1.408
2026-07-08T03:15:16,18.2,93.5,10355,1.3,10121,1.267,10809,1.347,11302,1.404
2026-07-08T03:30:17,18.1,93.9,10394,1.299,10125,1.27,10774,1.355,11259,1.411
2026-07-08T03:45:17,18.0,93.8,10372,1.302,10135,1.269,10827,1.35,11327,1.407
2026-07-08T04:00:17,17.9,93.6,10397,1.298,10165,1.265,10861,1.347,11334,1.409
2026-07-08T04:15:18,17.8,93.0,10399,1.304,10131,1.273,10808,1.356,11314,1.413
2026-07-08T04:30:18,17.8,93.4,10397,1.304,10134,1.274,10813,1.356,11323,1.413
2026-07-08T04:45:19,17.7,93.6,10406,1.304,10137,1.274,10812,1.358,11321,1.415
2026-07-08T05:00:19,17.6,93.7,10462,1.302,10188,1.272,10844,1.36,11312,1.422
2026-07-08T05:15:19,17.6,94.0,10465,1.298,10210,1.268,10874,1.356,11342,1.421
2026-07-08T05:30:20,17.6,93.9,10446,1.297,10207,1.267,10872,1.354,11349,1.42
2026-07-08T05:45:20,17.5,93.8,10437,1.305,10166,1.276,10824,1.361,11342,1.421
2026-07-08T06:00:20,17.5,94.4,10452,1.297,10203,1.267,10867,1.355,11351,1.421
2026-07-08T06:15:21,17.6,94.1,10409,1.304,10140,1.275,10815,1.358,11352,1.419
2026-07-08T06:30:21,17.8,93.8,10406,1.3,10177,1.267,10878,1.349,11390,1.416
2026-07-08T06:45:21,18.2,92.8,10423,1.3,10157,1.271,10812,1.359,11329,1.422
2026-07-08T07:00:22,18.6,92.4,10420,1.297,10155,1.269,10811,1.357,11319,1.422
2026-07-08T07:15:22,19.0,90.8,10381,1.302,10117,1.272,10800,1.354,11351,1.417
2026-07-08T07:30:23,19.4,88.1,10374,1.298,10144,1.265,10843,1.347,11386,1.414
2026-07-08T07:45:23,20.0,85.4,10350,1.292,10121,1.26,10822,1.343,11360,1.414
2026-07-08T08:00:23,22.0,80.5,10255,1.287,10015,1.257,10702,1.339,11278,1.406
2026-07-08T08:15:24,24.1,73.0,10250,1.276,10035,1.246,10707,1.331,11246,1.404
2026-07-08T08:30:24,25.4,67.2,10225,1.276,9989,1.251,10638,1.336,11202,1.404
2026-07-08T08:45:24,25.9,65.7,10231,1.275,10036,1.248,10721,1.333,11258,1.404
2026-07-08T09:00:25,26.6,62.4,10238,1.284,10018,1.257,10713,1.341,11279,1.407
2026-07-08T09:15:25,27.6,60.4,10254,1.274,10033,1.248,10714,1.337,11244,1.407
2026-07-08T09:30:26,28.4,57.6,10192,1.276,9951,1.249,10651,1.335,11216,1.401
2026-07-08T09:45:26,29.0,53.0,10166,1.27,9954,1.24,10666,1.326,11216,1.396
2026-07-08T10:00:26,29.4,52.8,10226,1.272,10012,1.245,10702,1.333,11239,1.405
2026-07-08T10:15:27,30.1,53.1,10189,1.271,9989,1.243,10692,1.329,11250,1.402
2026-07-08T10:30:27,30.2,54.3,10181,1.277,9973,1.25,10668,1.333,11264,1.403
2026-07-08T10:45:27,30.7,53.3,10151,1.273,9950,1.247,10639,1.33,11238,1.401
2026-07-08T11:00:28,31.8,49.4,10181,1.269,9971,1.245,10639,1.332,11208,1.405
2026-07-08T11:15:28,32.4,47.7,10151,1.272,9952,1.247,10647,1.331,11243,1.401
2026-07-08T11:30:28,32.9,50.2,10203,1.269,10002,1.244,10664,1.33,11236,1.405
2026-07-08T11:45:29,33.3,47.1,10182,1.274,9960,1.249,10632,1.332,11226,1.403
2026-07-08T12:00:29,34.0,45.3,10162,1.274,9951,1.248,10642,1.331,11235,1.401
2026-07-08T12:15:30,33.9,45.3,10167,1.27,9973,1.244,10683,1.329,11243,1.4
2026-07-08T12:30:30,35.5,42.8,10172,1.275,9957,1.246,10659,1.33,11241,1.399
2026-07-08T12:45:30,30.4,54.0,10130,1.268,9905,1.238,10615,1.322,11187,1.391
2026-07-08T13:00:31,28.8,57.2,10161,1.273,9909,1.244,10616,1.33,11185,1.396
2026-07-08T13:15:31,28.3,57.0,10202,1.278,9948,1.249,10672,1.335,11235,1.401
2026-07-08T13:30:31,28.0,56.2,10245,1.273,9995,1.244,10714,1.337,11230,1.406
2026-07-08T13:45:32,30.6,54.7,10218,1.278,9953,1.249,10689,1.34,11218,1.402
2026-07-08T14:00:32,32.4,54.2,10208,1.276,9929,1.244,10657,1.337,11184,1.399
2026-07-08T14:15:33,32.4,50.0,10225,1.274,9950,1.242,10674,1.337,11199,1.405
2026-07-08T14:30:33,31.3,50.7,10215,1.273,9941,1.242,10675,1.338,11205,1.405
2026-07-08T14:45:33,32.7,50.5,10184,1.275,9934,1.241,10709,1.335,11263,1.401
2026-07-08T15:00:34,33.4,47.8,10225,1.273,9953,1.242,10699,1.339,11187,1.403
2026-07-08T15:15:34,32.0,50.0,10222,1.277,9965,1.242,10708,1.331,11251,1.401
2026-07-08T15:30:34,30.7,51.8,10236,1.279,9947,1.247,10656,1.337,11201,1.402
2026-07-08T15:45:35,28.0,59.5,10265,1.285,9979,1.253,10707,1.342,11250,1.405
2026-07-08T16:00:35,27.0,65.1,10296,1.283,9992,1.251,10708,1.344,11241,1.409
2026-07-08T16:15:35,27.1,62.4,10265,1.284,9998,1.248,10750,1.338,11306,1.405
2026-07-08T16:30:36,26.9,63.3,10290,1.286,9995,1.252,10715,1.345,11283,1.413
2026-07-08T16:45:38,26.2,65.1,10316,1.282,10034,1.248,10758,1.342,11312,1.416
2026-07-08T17:00:39,26.2,64.6,10271,1.287,10000,1.25,10762,1.342,11335,1.409
2026-07-08T17:15:39,26.4,64.7,10314,1.284,9996,1.247,10745,1.345,11250,1.411
2026-07-08T17:30:40,28.9,57.5,10276,1.282,9971,1.241,10751,1.337,11298,1.408
2026-07-08T17:45:40,29.5,55.2,10264,1.282,9927,1.243,10680,1.34,11253,1.409
2026-07-08T18:00:43,27.4,60.4,10287,1.279,9972,1.242,10708,1.338,11289,1.415
2026-07-08T18:15:43,27.4,60.6,10271,1.288,9985,1.249,10744,1.34,11368,1.413
2026-07-08T18:30:43,25.7,66.0,10328,1.286,10016,1.251,10742,1.346,11328,1.422
2026-07-08T18:45:44,25.0,67.7,10349,1.288,10069,1.25,10811,1.345,11395,1.423
2026-07-08T19:00:44,24.8,69.8,10460,1.3,10065,1.255,10796,1.35,11382,1.428
2026-07-08T19:15:44,24.3,71.4,10470,1.301,10080,1.256,10809,1.352,11396,1.43
2026-07-08T19:30:45,23.8,73.5,10488,1.303,10112,1.257,10846,1.352,11437,1.432
2026-07-08T19:45:45,23.6,74.3,10511,1.306,10122,1.262,10849,1.357,11446,1.436
2026-07-08T20:00:45,23.5,75.3,10545,1.314,10144,1.268,10863,1.364,11467,1.439
2026-07-08T20:15:46,23.2,79.4,10128,1.27,9816,1.234,10396,1.306,10872,1.358
2026-07-08T20:30:46,21.5,88.5,10274,1.282,9909,1.231,10648,1.32,10897,1.357
2026-07-08T20:45:47,21.4,88.0,10353,1.291,9910,1.241,10648,1.339,10909,1.369
2026-07-08T21:00:47,21.2,89.0,10350,1.3,9900,1.244,10705,1.341,10990,1.37
2026-07-08T21:15:47,21.2,88.4,10363,1.3,9923,1.241,10758,1.341,11035,1.37
2026-07-08T21:30:48,21.2,88.0,10461,1.298,9992,1.242,10795,1.347,11019,1.382
2026-07-08T21:45:48,21.2,86.9,10365,1.302,9895,1.243,10751,1.347,11036,1.375
2026-07-08T22:00:48,21.1,86.0,10404,1.296,9961,1.237,10823,1.343,11059,1.379
2026-07-08T22:15:49,21.1,85.8,10400,1.299,9953,1.239,10832,1.344,11084,1.379
2026-07-08T22:30:49,21.3,83.5,10431,1.296,9982,1.238,10840,1.348,11073,1.384
2026-07-08T22:45:49,21.2,83.4,10423,1.303,9940,1.248,10792,1.357,11066,1.385
2026-07-08T23:00:50,21.3,84.8,10423,1.303,9944,1.248,10798,1.357,11070,1.387
2026-07-08T23:15:50,21.5,86.6,10459,1.299,9986,1.244,10846,1.355,11083,1.391
2026-07-08T23:30:51,21.4,87.5,10406,1.301,9968,1.242,10870,1.349,11133,1.384
2026-07-08T23:45:51,21.5,87.8,10389,1.304,9949,1.245,10849,1.353,11138,1.384
2026-07-09T00:00:51,21.2,89.4,10440,1.3,10008,1.242,10896,1.353,11136,1.39
2026-07-09T00:15:52,21.2,89.2,10436,1.301,10003,1.242,10900,1.353,11151,1.39
2026-07-09T00:30:52,21.2,89.6,10447,1.303,9978,1.249,10841,1.362,11114,1.394
2026-07-09T00:45:52,21.0,91.0,10460,1.3,10023,1.244,10902,1.357,11150,1.394
2026-07-09T01:00:53,21.1,90.5,10412,1.307,9973,1.25,10878,1.359,11180,1.39
2026-07-09T01:15:53,21.1,90.7,10475,1.302,10015,1.248,10884,1.362,11137,1.399
2026-07-09T01:30:54,21.1,91.0,10422,1.309,9975,1.252,10877,1.362,11182,1.393
2026-07-09T01:45:54,21.2,90.2,10456,1.304,10033,1.247,10939,1.357,11204,1.395
2026-07-09T02:00:54,21.1,90.6,10484,1.305,10025,1.252,10893,1.366,11159,1.402
2026-07-09T02:15:55,20.9,92.1,10484,1.302,10036,1.249,10911,1.363,11169,1.402
2026-07-09T02:30:55,20.9,92.2,10431,1.308,10013,1.252,10922,1.36,11231,1.394
2026-07-09T02:45:55,20.9,92.1,10492,1.302,10056,1.249,10932,1.363,11197,1.403
2026-07-09T03:00:56,21.0,89.6,10470,1.302,10058,1.248,10948,1.36,11213,1.4
2026-07-09T03:15:56,21.0,88.3,10439,1.308,10025,1.252,10935,1.361,11250,1.397
2026-07-09T03:30:56,21.0,87.2,10493,1.302,10065,1.25,10941,1.363,11214,1.404
2026-07-09T03:45:57,20.9,86.3,10476,1.303,10067,1.249,10953,1.361,11226,1.403
2026-07-09T04:00:57,20.8,87.0,10469,1.308,10023,1.257,10890,1.369,11205,1.405
2026-07-09T04:15:58,20.8,86.2,10479,1.306,10036,1.255,10903,1.369,11199,1.406
2026-07-09T04:30:58,20.7,86.0,10437,1.308,10034,1.254,10942,1.362,11270,1.399
2026-07-09T04:45:58,20.7,87.5,10448,1.306,10044,1.251,10957,1.36,11269,1.401
2026-07-09T05:00:59,20.7,89.2,10436,1.31,10011,1.257,10912,1.366,11254,1.402
2026-07-09T05:15:59,20.5,91.0,10458,1.305,10058,1.25,10967,1.36,11268,1.403
2026-07-09T05:30:59,20.5,89.5,10449,1.31,10012,1.258,10901,1.366,11260,1.403
2026-07-09T05:46:00,20.4,90.8,10451,1.31,10010,1.258,10900,1.368,11250,1.405
2026-07-09T06:01:00,20.6,89.9,10435,1.31,10014,1.257,10918,1.366,11271,1.404
2026-07-09T06:16:00,20.9,90.2,10453,1.304,10055,1.25,10963,1.36,11276,1.404
2026-07-09T06:31:01,21.1,91.0,10434,1.309,10002,1.257,10902,1.367,11260,1.404
2026-07-09T06:46:01,21.5,89.5,10456,1.305,10016,1.255,10887,1.368,11227,1.408
2026-07-09T07:01:02,21.9,88.8,10466,1.302,10032,1.252,10904,1.366,11224,1.409
2026-07-09T07:16:02,22.4,88.3,10431,1.3,10037,1.246,10938,1.358,11262,1.404
2026-07-09T07:31:02,22.9,87.3,10452,1.298,10024,1.248,10902,1.362,11228,1.409
2026-07-09T07:46:03,23.3,83.6,10400,1.298,9970,1.248,10845,1.362,11207,1.405
2026-07-09T08:01:03,24.7,78.3,10330,1.295,9938,1.243,10851,1.352,11229,1.395
2026-07-09T08:16:03,26.2,72.1,10355,1.287,9950,1.239,10818,1.353,11166,1.401
2026-07-09T08:31:04,27.0,72.1,10301,1.291,9922,1.24,10820,1.349,11209,1.393
2026-07-09T08:46:04,27.4,69.1,10356,1.288,9957,1.242,10827,1.355,11179,1.403
2026-07-09T09:01:05,28.8,66.2,10387,1.291,9987,1.244,10868,1.357,11225,1.406
2026-07-09T09:16:05,29.4,65.2,10343,1.293,9931,1.245,10817,1.357,11211,1.403
2026-07-09T09:31:05,30.8,61.4,10345,1.292,9956,1.241,10873,1.352,11251,1.401
2026-07-09T09:46:06,31.7,61.1,10339,1.296,9924,1.245,10833,1.357,11240,1.402
2026-07-09T10:01:06,31.5,63.2,10378,1.29,9976,1.24,10868,1.354,11239,1.405
2026-07-09T10:16:06,31.5,60.0,10379,1.291,9962,1.242,10847,1.356,11223,1.407
2026-07-09T10:31:07,31.7,59.2,10346,1.297,9939,1.246,10841,1.357,11259,1.404
2026-07-09T10:46:07,32.4,58.7,10353,1.293,9968,1.242,10873,1.352,11274,1.404
2026-07-09T11:01:07,32.3,59.9,10362,1.289,9952,1.241,10840,1.355,11230,1.408
2026-07-09T11:16:08,32.3,60.5,10311,1.29,9929,1.239,10833,1.349,11255,1.401
2026-07-09T11:31:08,32.9,56.6,10338,1.292,9927,1.244,10797,1.354,11228,1.405
2026-07-09T11:46:09,32.6,61.1,10315,1.293,9921,1.242,10813,1.351,11255,1.402
2026-07-09T12:01:09,33.3,55.2,10359,1.289,9969,1.24,10850,1.351,11259,1.407
2026-07-09T12:16:09,32.5,57.6,10340,1.296,9948,1.246,10850,1.355,11299,1.405
2026-07-09T12:31:10,31.2,62.3,10385,1.292,9988,1.242,10878,1.356,11280,1.411
2026-07-09T12:46:10,31.7,61.5,10386,1.296,9963,1.247,10858,1.362,11273,1.412
2026-07-09T13:01:10,31.8,62.7,10365,1.297,9969,1.245,10892,1.356,11328,1.409
2026-07-09T13:16:11,30.7,64.8,10391,1.294,9971,1.245,10851,1.359,11270,1.414
2026-07-09T13:31:11,28.7,71.5,10372,1.3,9951,1.249,10852,1.359,11308,1.411
2026-07-09T13:46:12,27.2,74.3,10390,1.298,9994,1.245,10901,1.355,11339,1.411
2026-07-09T14:01:12,26.2,77.0,10407,1.302,10010,1.249,10917,1.358,11362,1.413
2026-07-09T14:16:12,25.4,79.0,10141,1.261,9773,1.214,10607,1.32,11011,1.376
2026-07-09T14:31:13,24.9,81.5,10817,1.357,10358,1.299,11185,1.398,10742,1.337
2026-07-09T14:46:13,24.3,84.8,10963,1.364,10523,1.306,11314,1.407,10842,1.355
2026-07-09T15:01:13,23.8,86.7,10895,1.364,10433,1.31,11229,1.406,10811,1.348
2026-07-09T15:16:14,23.6,87.7,10923,1.365,10496,1.307,11297,1.403,10847,1.349
2026-07-09T15:31:14,23.5,89.1,10993,1.365,10542,1.312,11309,1.411,10835,1.359
2026-07-09T15:46:14,23.3,89.5,10940,1.373,10489,1.316,11279,1.411,10852,1.351
2026-07-09T16:01:15,23.2,89.2,10964,1.372,10535,1.314,11332,1.409,10885,1.353
2026-07-09T16:16:15,23.3,90.0,10994,1.366,10542,1.313,11304,1.413,10823,1.359
2026-07-09T16:31:16,23.1,92.6,10947,1.373,10493,1.318,11272,1.413,10851,1.353
2026-07-09T16:46:16,23.0,93.9,10919,1.357,10535,1.308,11280,1.403,10804,1.352
2026-07-09T17:01:16,22.8,96.1,10788,1.343,10425,1.293,11162,1.386,10704,1.336
2026-07-09T17:16:17,22.8,97.1,10712,1.338,10361,1.29,11114,1.379,10675,1.327
2026-07-09T17:31:17,23.0,97.6,10715,1.335,10366,1.287,11107,1.379,10642,1.328
2026-07-09T17:46:17,23.3,97.6,10712,1.335,10334,1.291,11048,1.386,10594,1.331
2026-07-09T18:01:18,23.3,97.3,10714,1.332,10345,1.289,11050,1.382,10603,1.332
2026-07-09T18:16:18,23.1,97.5,10670,1.332,10323,1.284,11073,1.374,10636,1.324
2026-07-09T18:31:19,23.0,97.1,10662,1.332,10314,1.285,11068,1.374,10639,1.323
2026-07-09T18:46:21,22.7,93.6,10720,1.331,10354,1.286,11076,1.38,10623,1.33
2026-07-09T19:01:21,22.7,93.8,10679,1.341,10311,1.293,11060,1.383,10657,1.326
2026-07-09T19:16:22,22.7,93.5,10739,1.335,10350,1.29,11076,1.385,10619,1.334
2026-07-09T19:31:22,22.8,93.7,10708,1.338,10317,1.294,11038,1.387,10611,1.33
2026-07-09T19:46:23,22.7,93.6,10763,1.345,10405,1.296,11170,1.387,10723,1.334
2026-07-09T20:01:23,22.8,94.7,10742,1.346,10389,1.298,11113,1.384,10744,1.334
2026-07-09T20:16:23,22.9,95.4,10059,1.261,9746,1.218,10443,1.301,10261,1.273
2026-07-09T20:31:24,22.7,96.8,10188,1.275,9807,1.223,10554,1.311,10305,1.279
2026-07-09T20:46:24,22.7,96.9,10436,1.298,10004,1.248,10645,1.332,10303,1.294
2026-07-09T21:01:24,22.8,96.9,10435,1.31,10010,1.257,10675,1.337,10363,1.291
2026-07-09T21:16:25,22.8,96.5,10484,1.315,10054,1.263,10699,1.342,10378,1.296
2026-07-09T21:31:25,22.8,96.5,10544,1.31,10142,1.259,10774,1.341,10390,1.299
2026-07-09T21:46:26,22.8,96.7,10506,1.31,10114,1.256,10765,1.336,10373,1.293
2026-07-09T22:01:26,22.9,96.7,10507,1.31,10115,1.257,10771,1.337,10381,1.293
2026-07-09T22:16:26,22.8,96.6,10498,1.317,10076,1.266,10728,1.345,10380,1.295
2026-07-09T22:31:29,22.8,96.8,10530,1.317,10093,1.268,10737,1.348,10385,1.297
2026-07-09T22:46:29,22.8,96.7,10554,1.312,10161,1.261,10798,1.344,10389,1.299
2026-07-09T23:01:30,22.8,96.8,10550,1.318,10130,1.27,10755,1.352,10378,1.3
2026-07-09T23:16:30,22.7,96.7,10528,1.317,10144,1.266,10810,1.344,10432,1.295
2026-07-09T23:31:30,22.7,96.6,10527,1.321,10117,1.271,10776,1.35,10409,1.298
2026-07-09T23:46:31,22.9,96.8,10555,1.32,10140,1.273,10775,1.353,10401,1.3
2026-07-10T00:01:31,22.9,96.6,10596,1.316,10192,1.268,10829,1.352,10412,1.306
2026-07-10T00:16:31,22.9,96.5,10539,1.319,10162,1.268,10832,1.347,10446,1.297
2026-07-10T00:31:32,23.0,96.2,10562,1.317,10190,1.266,10855,1.348,10435,1.301
2026-07-10T00:46:32,22.9,96.2,10591,1.315,10201,1.268,10838,1.351,10414,1.305
2026-07-10T01:01:33,22.9,96.3,10570,1.324,10167,1.277,10808,1.357,10433,1.304
2026-07-10T01:16:33,22.8,96.3,10589,1.319,10228,1.27,10879,1.351,10462,1.304
2026-07-10T01:31:33,22.8,96.1,10616,1.319,10227,1.273,10858,1.356,10435,1.31
2026-07-10T01:46:34,22.7,96.5,10560,1.325,10195,1.276,10860,1.354,10485,1.302
2026-07-10T02:01:34,22.7,96.3,10568,1.326,10181,1.279,10835,1.358,10463,1.305
2026-07-10T02:16:34,22.6,96.4,10578,1.325,10184,1.28,10830,1.36,10454,1.307
2026-07-10T02:31:35,22.6,96.5,10577,1.323,10223,1.275,10887,1.353,10491,1.305
2026-07-10T02:46:35,22.5,96.4,10608,1.321,10256,1.273,10905,1.355,10478,1.308
2026-07-10T03:01:36,22.6,97.0,10633,1.321,10249,1.276,10883,1.359,10455,1.312
2026-07-10T03:16:36,22.6,96.3,10597,1.321,10247,1.273,10907,1.354,10484,1.307
2026-07-10T03:31:36,22.5,96.3,10607,1.325,10220,1.282,10851,1.363,10454,1.31
2026-07-10T03:46:37,22.3,96.2,10625,1.319,10260,1.275,10899,1.358,10465,1.311
2026-07-10T04:01:37,22.2,96.1,10626,1.321,10271,1.275,10912,1.358,10479,1.31
2026-07-10T04:16:37,22.1,96.1,10635,1.322,10254,1.278,10890,1.362,10456,1.313
2026-07-10T04:31:38,22.0,96.3,10638,1.323,10260,1.28,10894,1.364,10459,1.314
2026-07-10T04:46:38,22.0,96.5,10643,1.322,10273,1.278,10912,1.361,10475,1.314
2026-07-10T05:01:38,22.0,96.6,10599,1.33,10242,1.284,10913,1.363,10528,1.309
2026-07-10T05:16:39,22.2,97.1,10612,1.332,10243,1.284,10925,1.364,10548,1.311
2026-07-10T05:31:39,22.4,96.8,10648,1.327,10302,1.28,10974,1.362,10550,1.315
2026-07-10T05:46:40,22.4,96.9,10675,1.326,10305,1.282,10949,1.366,10519,1.319
2026-07-10T06:01:40,22.5,97.0,10673,1.331,10288,1.287,10934,1.373,10521,1.321
2026-07-10T06:16:40,22.4,96.6,10638,1.33,10256,1.288,10907,1.371,10512,1.316
2026-07-10T06:31:41,22.6,96.6,10627,1.332,10247,1.287,10918,1.369,10533,1.315
2026-07-10T06:46:41,22.6,97.3,10658,1.33,10273,1.286,10921,1.372,10510,1.319
2026-07-10T07:01:41,23.0,97.4,10615,1.33,10262,1.283,10948,1.364,10562,1.311
2026-07-10T07:16:42,23.4,96.1,10598,1.33,10234,1.283,10920,1.365,10538,1.311
2026-07-10T07:31:42,23.8,94.6,10622,1.32,10242,1.272,10903,1.358,10465,1.31
2026-07-10T07:46:43,24.3,93.2,10613,1.32,10232,1.275,10893,1.361,10464,1.313
2026-07-10T08:01:43,25.7,86.3,10550,1.322,10180,1.278,10876,1.363,10460,1.306
2026-07-10T08:16:43,27.0,82.5,10502,1.308,10138,1.26,10823,1.345,10390,1.297
2026-07-10T08:31:44,28.2,79.0,10457,1.305,10217,1.272,10856,1.349,10393,1.295
2026-07-10T08:46:44,29.0,74.0,10466,1.304,10206,1.274,10848,1.358,10365,1.301
2026-07-10T09:01:44,29.7,72.6,10478,1.308,10162,1.266,10880,1.353,10484,1.306
2026-07-10T09:16:45,29.8,69.7,10541,1.313,10171,1.27,10869,1.36,10512,1.319
2026-07-10T09:31:45,29.4,70.2,10679,1.332,10267,1.284,10990,1.377,10687,1.34
2026-07-10T09:46:45,31.2,64.1,10673,1.335,10314,1.288,11039,1.375,10798,1.343
2026-07-10T10:01:46,30.9,66.6,10633,1.325,10288,1.28,10985,1.369,10740,1.342
2026-07-10T10:16:46,32.5,59.9,10564,1.314,10190,1.269,10926,1.364,10685,1.338
2026-07-10T10:31:49,31.9,57.1,10535,1.315,10154,1.27,10884,1.364,10678,1.338
2026-07-10T10:46:49,31.9,57.2,10487,1.314,10095,1.262,10883,1.358,10687,1.33
2026-07-10T11:01:50,34.1,54.2,10409,1.305,10034,1.257,10795,1.349,10633,1.326
2026-07-10T11:16:50,33.4,54.1,10492,1.312,10102,1.266,10838,1.358,10670,1.334
2026-07-10T11:31:50,34.6,48.9,10481,1.31,10101,1.26,10854,1.351,10632,1.324
2026-07-10T11:46:51,34.3,49.0,10548,1.316,10097,1.263,10870,1.362,10615,1.33
2026-07-10T12:01:51,35.6,49.5,10545,1.32,10083,1.26,10905,1.36,10666,1.327
2026-07-10T12:16:51,37.0,47.9,10301,1.288,9932,1.239,10692,1.331,10472,1.303
2026-07-10T12:31:52,34.0,52.2,10506,1.307,10122,1.261,10898,1.361,10648,1.333
2026-07-10T12:46:52,33.8,54.6,10469,1.307,10285,1.28,10910,1.357,10682,1.331
2026-07-10T13:01:52,32.5,56.1,10424,1.306,10230,1.28,10851,1.354,10647,1.325
2026-07-10T13:16:53,31.4,59.8,10478,1.305,10266,1.281,10859,1.359,10623,1.332
2026-07-10T13:31:53,32.0,59.9,10474,1.303,10255,1.278,10855,1.356,10627,1.332
2026-07-10T13:46:54,30.9,59.1,10466,1.304,10265,1.276,10875,1.353,10651,1.329
2026-07-10T14:01:54,31.0,59.7,10442,1.309,10227,1.281,10840,1.355,10663,1.327
2026-07-10T14:16:54,31.0,54.3,10487,1.306,10261,1.281,10856,1.358,10637,1.334
2026-07-10T14:31:55,31.5,56.5,10457,1.31,10231,1.283,10841,1.357,10658,1.331
2026-07-10T14:46:55,31.4,59.3,10464,1.312,10249,1.284,10864,1.358,10679,1.331
2026-07-10T15:01:55,31.9,59.3,10539,1.312,10336,1.286,10919,1.361,10718,1.34
2026-07-10T15:16:56,34.2,53.2,10476,1.311,10262,1.283,10876,1.356,10710,1.332
2026-07-10T15:31:56,32.2,58.1,10488,1.31,10242,1.282,10841,1.359,10663,1.336
2026-07-10T15:46:57,30.5,60.7,10461,1.311,10227,1.28,10851,1.354,10691,1.33
2026-07-10T16:01:57,30.1,62.6,10493,1.314,10231,1.284,10848,1.359,10688,1.335
2026-07-10T16:16:57,30.6,59.9,10516,1.314,10277,1.281,10906,1.357,10731,1.336
2026-07-10T16:31:58,30.5,62.7,10541,1.314,10277,1.284,10881,1.363,10693,1.341
2026-07-10T16:46:58,30.3,60.3,10533,1.316,10265,1.286,10873,1.363,10715,1.34
2026-07-10T17:01:58,30.5,61.1,10551,1.315,10307,1.281,10923,1.359,10742,1.341
2026-07-10T17:16:59,29.8,65.4,10534,1.32,10282,1.287,10911,1.362,10764,1.34
2026-07-10T17:31:59,29.6,65.3,10549,1.322,10296,1.288,10926,1.363,10786,1.342
2026-07-10T17:46:59,30.6,54.9,10582,1.319,10300,1.287,10909,1.366,10740,1.347
2026-07-10T18:02:00,30.5,62.1,10568,1.321,10281,1.289,10896,1.366,10752,1.345
2026-07-10T18:17:00,30.1,61.6,10559,1.313,10284,1.281,10890,1.36,10715,1.342
2026-07-10T18:32:01,29.6,62.7,10547,1.314,10260,1.281,10865,1.36,10695,1.342
2026-07-10T18:47:03,29.2,64.0,10501,1.314,10239,1.279,10867,1.354,10729,1.334
2026-07-10T19:02:04,29.2,63.4,10500,1.315,10213,1.281,10831,1.357,10696,1.336
2026-07-10T19:17:04,28.9,59.1,10559,1.313,10271,1.28,10876,1.358,10707,1.341
2026-07-10T19:32:04,28.7,60.4,10523,1.31,10257,1.276,10861,1.354,10696,1.338
2026-07-10T19:47:05,28.4,66.3,10524,1.317,10231,1.283,10841,1.359,10707,1.339
2026-07-10T20:02:05,28.0,67.6,10534,1.318,10266,1.281,10828,1.347,10739,1.334
2026-07-10T20:17:05,27.4,73.0,10347,1.298,10070,1.263,10214,1.278,10054,1.252
2026-07-10T20:32:06,25.2,81.9,10419,1.299,10123,1.266,10342,1.297,10114,1.271
2026-07-10T20:47:06,25.1,82.4,10333,1.291,10038,1.258,10295,1.294,10087,1.265
2026-07-10T21:02:06,25.1,82.5,10291,1.289,10024,1.253,10338,1.288,10146,1.26
2026-07-10T21:17:07,24.9,85.3,10301,1.284,10004,1.25,10304,1.292,10076,1.266
2026-07-10T21:32:07,24.9,88.7,10358,1.292,10089,1.255,10442,1.296,10209,1.271
2026-07-10T21:47:08,24.8,88.6,10374,1.294,10073,1.26,10403,1.305,10175,1.278
2026-07-10T22:02:08,24.7,87.2,10329,1.286,10029,1.252,10358,1.297,10117,1.271
2026-07-10T22:17:08,24.7,88.0,10306,1.285,10036,1.247,10404,1.292,10162,1.266
2026-07-10T22:32:09,24.5,90.3,10297,1.282,10001,1.248,10342,1.294,10100,1.269
2026-07-10T22:47:09,24.5,90.4,10303,1.281,10026,1.245,10387,1.292,10137,1.268
2026-07-10T23:02:12,24.2,90.6,10316,1.295,10026,1.257,10414,1.303,10213,1.272
2026-07-10T23:17:12,24.2,90.5,10363,1.294,10058,1.259,10419,1.309,10196,1.279
2026-07-10T23:32:12,24.1,92.0,10372,1.291,10095,1.254,10483,1.302,10237,1.278
2026-07-10T23:47:13,23.9,90.8,10358,1.291,10081,1.253,10477,1.3,10241,1.276
2026-07-11T00:02:13,23.9,92.4,10317,1.295,10023,1.258,10415,1.304,10224,1.274
2026-07-11T00:17:13,23.8,92.6,10357,1.288,10054,1.253,10435,1.304,10189,1.279
2026-07-11T00:32:14,23.7,91.8,10317,1.289,10039,1.25,10453,1.298,10231,1.272
2026-07-11T00:47:14,23.6,91.0,10295,1.288,10017,1.25,10434,1.298,10230,1.27
2026-07-11T01:02:15,23.5,91.2,10303,1.28,10001,1.246,10379,1.296,10147,1.273
2026-07-11T01:17:15,23.3,92.3,10285,1.278,9993,1.242,10385,1.294,10141,1.27
2026-07-11T01:32:15,23.3,91.9,10272,1.289,9981,1.252,10393,1.301,10202,1.27
2026-07-11T01:47:16,23.4,91.0,10316,1.289,10036,1.25,10460,1.299,10244,1.273
2026-07-11T02:02:16,23.4,91.4,10307,1.292,9999,1.256,10402,1.306,10211,1.275
2026-07-11T02:17:16,23.5,92.1,10322,1.288,10040,1.249,10469,1.299,10230,1.275
2026-07-11T02:32:17,23.5,92.9,10322,1.29,10040,1.251,10469,1.301,10254,1.274
2026-07-11T02:47:17,23.3,93.3,10307,1.294,10015,1.255,10445,1.306,10248,1.275
2026-07-11T03:02:18,23.1,92.8,10348,1.291,10033,1.256,10435,1.31,10206,1.281
2026-07-11T03:17:18,23.1,92.6,10327,1.29,10042,1.251,10486,1.302,10257,1.275
2026-07-11T03:32:18,23.0,93.0,10308,1.294,10005,1.256,10436,1.307,10239,1.276
2026-07-11T03:47:19,23.0,93.1,10327,1.295,10012,1.258,10441,1.31,10245,1.278
2026-07-11T04:02:19,23.0,93.5,10364,1.289,10075,1.251,10503,1.305,10246,1.28
2026-07-11T04:17:19,22.9,93.3,10345,1.295,10026,1.259,10447,1.313,10245,1.281
2026-07-11T04:32:20,22.9,91.7,10335,1.297,10029,1.258,10472,1.311,10272,1.28
2026-07-11T04:47:20,22.9,92.0,10376,1.293,10087,1.253,10538,1.307,10290,1.282
2026-07-11T05:02:20,22.9,90.4,10363,1.301,10073,1.26,10522,1.313,10319,1.282
2026-07-11T05:17:21,22.9,89.7,10424,1.296,10126,1.258,10564,1.314,10306,1.289
2026-07-11T05:32:21,22.8,87.7,10443,1.299,10123,1.262,10554,1.32,10298,1.293
2026-07-11T05:47:22,22.7,86.3,10404,1.304,10083,1.266,10527,1.322,10320,1.29
2026-07-11T06:02:22,22.7,87.6,10379,1.297,10087,1.257,10557,1.311,10325,1.283
2026-07-11T06:17:22,22.6,88.1,10364,1.301,10051,1.262,10511,1.317,10306,1.283
2026-07-11T06:32:23,22.9,87.1,10346,1.286,10023,1.249,10462,1.307,10205,1.28
2026-07-11T06:47:23,23.4,87.3,10366,1.3,10068,1.26,10537,1.316,10330,1.284
2026-07-11T07:02:23,23.3,84.5,10417,1.299,10094,1.262,10535,1.322,10287,1.292
2026-07-11T07:17:24,23.4,85.7,10411,1.302,10081,1.265,10527,1.323,10311,1.291
2026-07-11T07:32:24,24.0,84.1,10424,1.303,10088,1.264,10536,1.324,10317,1.293
2026-07-11T07:47:25,24.9,80.7,10419,1.301,10119,1.26,10605,1.317,10373,1.29
2026-07-11T08:02:27,24.6,78.4,10428,1.306,10098,1.268,10560,1.326,10354,1.294
2026-07-11T08:17:30,24.9,78.2,10422,1.307,10094,1.267,10564,1.325,10362,1.293
2026-07-11T08:32:30,24.9,78.3,10447,1.31,10115,1.27,10588,1.328,10380,1.296
2026-07-11T08:47:30,25.5,73.6,10475,1.303,10165,1.263,10635,1.323,10382,1.298
2026-07-11T09:02:31,25.5,77.1,10467,1.308,10130,1.269,10592,1.33,10377,1.298
2026-07-11T09:17:31,25.9,71.2,10475,1.307,10131,1.268,10601,1.33,10369,1.301
2026-07-11T09:32:32,26.2,71.1,10440,1.303,10125,1.26,10623,1.32,10382,1.293
2026-07-11T09:47:32,26.3,70.2,10433,1.306,10091,1.266,10563,1.326,10349,1.294
2026-07-11T10:02:32,27.2,69.8,10400,1.299,10087,1.256,10584,1.315,10360,1.289
2026-07-11T10:17:33,26.3,73.7,10385,1.301,10072,1.259,10568,1.318,10368,1.289
2026-07-11T10:32:33,25.8,72.7,10398,1.304,10063,1.262,10559,1.323,10363,1.293
2026-07-11T10:47:33,25.3,75.4,10409,1.305,10075,1.264,10566,1.324,10373,1.294
2026-07-11T11:02:34,25.6,74.9,10438,1.304,10117,1.261,10623,1.32,10401,1.294
2026-07-11T11:17:34,26.1,71.3,10414,1.296,10096,1.255,10590,1.318,10352,1.293
2026-07-11T11:32:35,26.9,64.5,10404,1.3,10060,1.26,10539,1.323,10333,1.295
2026-07-11T11:47:35,25.7,72.8,10395,1.302,10043,1.26,10543,1.321,10354,1.292
2026-07-11T12:02:35,25.7,70.0,10418,1.3,10093,1.257,10604,1.318,10385,1.293
2026-07-11T12:17:36,26.1,68.0,10396,1.303,10044,1.26,10550,1.322,10358,1.292
2026-07-11T12:32:36,26.4,72.9,10413,1.303,10081,1.258,10594,1.32,10392,1.292
2026-07-11T12:47:36,26.7,67.2,10447,1.31,10102,1.266,10618,1.328,10425,1.299
2026-07-11T13:02:37,27.0,67.0,10443,1.309,10108,1.264,10629,1.326,10437,1.298
2026-07-11T13:17:37,26.8,68.1,10485,1.312,10139,1.266,10676,1.33,10465,1.301
2026-07-11T13:32:37,28.6,62.0,10441,1.309,10101,1.264,10631,1.328,10430,1.298
2026-07-11T13:47:38,29.1,60.2,10466,1.306,10129,1.261,10660,1.325,10439,1.3
2026-07-11T14:02:38,28.6,66.2,10480,1.303,10125,1.261,10636,1.327,10406,1.303
2026-07-11T14:17:39,28.7,68.4,10430,1.307,10086,1.261,10619,1.325,10435,1.298
2026-07-11T14:32:39,27.1,69.6,10462,1.306,10123,1.26,10658,1.325,10447,1.301
2026-07-11T14:47:39,26.5,68.8,10488,1.313,10109,1.268,10631,1.333,10443,1.306
2026-07-11T15:02:40,26.6,65.4,10505,1.316,10128,1.271,10656,1.336,10463,1.307
2026-07-11T15:17:40,27.2,60.8,10525,1.312,10170,1.264,10699,1.33,10485,1.308
2026-07-11T15:32:40,26.4,58.4,10502,1.317,10135,1.269,10670,1.333,10489,1.306
2026-07-11T15:47:41,27.0,59.8,10524,1.315,10165,1.266,10710,1.331,10501,1.309
2026-07-11T16:02:41,27.1,56.2,10536,1.311,10177,1.265,10704,1.332,10489,1.31
2026-07-11T16:17:42,26.2,56.5,10506,1.317,10122,1.27,10660,1.335,10488,1.308
2026-07-11T16:32:44,26.8,57.2,10538,1.311,10167,1.264,10691,1.331,10483,1.31
2026-07-11T16:47:44,26.7,56.9,10518,1.313,10150,1.264,10697,1.33,10528,1.31
2026-07-11T17:02:45,26.4,57.1,10517,1.313,10145,1.264,10713,1.332,10557,1.314
2026-07-11T17:17:45,26.8,55.3,10557,1.313,10145,1.265,10701,1.337,10503,1.317
2026-07-11T17:32:46,28.5,51.8,10532,1.315,10116,1.266,10659,1.336,10476,1.313
2026-07-11T17:47:46,28.8,49.5,10522,1.317,10108,1.268,10639,1.334,10461,1.308
2026-07-11T18:02:46,28.1,49.0,10547,1.312,10151,1.263,10679,1.331,10475,1.31
2026-07-11T18:17:47,26.7,52.7,10551,1.312,10157,1.263,10690,1.332,10488,1.312
2026-07-11T18:32:47,26.0,54.6,10533,1.312,10118,1.263,10638,1.334,10447,1.311
2026-07-11T18:47:47,25.7,55.2,10502,1.315,10113,1.263,10668,1.33,10508,1.306
2026-07-11T19:02:48,25.5,55.6,10511,1.316,10093,1.267,10635,1.334,10478,1.31
2026-07-11T19:17:48,25.4,57.8,10519,1.313,10128,1.26,10685,1.328,10501,1.308
2026-07-11T19:32:49,25.2,59.9,10534,1.315,10111,1.266,10642,1.335,10466,1.313
2026-07-11T19:47:49,24.7,59.0,10519,1.314,10127,1.262,10690,1.329,10519,1.308
2026-07-11T20:02:49,24.3,59.5,10515,1.318,10091,1.267,10634,1.333,10485,1.31
2026-07-11T20:17:50,23.8,69.3,10520,1.318,10111,1.262,10546,1.313,10368,1.287
2026-07-11T20:32:50,22.5,69.5,10474,1.314,10054,1.26,10480,1.311,10304,1.283
2026-07-11T20:47:50,22.4,67.0,10520,1.316,10113,1.261,10551,1.312,10361,1.286
2026-07-11T21:02:51,22.3,68.7,10520,1.317,10113,1.262,10558,1.314,10372,1.288
2026-07-11T21:17:51,22.0,69.7,10571,1.318,10168,1.263,10614,1.318,10381,1.295
2026-07-11T21:32:51,21.8,71.3,10568,1.321,10155,1.266,10622,1.319,10416,1.294
2026-07-11T21:47:52,21.8,71.9,10626,1.328,10179,1.276,10627,1.336,10429,1.308
2026-07-11T22:02:52,21.6,79.2,10654,1.325,10207,1.274,10665,1.335,10432,1.31
2026-07-11T22:17:53,21.3,80.9,10662,1.329,10246,1.273,10739,1.333,10505,1.309
2026-07-11T22:32:53,21.2,84.4,10648,1.335,10227,1.279,10723,1.337,10529,1.308
2026-07-11T22:47:53,21.1,80.0,10678,1.335,10254,1.278,10757,1.336,10539,1.309
2026-07-11T23:02:54,21.0,84.8,10714,1.334,10252,1.281,10721,1.344,10472,1.316
2026-07-11T23:17:54,20.9,84.6,10693,1.341,10239,1.286,10737,1.345,10529,1.313
2026-07-11T23:32:54,20.9,85.0,10753,1.34,10287,1.286,10766,1.35,10514,1.321
2026-07-11T23:47:55,20.6,86.2,10790,1.342,10326,1.288,10810,1.351,10550,1.325
2026-07-12T00:02:55,20.5,86.9,10811,1.349,10339,1.294,10823,1.359,10577,1.328
2026-07-12T00:17:56,20.3,86.3,10789,1.351,10349,1.292,10872,1.354,10650,1.322
2026-07-12T00:32:56,20.2,87.2,10804,1.351,10364,1.293,10888,1.354,10657,1.323
2026-07-12T00:47:56,20.1,86.1,10853,1.355,10378,1.3,10869,1.366,10627,1.333
2026-07-12T01:02:57,20.0,86.6,10908,1.357,10430,1.301,10932,1.368,10659,1.339
2026-07-12T01:17:57,19.9,86.6,10895,1.365,10414,1.308,10930,1.372,10704,1.337
2026-07-12T01:32:57,19.8,87.4,10938,1.363,10456,1.307,10962,1.375,10692,1.343
2026-07-12T01:47:58,19.6,88.5,10941,1.363,10493,1.303,11028,1.369,10752,1.34
2026-07-12T02:02:58,19.5,88.8,10983,1.368,10497,1.312,11009,1.38,10732,1.349
2026-07-12T02:17:58,19.5,87.4,10969,1.372,10479,1.316,10998,1.382,10754,1.346
2026-07-12T02:32:59,19.6,88.1,10987,1.371,10499,1.315,11012,1.383,10748,1.349
2026-07-12T02:47:59,19.5,87.3,10995,1.367,10538,1.308,11069,1.376,10779,1.347
2026-07-12T03:03:00,19.4,87.4,10977,1.372,10523,1.311,11078,1.375,10817,1.344
2026-07-12T03:18:00,19.3,86.9,11027,1.369,10543,1.312,11067,1.381,10779,1.352
2026-07-12T03:33:00,19.6,88.5,11002,1.371,10546,1.31,11099,1.377,10811,1.347
2026-07-12T03:48:01,20.0,88.7,10976,1.374,10518,1.313,11080,1.378,10828,1.344
2026-07-12T04:03:01,20.0,87.6,11010,1.369,10549,1.31,11088,1.379,10793,1.349
2026-07-12T04:18:01,20.1,89.6,11011,1.37,10550,1.31,11092,1.379,10796,1.348
2026-07-12T04:33:02,20.1,88.0,11022,1.371,10527,1.314,11058,1.384,10764,1.352
2026-07-12T04:48:02,20.0,88.0,10968,1.376,10503,1.315,11067,1.381,10819,1.344
2026-07-12T05:03:02,19.7,87.2,11005,1.375,10510,1.318,11040,1.388,10775,1.351
2026-07-12T05:18:03,19.4,88.0,10981,1.378,10498,1.318,11059,1.385,10812,1.347
2026-07-12T05:33:03,19.3,88.9,10990,1.378,10525,1.316,11093,1.383,10843,1.347
2026-07-12T05:48:04,19.3,89.7,11016,1.382,10524,1.322,11088,1.39,10845,1.353
2026-07-12T06:03:04,19.2,89.4,11049,1.379,10549,1.321,11088,1.393,10826,1.356
2026-07-12T06:18:04,19.6,89.3,11042,1.379,10541,1.321,11078,1.392,10810,1.356
2026-07-12T06:33:05,20.1,89.4,11081,1.377,10582,1.319,11131,1.391,10835,1.36
2026-07-12T06:48:05,20.6,87.3,11028,1.384,10547,1.322,11130,1.391,10882,1.354
2026-07-12T07:03:05,21.0,88.0,11047,1.379,10576,1.316,11166,1.385,10888,1.354
2026-07-12T07:18:06,21.7,83.1,11035,1.378,10561,1.315,11151,1.384,10874,1.353
2026-07-12T07:33:06,22.7,78.8,11075,1.377,10563,1.316,11117,1.388,10819,1.357
2026-07-12T07:48:07,23.1,74.5,10976,1.373,10474,1.314,11030,1.385,10775,1.349
2026-07-12T08:03:07,24.5,68.2,10900,1.355,10414,1.298,10994,1.374,10668,1.339
2026-07-12T08:18:07,25.4,65.4,10909,1.362,10402,1.303,10970,1.377,10654,1.336
2026-07-12T08:33:08,26.8,62.4,10934,1.366,10475,1.306,11076,1.377,10766,1.339
2026-07-12T08:48:08,28.0,55.0,10939,1.368,10485,1.308,11084,1.379,10779,1.34
2026-07-12T09:03:08,27.7,58.7,11048,1.383,10498,1.311,11115,1.385,10818,1.345
2026-07-12T09:18:09,29.3,53.7,11087,1.38,10536,1.31,11118,1.385,10782,1.348
2026-07-12T09:33:09,30.0,48.0,11100,1.389,10555,1.324,11110,1.392,10812,1.351
2026-07-12T09:48:09,30.8,47.0,11067,1.38,10582,1.317,11122,1.383,10835,1.351
2026-07-12T10:03:10,31.2,41.9,11066,1.377,10563,1.314,11114,1.385,10827,1.353
2026-07-12T10:18:10,31.5,43.3,11046,1.378,10487,1.312,11073,1.388,10767,1.349
2026-07-12T10:33:11,32.0,41.5,11046,1.375,10440,1.302,11062,1.383,10732,1.345
2026-07-12T10:48:11,32.6,43.9,11003,1.378,10377,1.3,11039,1.381,10758,1.342
2026-07-12T11:03:11,32.9,43.1,11002,1.372,10406,1.295,11059,1.377,10737,1.34
2026-07-12T11:18:12,33.7,40.0,10915,1.367,10298,1.289,10976,1.37,10685,1.331
2026-07-12T11:33:12,34.4,38.1,10871,1.355,10272,1.278,10936,1.361,10665,1.331
2026-07-12T11:48:12,34.5,37.9,10780,1.348,10230,1.277,10859,1.353,10629,1.323
2026-07-12T12:03:13,35.1,39.4,10658,1.332,10168,1.268,10754,1.339,10524,1.31
2026-07-12T12:18:13,35.5,36.1,10567,1.315,10086,1.258,10645,1.33,10408,1.304
2026-07-12T12:33:13,32.7,35.0,10524,1.312,10040,1.255,10596,1.327,10386,1.303
2026-07-12T12:48:14,29.7,38.1,10542,1.315,10070,1.253,10641,1.323,10444,1.302
2026-07-12T13:03:14,29.8,35.5,10585,1.325,10097,1.261,10682,1.332,10507,1.306
2026-07-12T13:18:15,29.2,37.6,10670,1.328,10134,1.26,10746,1.339,10536,1.316
2026-07-12T13:33:15,32.0,34.0,10575,1.323,10084,1.258,10711,1.332,10520,1.309
2026-07-12T13:48:15,32.8,31.7,10619,1.322,10147,1.265,10719,1.339,10515,1.318
2026-07-12T14:03:16,33.2,30.9,10638,1.325,10177,1.271,10745,1.344,10545,1.323
2026-07-12T14:18:16,32.5,29.6,10637,1.333,10181,1.276,10773,1.347,10604,1.322
2026-07-12T14:33:16,32.1,32.1,10679,1.335,10223,1.274,10818,1.346,10635,1.323
2026-07-12T14:48:17,32.5,33.5,10714,1.336,10252,1.276,10842,1.349,10627,1.325
2026-07-12T15:03:17,33.4,32.0,10750,1.347,10227,1.281,10781,1.348,10612,1.323
2026-07-12T15:18:18,32.3,36.9,10834,1.354,10206,1.278,10661,1.337,10569,1.323
2026-07-12T15:33:18,30.1,30.9,10738,1.342,10160,1.266,10736,1.336,10622,1.321
2026-07-12T15:48:18,28.5,34.3,10694,1.338,10108,1.268,10673,1.338,10562,1.321
2026-07-12T16:03:19,27.6,34.5,10757,1.347,10187,1.273,10772,1.343,10673,1.327
2026-07-12T16:18:19,27.3,36.8,10843,1.349,10242,1.278,10804,1.351,10670,1.338
2026-07-12T16:33:19,26.9,36.3,10846,1.355,10238,1.283,10801,1.355,10693,1.339
2026-07-12T16:48:20,26.6,39.1,10862,1.361,10251,1.286,10834,1.356,10772,1.345
2026-07-12T17:03:20,26.8,41.4,10888,1.362,10269,1.288,10864,1.362,10797,1.351
2026-07-12T17:18:20,27.2,39.0,10890,1.365,10280,1.288,10890,1.361,10813,1.347
2026-07-12T17:33:21,28.9,38.0,10941,1.361,10302,1.283,10880,1.359,10767,1.35
2026-07-12T17:48:21,29.7,38.9,10934,1.365,10318,1.286,10877,1.353,10765,1.34
2026-07-12T18:03:22,29.3,36.6,10932,1.36,10305,1.284,10863,1.357,10749,1.346
2026-07-12T18:18:22,26.7,39.6,10932,1.362,10329,1.284,10903,1.357,10797,1.347
2026-07-12T18:33:22,25.9,45.0,10928,1.37,10299,1.292,10887,1.362,10814,1.349
2026-07-12T18:48:27,25.2,49.1,10967,1.375,10337,1.296,10929,1.367,10867,1.355
2026-07-12T19:03:28,25.1,49.1,11009,1.379,10368,1.301,10954,1.373,10891,1.36
2026-07-12T19:18:28,24.7,55.7,11054,1.386,10420,1.306,11016,1.378,10955,1.366
2026-07-12T19:33:28,24.4,60.5,11142,1.392,10491,1.315,11063,1.388,10993,1.377
2026-07-12T19:48:29,24.1,62.4,11199,1.396,10579,1.315,11170,1.39,11076,1.383
2026-07-12T20:03:29,23.8,62.1,11066,1.389,9951,1.247,10996,1.371,11065,1.376
2026-07-12T20:18:32,21.1,83.2,10016,1.255,9695,1.21,10740,1.332,10608,1.32
2026-07-12T20:33:32,21.1,83.2,10165,1.264,9883,1.226,10737,1.334,10603,1.326
2026-07-12T20:48:32,21.0,85.8,10349,1.287,10022,1.25,10756,1.346,10600,1.332
2026-07-12T21:03:33,21.2,86.7,10376,1.298,10080,1.256,10811,1.343,10679,1.327
2026-07-12T21:18:33,21.2,89.0,10398,1.303,10105,1.262,10808,1.346,10696,1.328
2026-07-12T21:33:33,21.3,88.0,10462,1.301,10178,1.263,10845,1.348,10683,1.335
2026-07-12T21:48:34,21.2,90.4,10477,1.301,10176,1.266,10821,1.35,10665,1.338
2026-07-12T22:03:34,21.1,92.3,10479,1.306,10168,1.272,10803,1.356,10664,1.339
2026-07-12T22:18:37,20.8,92.5,10468,1.312,10155,1.276,10814,1.357,10711,1.337
2026-07-12T22:33:37,20.8,92.4,10519,1.308,10239,1.271,10888,1.354,10727,1.341
2026-07-12T22:48:38,20.7,91.8,10494,1.308,10230,1.271,10889,1.351,10741,1.339
2026-07-12T23:03:38,20.7,91.3,10497,1.315,10193,1.28,10844,1.359,10746,1.339
2026-07-12T23:18:38,20.6,92.7,10511,1.316,10211,1.283,10841,1.362,10741,1.343
2026-07-12T23:33:39,20.5,92.9,10498,1.317,10207,1.282,10850,1.36,10756,1.341
2026-07-12T23:48:39,20.4,93.3,10557,1.32,10265,1.288,10882,1.368,10773,1.349
2026-07-13T00:03:39,20.3,93.6,10623,1.332,10364,1.296,11020,1.375,10918,1.356
2026-07-13T00:18:40,20.3,89.5,10662,1.332,10412,1.296,11070,1.373,10934,1.361
2026-07-13T00:33:40,20.3,91.5,10679,1.328,10429,1.294,11067,1.376,10902,1.363
2026-07-13T00:48:40,20.2,92.6,10700,1.329,10431,1.297,11062,1.379,10899,1.366
2026-07-13T01:03:41,20.2,93.5,10711,1.33,10440,1.299,11066,1.381,10906,1.368
2026-07-13T01:18:41,20.0,93.6,10712,1.333,10436,1.302,11062,1.385,10903,1.37
2026-07-13T01:33:42,20.0,93.5,10709,1.334,10431,1.304,11050,1.387,10902,1.369
2026-07-13T01:48:42,20.0,93.9,10690,1.337,10413,1.308,11037,1.387,10925,1.367
2026-07-13T02:03:42,19.8,93.9,10679,1.34,10409,1.307,11061,1.387,10957,1.366
2026-07-13T02:18:43,19.8,94.1,10675,1.338,10437,1.304,11096,1.383,10989,1.364
2026-07-13T02:33:43,19.9,94.5,10678,1.338,10444,1.305,11099,1.382,10991,1.364
2026-07-13T02:48:43,19.7,94.3,10686,1.337,10454,1.304,11112,1.381,10992,1.365
2026-07-13T03:03:44,19.7,94.1,10689,1.339,10422,1.31,11053,1.387,10964,1.367
2026-07-13T03:18:44,19.7,94.7,10673,1.34,10434,1.308,11084,1.385,10982,1.366
2026-07-13T03:33:47,19.5,94.6,10683,1.341,10429,1.31,11081,1.389,10971,1.368
2026-07-13T03:48:47,19.5,94.6,10699,1.336,10479,1.303,11143,1.382,10994,1.368
2026-07-13T04:03:48,19.4,94.9,10696,1.34,10434,1.311,11075,1.391,10966,1.37
2026-07-13T04:18:48,19.3,94.4,10700,1.341,10438,1.312,11081,1.391,10972,1.371
2026-07-13T04:33:48,19.3,94.4,10699,1.342,10445,1.312,11092,1.392,10984,1.371
2026-07-13T04:48:49,19.2,94.1,10705,1.344,10462,1.313,11118,1.393,11014,1.372
2026-07-13T05:03:49,19.3,94.4,10721,1.344,10472,1.316,11117,1.396,11010,1.375
2026-07-13T05:18:49,19.1,94.2,10753,1.339,10543,1.308,11196,1.389,11036,1.376
2026-07-13T05:33:50,19.1,94.1,10750,1.338,10540,1.308,11187,1.389,11022,1.376
2026-07-13T05:48:50,19.0,94.5,10713,1.345,10492,1.312,11169,1.391,11050,1.371
2026-07-13T06:03:50,19.0,94.4,10712,1.344,10495,1.313,11157,1.392,11041,1.372
2026-07-13T06:18:51,19.3,95.1,10713,1.344,10492,1.314,11155,1.393,11037,1.372
2026-07-13T06:33:51,19.6,95.1,10751,1.344,10493,1.317,11127,1.399,10998,1.377
2026-07-13T06:48:52,20.1,95.3,10716,1.344,10489,1.312,11153,1.392,11035,1.371
2026-07-13T07:03:52,20.5,92.3,10771,1.338,10528,1.309,11165,1.391,10999,1.378
2026-07-13T07:18:52,21.2,89.3,10750,1.337,10529,1.307,11175,1.389,11010,1.375
2026-07-13T07:33:53,21.5,85.8,10728,1.345,10467,1.314,11119,1.394,11012,1.374
2026-07-13T07:48:53,22.1,84.5,10707,1.342,10450,1.312,11116,1.394,10994,1.372
2026-07-13T08:03:53,23.5,78.0,10721,1.335,10524,1.308,11173,1.388,11000,1.372
2026-07-13T08:18:54,24.6,76.5,10720,1.337,10509,1.306,11151,1.385,10987,1.37
2026-07-13T08:33:54,25.8,68.6,10671,1.339,10447,1.309,11114,1.39,10977,1.368
2026-07-13T08:48:55,26.5,66.9,10695,1.338,10449,1.311,11122,1.396,10966,1.371
2026-07-13T09:03:55,27.1,63.2,10827,1.346,10468,1.304,11164,1.393,10980,1.375
2026-07-13T09:18:55,27.6,59.1,10730,1.339,10437,1.299,11126,1.383,10990,1.369
2026-07-13T09:33:56,26.3,63.8,10806,1.345,10499,1.305,11139,1.387,10977,1.371
2026-07-13T09:48:56,29.0,60.4,10709,1.343,10397,1.302,11071,1.383,10973,1.366
2026-07-13T10:03:56,28.8,54.6,10645,1.325,10355,1.291,10995,1.374,10861,1.362
2026-07-13T10:18:57,29.2,51.4,10680,1.329,10407,1.294,11058,1.377,10933,1.367
2026-07-13T10:33:57,30.0,50.6,10726,1.334,10396,1.294,11075,1.382,10933,1.369
2026-07-13T10:48:57,29.7,48.4,10698,1.331,10321,1.287,11028,1.377,10898,1.366
2026-07-13T11:03:58,30.7,49.4,10669,1.328,10317,1.286,11001,1.375,10890,1.365
2026-07-13T11:18:58,29.7,49.8,10660,1.332,10307,1.285,11025,1.372,10937,1.361
2026-07-13T11:33:59,30.8,44.6,10691,1.33,10307,1.283,11026,1.375,10914,1.365
2026-07-13T11:48:59,31.5,46.6,10645,1.325,10276,1.278,11001,1.37,10908,1.363
2026-07-13T12:03:59,31.8,43.4,10659,1.328,10286,1.285,10991,1.376,10915,1.369
2026-07-13T12:19:00,31.4,46.8,10671,1.327,10354,1.29,11015,1.375,10943,1.37
2026-07-13T12:34:00,31.4,50.0,10667,1.328,10377,1.29,11040,1.375,10969,1.371
2026-07-13T12:49:03,31.8,45.3,10679,1.328,10387,1.293,11042,1.378,10976,1.373
2026-07-13T13:04:03,31.8,45.2,10661,1.332,10382,1.294,11061,1.376,11019,1.372
2026-07-13T13:19:03,32.0,43.1,10667,1.329,10391,1.292,11067,1.378,11013,1.375
2026-07-13T13:34:04,30.9,49.4,10672,1.328,10390,1.293,11069,1.38,11017,1.377
2026-07-13T13:49:04,31.0,49.8,10639,1.33,10368,1.293,11085,1.38,11057,1.375
2026-07-13T14:04:04,32.1,47.2,10641,1.33,10385,1.294,11097,1.381,11063,1.377
2026-07-13T14:19:05,32.0,51.4,10677,1.328,10416,1.297,11093,1.383,11038,1.381
2026-07-13T14:34:05,31.6,47.3,10676,1.331,10434,1.298,11115,1.383,11046,1.379
2026-07-13T14:49:06,32.5,50.9,10691,1.335,10428,1.299,11108,1.382,11043,1.376
2026-07-13T15:04:06,31.7,51.2,10728,1.335,10429,1.3,11049,1.38,11020,1.381
2026-07-13T15:19:06,31.4,43.0,10725,1.339,10400,1.295,11020,1.371,11053,1.376
2026-07-13T15:34:07,29.5,50.4,10711,1.337,10329,1.292,10976,1.376,10988,1.378
2026-07-13T15:49:07,27.8,53.6,10693,1.34,10325,1.295,10992,1.377,11028,1.377
2026-07-13T16:04:07,27.6,51.8,10728,1.335,10360,1.292,11017,1.377,11020,1.382
2026-07-13T16:19:08,27.4,50.5,10721,1.342,10350,1.298,11011,1.381,11052,1.382
2026-07-13T16:34:08,26.9,49.9,10719,1.343,10373,1.296,11050,1.378,11101,1.38
2026-07-13T16:49:09,26.6,51.2,10752,1.342,10408,1.295,11087,1.378,11133,1.387
2026-07-13T17:04:09,26.4,55.3,10787,1.343,10406,1.299,11089,1.387,11113,1.394
2026-07-13T17:19:09,27.1,49.4,10759,1.343,10406,1.296,11110,1.381,11155,1.389
2026-07-13T17:34:10,28.8,46.9,10738,1.346,10359,1.298,11050,1.381,11122,1.386
2026-07-13T17:49:10,28.5,43.6,10775,1.345,10406,1.295,11073,1.377,11119,1.385
2026-07-13T18:04:10,27.8,47.6,10768,1.344,10414,1.296,11092,1.379,11145,1.388
2026-07-13T18:19:11,26.1,52.7,10766,1.346,10411,1.298,11094,1.38,11168,1.389
2026-07-13T18:34:11,25.5,52.3,10803,1.354,10442,1.305,11126,1.387,11205,1.393
2026-07-13T18:49:11,25.3,55.1,10876,1.355,10516,1.307,11190,1.392,11248,1.403
2026-07-13T19:04:12,25.0,55.6,10885,1.36,10492,1.315,11154,1.4,11236,1.407
2026-07-13T19:19:12,24.8,58.6,10877,1.361,10484,1.316,11156,1.399,11254,1.407
2026-07-13T19:34:13,24.5,60.9,10871,1.359,10507,1.31,11204,1.393,11293,1.404
2026-07-13T19:49:15,24.1,65.4,10910,1.356,10523,1.31,11192,1.397,11262,1.411
2026-07-13T20:04:16,24.1,65.5,10910,1.368,10525,1.319,11195,1.399,11242,1.4
2026-07-13T20:19:16,23.1,74.3,10919,1.37,10532,1.32,11020,1.38,10851,1.352
2026-07-13T20:34:16,22.0,77.1,11013,1.381,10609,1.331,11102,1.392,10924,1.363
2026-07-13T20:49:17,22.2,74.6,11032,1.382,10622,1.334,11108,1.395,10937,1.366
2026-07-13T21:04:17,22.4,73.9,11132,1.387,10655,1.332,11138,1.396,10922,1.372
2026-07-13T21:19:17,22.3,77.6,11082,1.388,10607,1.332,11087,1.392,10919,1.364
2026-07-13T21:34:18,22.6,72.7,11115,1.383,10666,1.325,11155,1.387,10930,1.365
2026-07-13T21:49:18,22.6,71.1,11076,1.389,10616,1.331,11117,1.391,10942,1.363
2026-07-13T22:04:19,22.7,69.2,11104,1.384,10660,1.325,11169,1.386,10955,1.365
2026-07-13T22:19:19,22.5,70.2,11093,1.386,10647,1.326,11161,1.386,10967,1.363
2026-07-13T22:34:19,22.7,72.3,11125,1.383,10668,1.326,11171,1.39,10951,1.369
2026-07-13T22:49:20,22.9,72.2,11128,1.384,10663,1.327,11165,1.392,10950,1.372
2026-07-13T23:04:20,22.7,73.0,11101,1.39,10618,1.333,11122,1.396,10958,1.37
2026-07-13T23:19:20,22.8,71.1,11114,1.386,10664,1.326,11195,1.39,10994,1.369
2026-07-13T23:34:21,22.8,72.0,11118,1.386,10667,1.326,11200,1.39,10996,1.37
2026-07-13T23:49:21,22.7,71.4,11121,1.386,10670,1.326,11198,1.391,10992,1.371
2026-07-14T00:04:21,22.6,69.7,11098,1.392,10620,1.332,11146,1.397,10996,1.369
2026-07-14T00:19:22,22.8,68.0,11119,1.388,10666,1.327,11209,1.391,11015,1.371
2026-07-14T00:34:22,22.6,69.3,11102,1.393,10640,1.332,11177,1.397,11018,1.371
2026-07-14T00:49:23,22.4,71.2,11156,1.389,10668,1.332,11187,1.401,10981,1.379
2026-07-14T01:04:23,22.4,72.0,11154,1.389,10666,1.332,11188,1.401,10987,1.38
2026-07-14T01:19:23,22.3,70.5,11157,1.387,10695,1.329,11227,1.397,11024,1.378
2026-07-14T01:34:24,22.3,70.2,11167,1.389,10677,1.333,11204,1.402,11006,1.382
2026-07-14T01:49:26,22.1,72.6,11153,1.389,10696,1.329,11241,1.396,11039,1.377
2026-07-14T02:04:27,22.1,72.5,11167,1.389,10679,1.333,11212,1.402,11014,1.383
2026-07-14T02:19:27,22.0,73.9,11151,1.395,10659,1.337,11191,1.406,11033,1.381
2026-07-14T02:34:27,21.9,74.6,11180,1.389,10705,1.331,11244,1.401,11045,1.382
2026-07-14T02:49:28,21.9,74.5,11183,1.389,10702,1.332,11244,1.402,11048,1.384
2026-07-14T03:04:28,21.7,73.9,11141,1.395,10685,1.334,11251,1.401,11096,1.378
2026-07-14T03:19:28,21.6,74.4,11199,1.392,10708,1.334,11249,1.405,11052,1.386
2026-07-14T03:34:29,21.6,73.0,11176,1.397,10679,1.339,11216,1.409,11053,1.385
2026-07-14T03:49:29,21.6,70.9,11171,1.398,10675,1.34,11223,1.409,11073,1.385
2026-07-14T04:04:30,21.7,69.3,11171,1.394,10709,1.333,11285,1.401,11106,1.382
2026-07-14T04:19:32,21.5,69.7,11185,1.397,10687,1.339,11228,1.41,11060,1.387
2026-07-14T04:34:33,21.5,69.8,11157,1.397,10693,1.335,11270,1.403,11117,1.381
2026-07-14T04:49:33,21.4,70.9,11206,1.393,10707,1.335,11260,1.408,11065,1.389
2026-07-14T05:04:33,21.4,74.3,11173,1.399,10674,1.34,11234,1.41,11086,1.386
2026-07-14T05:19:34,21.3,75.5,11189,1.397,10689,1.34,11237,1.412,11075,1.389
2026-07-14T05:34:34,21.1,76.0,11195,1.398,10694,1.34,11247,1.413,11085,1.389
2026-07-14T05:49:34,21.1,74.5,11204,1.398,10701,1.339,11255,1.413,11079,1.391
2026-07-14T06:04:35,21.2,75.4,11223,1.395,10738,1.335,11305,1.408,11111,1.39
2026-07-14T06:19:35,21.4,72.8,11236,1.398,10732,1.339,11299,1.413,11108,1.395
2026-07-14T06:34:35,21.6,73.9,11198,1.401,10727,1.338,11322,1.408,11168,1.387
2026-07-14T06:49:36,21.8,73.4,11237,1.399,10730,1.34,11295,1.415,11104,1.395
2026-07-14T07:04:36,22.0,72.6,11234,1.398,10721,1.338,11288,1.413,11102,1.394
2026-07-14T07:19:37,22.2,73.1,11205,1.401,10692,1.341,11257,1.414,11106,1.391
2026-07-14T07:34:37,22.6,70.9,10253,1.277,10149,1.269,10733,1.348,11051,1.384
2026-07-14T07:49:37,23.1,72.3,10316,1.293,10225,1.277,10833,1.349,11106,1.38
2026-07-14T08:04:38,23.4,71.3,10374,1.301,10260,1.288,10849,1.358,11094,1.383
2026-07-14T08:19:38,24.3,67.5,10432,1.302,10358,1.288,10931,1.358,11113,1.385
2026-07-14T08:34:38,25.2,65.0,10446,1.305,10339,1.296,10894,1.367,11088,1.387
2026-07-14T08:49:39,26.3,63.6,10435,1.306,10354,1.292,10946,1.363,11133,1.385
2026-07-14T09:04:39,27.4,60.1,10545,1.313,10430,1.296,10998,1.368,11143,1.392
2026-07-14T09:19:40,28.3,57.7,10589,1.317,10428,1.3,10987,1.373,11137,1.396
2026-07-14T09:34:40,29.1,54.9,10535,1.314,10393,1.3,10902,1.367,11077,1.388
2026-07-14T09:49:40,30.0,52.8,10487,1.306,10335,1.29,10847,1.357,11019,1.382
2026-07-14T10:04:41,30.9,49.8,10449,1.308,10347,1.293,10869,1.355,11077,1.378
2026-07-14T10:19:41,31.5,54.9,10375,1.301,10257,1.283,10782,1.346,10974,1.366
2026-07-14T10:34:41,32.6,52.6,10405,1.3,10266,1.279,10820,1.346,10986,1.369
2026-07-14T10:49:42,32.8,49.2,10375,1.298,10195,1.273,10791,1.344,10964,1.365
2026-07-14T11:04:42,33.5,50.3,10442,1.303,10237,1.28,10819,1.355,10984,1.376
2026-07-14T11:19:42,33.3,52.0,10442,1.308,10233,1.279,10845,1.353,11025,1.372
2026-07-14T11:34:43,33.9,51.2,10487,1.305,10238,1.276,10859,1.357,10997,1.378
2026-07-14T11:49:43,34.5,44.2,10479,1.306,10253,1.275,10881,1.354,11031,1.377
2026-07-14T12:04:44,34.5,45.5,10456,1.308,10250,1.28,10868,1.354,11069,1.377
2026-07-14T12:19:44,34.3,46.3,10471,1.311,10266,1.287,10856,1.36,11071,1.383
2026-07-14T12:34:44,34.1,46.6,10462,1.309,10296,1.286,10889,1.357,11106,1.382
2026-07-14T12:49:45,35.0,47.9,10517,1.311,10314,1.288,10884,1.362,11071,1.388
2026-07-14T13:04:45,34.2,47.0,10520,1.31,10328,1.285,10904,1.358,11093,1.386
2026-07-14T13:19:45,33.6,48.3,10505,1.311,10309,1.284,10898,1.356,11092,1.383
2026-07-14T13:34:46,34.1,46.3,10488,1.314,10272,1.288,10858,1.359,11084,1.383
2026-07-14T13:49:46,33.4,48.4,10504,1.314,10288,1.29,10864,1.362,11085,1.386
2026-07-14T14:04:46,33.0,47.2,10496,1.314,10313,1.288,10906,1.36,11135,1.385
2026-07-14T14:19:47,33.6,45.6,10536,1.311,10339,1.289,10910,1.363,11095,1.391
2026-07-14T14:34:47,34.1,48.4,10513,1.317,10333,1.293,10911,1.363,11134,1.387
2026-07-14T14:49:48,34.3,45.5,10526,1.319,10349,1.296,10895,1.363,11135,1.388
2026-07-14T15:04:48,35.0,45.0,10545,1.316,10380,1.293,10909,1.357,11152,1.389
2026-07-14T15:19:48,35.0,45.8,10544,1.32,10353,1.293,10868,1.355,11154,1.388
2026-07-14T15:34:49,33.8,47.4,10577,1.319,10318,1.29,10868,1.361,11121,1.394
2026-07-14T15:49:49,32.4,50.9,10550,1.32,10318,1.288,10893,1.357,11174,1.39
2026-07-14T16:04:49,32.2,49.4,10596,1.318,10340,1.289,10898,1.36,11154,1.397
2026-07-14T16:19:50,32.1,51.1,10607,1.32,10348,1.29,10906,1.362,11167,1.399
2026-07-14T16:34:50,31.8,50.4,10608,1.321,10362,1.289,10924,1.361,11193,1.399
2026-07-14T16:49:51,31.8,51.0,10598,1.325,10325,1.294,10885,1.365,11200,1.401
2026-07-14T17:04:51,31.9,49.5,10622,1.324,10366,1.29,10946,1.363,11244,1.405
2026-07-14T17:19:51,32.9,49.6,10637,1.323,10372,1.292,10925,1.364,11224,1.405
2026-07-14T17:34:52,33.1,47.5,10612,1.325,10361,1.29,10934,1.36,11238,1.401
2026-07-14T17:49:52,32.0,49.3,10645,1.332,10388,1.296,10923,1.361,11242,1.399
2026-07-14T18:04:52,33.5,48.8,10627,1.327,10374,1.292,10939,1.36,11250,1.402
2026-07-14T18:19:53,31.9,51.2,10666,1.335,10379,1.302,10945,1.372,11271,1.409
2026-07-14T18:34:53,31.3,52.3,10649,1.335,10381,1.299,10957,1.369,11293,1.407
2026-07-14T18:49:53,31.4,51.5,10701,1.333,10407,1.3,10965,1.372,11274,1.414
2026-07-14T19:04:54,31.2,51.0,10701,1.333,10433,1.297,11000,1.369,11310,1.413
2026-07-14T19:19:54,31.0,50.9,10676,1.339,10395,1.302,10975,1.372,11325,1.412
2026-07-14T19:34:55,30.8,51.8,10719,1.335,10444,1.298,11015,1.371,11335,1.415
2026-07-14T19:49:55,30.5,52.3,10690,1.34,10412,1.302,10997,1.373,11355,1.413
2026-07-14T20:04:55,30.3,52.8,10683,1.333,10416,1.296,10970,1.362,11255,1.402
2026-07-14T20:19:56,28.0,67.2,10637,1.322,10288,1.28,10707,1.337,10713,1.343
2026-07-14T20:34:56,26.4,67.2,10558,1.322,10259,1.281,10715,1.333,10749,1.336
2026-07-14T20:49:56,26.9,63.0,10582,1.321,10301,1.282,10765,1.336,10762,1.34
2026-07-14T21:04:57,27.3,59.4,10595,1.321,10322,1.283,10785,1.338,10777,1.344
2026-07-14T21:19:57,27.1,63.0,10592,1.324,10287,1.29,10721,1.347,10755,1.346
2026-07-14T21:34:58,27.2,62.4,10673,1.33,10366,1.295,10808,1.355,10815,1.357
2026-07-14T21:49:58,27.4,64.0,10669,1.33,10359,1.296,10795,1.355,10817,1.357
2026-07-14T22:04:58,27.5,63.8,10606,1.33,10295,1.292,10760,1.348,10825,1.35
2026-07-14T22:19:59,27.5,64.9,10599,1.329,10293,1.29,10768,1.347,10838,1.35
2026-07-14T22:34:59,27.5,65.3,10614,1.329,10319,1.289,10801,1.347,10868,1.351
2026-07-14T22:49:59,27.6,67.0,10613,1.33,10314,1.29,10794,1.347,10871,1.352
2026-07-14T23:05:00,27.3,67.2,10636,1.329,10338,1.288,10830,1.345,10882,1.354
2026-07-14T23:20:00,27.2,68.2,10651,1.331,10323,1.294,10783,1.355,10856,1.359
2026-07-14T23:35:00,27.1,71.1,10648,1.331,10349,1.29,10840,1.348,10910,1.357
2026-07-14T23:50:01,26.8,72.9,10686,1.331,10354,1.294,10820,1.355,10870,1.364
2026-07-15T00:05:01,26.4,75.2,10657,1.337,10329,1.296,10811,1.355,10911,1.361
2026-07-15T00:20:02,26.0,77.2,10689,1.335,10352,1.297,10819,1.359,10896,1.365
2026-07-15T00:35:02,26.0,77.2,10681,1.339,10340,1.298,10832,1.357,10933,1.364
2026-07-15T00:50:02,25.7,77.6,10715,1.335,10376,1.297,10851,1.359,10910,1.37
2026-07-15T01:05:03,25.6,77.8,10699,1.339,10354,1.3,10835,1.36,10940,1.367
2026-07-15T01:20:05,25.4,79.7,10736,1.335,10398,1.296,10879,1.358,10937,1.371
2026-07-15T01:35:06,25.4,79.8,10734,1.335,10393,1.296,10869,1.36,10931,1.372
2026-07-15T01:50:06,25.1,80.8,10695,1.339,10380,1.296,10881,1.355,10992,1.366
2026-07-15T02:05:06,25.5,78.0,10705,1.338,10388,1.295,10895,1.354,10996,1.367
2026-07-15T02:20:07,25.6,77.7,10726,1.338,10378,1.299,10851,1.362,10946,1.373
2026-07-15T02:35:07,25.4,77.8,10694,1.341,10373,1.298,10873,1.357,10997,1.368
2026-07-15T02:50:07,25.1,79.4,10729,1.34,10378,1.301,10851,1.363,10962,1.373
2026-07-15T03:05:08,25.0,80.0,10717,1.343,10365,1.302,10856,1.363,10984,1.372
2026-07-15T03:20:08,24.8,82.5,10721,1.344,10371,1.302,10863,1.363,10993,1.373
2026-07-15T03:35:09,24.9,81.4,10763,1.339,10416,1.299,10893,1.362,10977,1.377
2026-07-15T03:50:09,25.1,79.4,10721,1.343,10369,1.302,10860,1.362,10993,1.373
2026-07-15T04:05:09,25.1,80.1,10719,1.343,10398,1.298,10902,1.358,11033,1.371
2026-07-15T04:20:10,24.8,80.5,10726,1.343,10407,1.298,10914,1.358,11038,1.371
2026-07-15T04:35:10,24.9,80.3,10736,1.343,10413,1.299,10923,1.358,11046,1.373
2026-07-15T04:50:10,24.8,80.1,10759,1.34,10439,1.297,10938,1.359,11028,1.376
2026-07-15T05:05:11,24.8,80.2,10729,1.345,10401,1.301,10904,1.361,11043,1.373
2026-07-15T05:20:11,24.7,81.0,10781,1.341,10452,1.299,10942,1.362,11030,1.379
2026-07-15T05:35:12,24.5,81.7,10776,1.342,10451,1.298,10950,1.361,11045,1.379
2026-07-15T05:50:12,24.5,81.3,10754,1.348,10398,1.305,10892,1.366,11038,1.378
2026-07-15T06:05:12,24.6,81.6,10818,1.344,10479,1.302,10971,1.367,11064,1.384
2026-07-15T06:20:13,24.6,80.9,10793,1.35,10431,1.309,10922,1.372,11057,1.383
2026-07-15T06:35:13,24.8,80.7,10828,1.351,10464,1.31,10952,1.375,11073,1.386
2026-07-15T06:50:13,25.0,80.3,10811,1.35,10481,1.305,11003,1.366,11117,1.383
2026-07-15T07:05:14,25.4,77.9,10821,1.352,10457,1.311,10944,1.375,11077,1.388
2026-07-15T07:20:14,25.8,76.5,10841,1.348,10498,1.305,10993,1.369,11093,1.387
2026-07-15T07:35:14,26.1,75.9,10844,1.349,10473,1.306,10964,1.37,11076,1.389
2026-07-15T07:50:15,26.7,74.0,10789,1.351,10459,1.306,10969,1.367,11121,1.382
2026-07-15T08:05:15,27.7,74.0,10780,1.352,10440,1.309,10935,1.369,11091,1.383
2026-07-15T08:20:16,28.6,68.5,10788,1.352,10493,1.312,10963,1.367,11116,1.383
2026-07-15T08:35:16,29.9,65.3,10745,1.347,10423,1.306,10912,1.365,11066,1.38
2026-07-15T08:50:16,30.7,66.3,10748,1.343,10430,1.3,10941,1.361,11085,1.379
2026-07-15T09:05:17,31.1,60.7,10827,1.349,10444,1.305,10931,1.369,11062,1.387
2026-07-15T09:20:17,31.2,60.9,10857,1.351,10486,1.308,10921,1.367,11077,1.389
2026-07-15T09:35:17,32.3,58.9,10813,1.355,10428,1.307,10894,1.364,11092,1.385
2026-07-15T09:50:18,33.4,59.4,10768,1.349,10444,1.308,10860,1.358,11070,1.38
2026-07-15T10:05:18,33.6,52.7,10762,1.341,10389,1.298,10833,1.355,11013,1.381
2026-07-15T10:20:21,34.9,51.5,10759,1.34,10468,1.302,10864,1.353,11051,1.38
2026-07-15T10:35:21,34.9,52.2,10752,1.34,10370,1.29,10863,1.352,11023,1.376
2026-07-15T10:50:21,35.2,50.0,10764,1.34,10358,1.289,10850,1.353,11020,1.378
2026-07-15T11:05:24,35.4,48.4,10733,1.343,10303,1.291,10797,1.353,11018,1.377
2026-07-15T11:20:24,35.4,48.4,10739,1.337,10308,1.287,10797,1.35,10997,1.378
2026-07-15T11:35:25,35.5,50.2,10737,1.338,10319,1.284,10826,1.348,11016,1.375
2026-07-15T11:50:25,36.6,49.6,10693,1.339,10274,1.284,10790,1.346,11017,1.372
2026-07-15T12:05:26,37.0,47.2,10644,1.327,10237,1.28,10703,1.341,10939,1.37
2026-07-15T12:20:26,37.7,43.3,10539,1.32,10161,1.273,10629,1.33,10897,1.36
2026-07-15T12:35:26,37.9,43.7,10573,1.318,10202,1.275,10636,1.331,10889,1.365
2026-07-15T12:50:27,38.2,46.4,10560,1.316,10220,1.272,10636,1.325,10905,1.362
2026-07-15T13:05:27,38.6,39.4,10547,1.316,10179,1.273,10587,1.326,10866,1.361
2026-07-15T13:20:27,39.0,46.5,10528,1.311,10180,1.269,10579,1.321,10855,1.359
2026-07-15T13:35:28,38.5,39.7,10503,1.312,10137,1.27,10547,1.322,10844,1.357
2026-07-15T13:50:28,38.2,39.1,10521,1.316,10157,1.268,10591,1.32,10889,1.355
2026-07-15T14:05:28,36.7,40.9,10579,1.317,10206,1.272,10614,1.326,10894,1.364
2026-07-15T14:20:29,37.9,47.8,10578,1.318,10209,1.27,10624,1.323,10913,1.363
2026-07-15T14:35:29,37.6,48.9,10600,1.323,10201,1.276,10605,1.329,10913,1.367
2026-07-15T14:50:30,37.7,43.0,10609,1.326,10215,1.28,10611,1.33,10927,1.367
2026-07-15T15:05:30,38.1,46.4,10612,1.326,10246,1.278,10623,1.323,10966,1.366
2026-07-15T15:20:30,38.4,48.4,10630,1.325,10216,1.271,10611,1.322,10957,1.368
2026-07-15T15:35:31,36.4,48.1,10655,1.326,10197,1.27,10617,1.325,10963,1.371
2026-07-15T15:50:31,35.5,47.3,10675,1.329,10203,1.273,10623,1.328,10980,1.375
2026-07-15T16:05:31,34.9,54.9,10678,1.331,10218,1.271,10651,1.327,11008,1.376
2026-07-15T16:20:32,34.5,49.9,10680,1.335,10193,1.278,10620,1.331,11014,1.378
2026-07-15T16:35:32,33.8,54.3,10708,1.334,10243,1.274,10671,1.329,11053,1.38
2026-07-15T16:50:33,33.1,58.4,10725,1.335,10252,1.276,10672,1.33,11064,1.383
2026-07-15T17:05:33,32.6,59.5,10716,1.343,10221,1.281,10657,1.334,11083,1.383
2026-07-15T17:20:33,31.1,61.0,10761,1.339,10275,1.279,10703,1.335,11100,1.388
2026-07-15T17:35:34,30.1,62.7,10759,1.347,10253,1.286,10689,1.34,11134,1.39
2026-07-15T17:50:34,28.5,70.2,10815,1.355,10336,1.292,10799,1.346,11223,1.396
2026-07-15T18:05:34,28.3,73.6,10855,1.355,10346,1.295,10786,1.353,11196,1.403
2026-07-15T18:20:35,28.3,71.3,10872,1.352,10372,1.292,10818,1.351,11215,1.405
2026-07-15T18:35:35,28.3,69.5,10847,1.358,10338,1.298,10796,1.354,11234,1.404
2026-07-15T18:50:35,28.1,70.6,10846,1.358,10364,1.293,10846,1.349,11275,1.402
2026-07-15T19:05:36,27.7,70.5,10885,1.354,10376,1.294,10823,1.353,11238,1.409
2026-07-15T19:20:36,27.9,70.7,10881,1.353,10383,1.291,10833,1.35,11251,1.407
2026-07-15T19:35:37,27.9,66.8,10883,1.357,10366,1.296,10810,1.355,11243,1.41
2026-07-15T19:50:37,27.4,66.7,10884,1.359,10366,1.298,10813,1.357,11257,1.411
2026-07-15T20:05:37,27.0,70.6,10492,1.306,9746,1.21,10722,1.334,10795,1.348
2026-07-15T20:20:38,25.3,76.6,9974,1.242,9718,1.214,10589,1.329,10355,1.3
2026-07-15T20:35:38,23.3,83.2,10236,1.271,9998,1.243,10750,1.341,10537,1.321
2026-07-15T20:50:41,23.0,85.4,10298,1.29,10088,1.259,10783,1.34,10624,1.319
2026-07-15T21:05:41,23.0,85.4,10383,1.295,10128,1.269,10745,1.351,10588,1.328
2026-07-15T21:20:41,23.1,84.8,10374,1.302,10149,1.272,10785,1.347,10656,1.325
2026-07-15T21:35:42,23.1,83.5,10388,1.298,10140,1.273,10731,1.349,10605,1.328
2026-07-15T21:50:42,23.1,87.1,10418,1.295,10204,1.267,10796,1.344,10632,1.33
2026-07-15T22:05:43,23.0,88.1,10398,1.301,10186,1.27,10801,1.342,10676,1.327
2026-07-15T22:20:43,23.2,87.8,10438,1.3,10230,1.27,10826,1.344,10676,1.332
2026-07-15T22:35:43,23.2,87.8,10416,1.308,10189,1.277,10791,1.349,10696,1.331
2026-07-15T22:50:44,23.2,86.8,10435,1.306,10218,1.275,10828,1.346,10723,1.332
2026-07-15T23:05:44,23.1,86.0,10469,1.303,10252,1.273,10843,1.347,10705,1.337
2026-07-15T23:20:44,23.0,85.4,10482,1.305,10266,1.274,10852,1.349,10718,1.339
2026-07-15T23:35:45,22.9,81.2,10462,1.309,10245,1.278,10848,1.348,10757,1.337
2026-07-15T23:50:45,23.0,81.5,10478,1.31,10255,1.278,10860,1.349,10768,1.338
2026-07-16T00:05:45,22.9,80.6,10519,1.31,10259,1.283,10828,1.358,10721,1.346
2026-07-16T00:20:46,22.8,80.9,10511,1.312,10251,1.284,10814,1.359,10728,1.345
2026-07-16T00:35:46,22.8,83.0,10518,1.308,10291,1.278,10866,1.352,10759,1.345
2026-07-16T00:50:47,22.9,81.1,10503,1.316,10246,1.287,10824,1.358,10776,1.345
2026-07-16T01:05:47,22.8,75.0,10521,1.315,10263,1.288,10822,1.361,10768,1.349
2026-07-16T01:20:47,22.9,77.6,10550,1.31,10300,1.283,10865,1.357,10774,1.351
2026-07-16T01:35:48,23.0,78.7,10529,1.312,10310,1.28,10891,1.353,10803,1.348
2026-07-16T01:50:48,23.1,77.9,10509,1.319,10273,1.288,10854,1.358,10824,1.348
2026-07-16T02:05:48,23.1,73.1,10555,1.312,10327,1.283,10895,1.355,10815,1.353
2026-07-16T02:20:49,23.1,77.5,10527,1.32,10279,1.289,10859,1.359,10837,1.35
2026-07-16T02:35:49,23.0,74.4,10549,1.316,10332,1.284,10916,1.354,10851,1.352
2026-07-16T02:50:49,23.1,75.1,10526,1.321,10287,1.29,10867,1.361,10853,1.352
2026-07-16T03:05:50,23.0,74.7,10584,1.315,10338,1.288,10895,1.36,10834,1.359
2026-07-16T03:20:50,23.1,74.9,10540,1.322,10290,1.292,10861,1.362,10856,1.355
2026-07-16T03:35:51,23.1,78.3,10587,1.316,10339,1.289,10896,1.361,10835,1.361
2026-07-16T03:50:51,23.0,72.4,10564,1.32,10307,1.293,10859,1.365,10849,1.359
2026-07-16T04:05:51,23.0,76.1,10595,1.317,10344,1.289,10902,1.361,10856,1.362
2026-07-16T04:20:52,22.8,78.5,10552,1.324,10309,1.293,10886,1.362,10898,1.357
2026-07-16T04:35:52,22.7,80.9,10591,1.318,10368,1.287,10934,1.359,10897,1.361
2026-07-16T04:50:52,22.6,81.9,10563,1.324,10336,1.292,10915,1.36,10928,1.357
2026-07-16T05:05:53,22.5,81.9,10577,1.323,10351,1.291,10933,1.359,10941,1.359
2026-07-16T05:20:53,22.6,83.4,10622,1.32,10378,1.29,10935,1.363,10907,1.365
2026-07-16T05:35:56,22.8,82.1,10630,1.322,10368,1.294,10923,1.367,10901,1.369
2026-07-16T05:50:56,22.7,82.1,10623,1.32,10386,1.29,10952,1.363,10924,1.367
2026-07-16T06:05:57,22.6,83.2,10647,1.325,10383,1.296,10940,1.369,10918,1.371
2026-07-16T06:20:59,22.3,84.0,10626,1.329,10359,1.3,10916,1.371,10949,1.368
2026-07-16T06:35:59,22.3,84.0,10639,1.325,10410,1.292,10986,1.364,10967,1.369
2026-07-16T06:51:00,22.4,84.4,10658,1.324,10401,1.295,10958,1.367,10943,1.371
2026-07-16T07:06:00,22.5,84.3,10653,1.326,10384,1.298,10937,1.371,10931,1.373
2026-07-16T07:21:01,22.7,81.9,10634,1.327,10402,1.294,10987,1.363,10990,1.368
2026-07-16T07:36:01,22.8,79.1,10677,1.331,10406,1.302,10961,1.375,10965,1.377
2026-07-16T07:51:01,22.8,79.4,10669,1.332,10432,1.299,11024,1.368,11033,1.372
2026-07-16T08:06:02,22.9,77.9,10680,1.333,10404,1.304,10958,1.377,10977,1.377
2026-07-16T08:21:02,23.2,80.7,10653,1.335,10413,1.301,10997,1.369,11039,1.371
2026-07-16T08:36:02,23.6,67.2,10646,1.336,10401,1.301,10979,1.37,11029,1.371
2026-07-16T08:51:03,23.9,70.6,10668,1.336,10389,1.305,10952,1.376,11007,1.376
2026-07-16T09:06:03,23.5,78.8,10653,1.336,10388,1.301,10962,1.371,11026,1.373
2026-07-16T09:21:04,24.2,74.6,10662,1.338,10394,1.304,10968,1.374,11029,1.375
2026-07-16T09:36:04,24.3,71.5,10623,1.332,10370,1.297,10941,1.366,11013,1.37
2026-07-16T09:51:04,25.2,61.2,10666,1.33,10383,1.298,10927,1.37,10970,1.377
2026-07-16T10:06:05,25.8,60.8,10653,1.331,10381,1.301,10912,1.37,10988,1.375
2026-07-16T10:21:05,26.8,61.4,10671,1.328,10397,1.297,10936,1.367,10986,1.378
2026-07-16T10:36:05,26.9,51.7,10634,1.332,10379,1.297,10945,1.365,11037,1.373
2026-07-16T10:51:06,27.5,48.8,10670,1.328,10405,1.293,10958,1.364,11019,1.377
2026-07-16T11:06:06,28.2,58.6,10666,1.33,10400,1.294,10969,1.363,11045,1.377
2026-07-16T11:21:06,28.6,45.1,10655,1.336,10414,1.306,10933,1.368,10883,1.357
2026-07-16T11:36:07,29.2,49.3,10686,1.332,10459,1.301,10979,1.365,10897,1.359
2026-07-16T11:51:07,30.4,45.6,10680,1.335,10461,1.304,10979,1.366,10927,1.36
2026-07-16T12:06:08,31.3,42.0,10635,1.331,10420,1.3,10931,1.362,10905,1.357
2026-07-16T12:21:08,31.9,50.6,10629,1.329,10397,1.303,10880,1.365,10845,1.357
2026-07-16T12:36:08,32.2,40.0,10609,1.33,10381,1.301,10875,1.361,10856,1.354
2026-07-16T12:51:09,30.6,52.4,10669,1.327,10450,1.301,10921,1.362,10878,1.361
2026-07-16T13:06:09,31.9,44.0,10652,1.327,10459,1.3,10927,1.36,10891,1.361
2026-07-16T13:21:09,31.7,41.1,10647,1.328,10444,1.3,10927,1.359,10909,1.36
2026-07-16T13:36:10,31.7,47.4,10653,1.331,10415,1.304,10877,1.364,10881,1.362
2026-07-16T13:51:10,31.3,47.2,10679,1.329,10464,1.302,10927,1.362,10918,1.365
2026-07-16T14:06:11,31.2,43.6,10676,1.333,10435,1.306,10892,1.366,10909,1.367
2026-07-16T14:21:11,31.3,44.5,10695,1.332,10440,1.303,10900,1.364,10917,1.369
2026-07-16T14:36:11,31.1,45.1,10705,1.332,10460,1.303,10919,1.363,10940,1.369
2026-07-16T14:51:12,31.4,49.4,10700,1.335,10439,1.306,10894,1.366,10937,1.371
2026-07-16T15:06:12,31.1,51.4,10710,1.338,10458,1.31,10896,1.367,10966,1.373
2026-07-16T15:21:12,31.5,48.9,10722,1.339,10454,1.309,10891,1.366,10977,1.374
2026-07-16T15:36:13,31.0,49.6,10732,1.341,10439,1.308,10900,1.367,10991,1.376
2026-07-16T15:51:13,30.1,51.6,10724,1.344,10436,1.308,10925,1.366,11036,1.376
2026-07-16T16:06:13,29.9,55.6,10760,1.343,10453,1.308,10921,1.37,11022,1.381
2026-07-16T16:21:14,29.8,55.2,10774,1.343,10459,1.308,10930,1.37,11031,1.383
2026-07-16T16:36:16,29.6,57.3,10781,1.345,10460,1.309,10934,1.371,11049,1.385
2026-07-16T16:51:17,29.6,57.3,10784,1.347,10460,1.31,10936,1.372,11074,1.387
2026-07-16T17:06:17,29.7,56.7,10793,1.346,10465,1.308,10946,1.371,11074,1.389
2026-07-16T17:21:18,30.1,55.8,10773,1.35,10446,1.31,10945,1.37,11100,1.386
2026-07-16T17:36:18,29.6,56.2,10789,1.349,10454,1.311,10943,1.372,11102,1.389
2026-07-16T17:51:18,29.2,57.6,10810,1.348,10501,1.306,11000,1.369,11128,1.39
2026-07-16T18:06:19,28.8,56.9,10820,1.348,10511,1.307,11011,1.37,11148,1.391
2026-07-16T18:21:19,28.7,59.5,10688,1.333,10475,1.302,10997,1.366,11136,1.387
2026-07-16T18:36:19,27.4,64.8,10689,1.336,10441,1.31,10945,1.374,11103,1.39
2026-07-16T18:51:20,27.2,67.6,10716,1.332,10471,1.306,10976,1.373,11102,1.393
2026-07-16T19:06:20,27.1,70.9,10744,1.337,10525,1.308,11049,1.375,11154,1.393
2026-07-16T19:21:20,26.9,61.6,10712,1.343,10493,1.311,11037,1.375,11178,1.389
2026-07-16T19:36:21,26.6,63.4,10766,1.341,10514,1.314,11033,1.382,11137,1.398
2026-07-16T19:51:21,26.5,58.9,10769,1.34,10540,1.309,11068,1.378,11171,1.396
2026-07-16T20:06:22,26.1,61.3,10740,1.339,10473,1.311,10815,1.357,10243,1.286
2026-07-16T20:21:22,24.0,71.5,10744,1.342,10483,1.306,10734,1.332,10200,1.267
2026-07-16T20:36:22,22.6,74.1,10730,1.347,10453,1.311,10739,1.341,10256,1.276
2026-07-16T20:51:23,22.6,73.0,10748,1.348,10470,1.31,10778,1.344,10318,1.281
2026-07-16T21:06:23,22.6,71.7,10802,1.344,10492,1.309,10777,1.349,10288,1.293
2026-07-16T21:21:23,22.6,72.6,10802,1.342,10497,1.306,10788,1.346,10303,1.292
2026-07-16T21:36:24,22.6,69.7,10706,1.344,10396,1.304,10707,1.34,10269,1.279
2026-07-16T21:51:24,22.6,67.6,10714,1.343,10384,1.304,10698,1.342,10264,1.281
2026-07-16T22:06:25,23.2,66.4,10711,1.343,10383,1.304,10703,1.342,10280,1.282
2026-07-16T22:21:25,22.9,65.9,10732,1.342,10396,1.304,10700,1.345,10273,1.286
2026-07-16T22:36:25,22.9,65.5,10720,1.344,10385,1.304,10712,1.342,10363,1.291
2026-07-16T22:51:26,22.7,69.6,10742,1.339,10440,1.297,10780,1.338,10377,1.294
2026-07-16T23:06:26,22.5,70.3,10731,1.341,10429,1.298,10777,1.338,10405,1.294
2026-07-16T23:21:26,22.4,70.7,10752,1.342,10412,1.304,10726,1.348,10363,1.3
2026-07-16T23:36:27,22.2,73.8,10767,1.34,10460,1.299,10796,1.342,10409,1.3
2026-07-16T23:51:27,22.0,74.4,10743,1.347,10404,1.307,10745,1.348,10411,1.3
2026-07-17T00:06:27,21.9,78.4,10784,1.34,10456,1.301,10782,1.345,10405,1.304
2026-07-17T00:21:28,21.7,77.3,10739,1.346,10431,1.303,10789,1.344,10459,1.299
2026-07-17T00:36:28,21.6,77.9,10734,1.346,10426,1.304,10784,1.345,10461,1.3
2026-07-17T00:51:29,21.5,77.7,10762,1.345,10456,1.303,10822,1.344,10484,1.302
2026-07-17T01:06:29,21.5,78.8,10794,1.343,10486,1.302,10836,1.347,10469,1.307
2026-07-17T01:21:29,21.5,74.2,10764,1.351,10434,1.308,10816,1.351,10498,1.306
2026-07-17T01:36:30,21.5,73.1,10793,1.345,10488,1.302,10855,1.347,10494,1.308
2026-07-17T01:51:30,21.4,74.5,10768,1.347,10458,1.304,10836,1.346,10534,1.308
2026-07-17T02:06:30,21.4,79.3,10783,1.348,10435,1.31,10782,1.355,10492,1.314
2026-07-17T02:21:31,21.2,76.3,10819,1.344,10479,1.306,10828,1.353,10500,1.318
2026-07-17T02:36:31,21.1,76.7,10824,1.346,10482,1.307,10834,1.354,10508,1.319
2026-07-17T02:51:32,20.9,79.2,10781,1.35,10470,1.306,10861,1.351,10569,1.312
2026-07-17T03:06:32,20.7,78.8,10776,1.353,10453,1.31,10840,1.355,10561,1.314
2026-07-17T03:21:32,20.7,82.2,10765,1.35,10451,1.307,10841,1.352,10562,1.312
2026-07-17T03:36:33,20.4,80.6,10816,1.347,10472,1.308,10828,1.357,10513,1.321
2026-07-17T03:51:33,20.2,83.8,10774,1.352,10459,1.309,10848,1.354,10576,1.315
2026-07-17T04:06:33,20.2,83.0,10820,1.35,10463,1.312,10821,1.36,10534,1.321
2026-07-17T04:21:34,19.9,84.1,10791,1.353,10446,1.312,10827,1.358,10562,1.319
2026-07-17T04:36:34,19.8,83.0,10836,1.347,10493,1.308,10855,1.357,10544,1.324
2026-07-17T04:51:34,19.6,82.3,10781,1.352,10466,1.309,10859,1.354,10596,1.316
2026-07-17T05:06:35,19.6,85.4,10836,1.347,10492,1.308,10855,1.357,10549,1.324
2026-07-17T05:21:37,19.6,86.6,10836,1.346,10495,1.307,10860,1.357,10546,1.325
2026-07-17T05:36:38,19.6,86.4,10873,1.359,10524,1.32,10906,1.371,10641,1.334
2026-07-17T05:51:38,19.6,85.3,10901,1.355,10557,1.316,10943,1.369,10645,1.337
2026-07-17T06:06:39,19.5,85.8,10906,1.355,10562,1.317,10949,1.369,10649,1.337
2026-07-17T06:21:39,19.6,87.1,10902,1.355,10581,1.314,10979,1.366,10679,1.335
2026-07-17T06:36:39,19.9,83.7,10845,1.362,10518,1.318,10939,1.366,10693,1.33
2026-07-17T06:51:40,20.5,84.9,10893,1.357,10539,1.317,10927,1.371,10642,1.337
2026-07-17T07:06:40,20.5,84.2,10827,1.355,10465,1.314,10843,1.362,10599,1.326
2026-07-17T07:21:40,21.2,84.6,10839,1.356,10473,1.315,10849,1.364,10606,1.328
2026-07-17T07:36:41,21.6,77.5,10833,1.356,10462,1.314,10844,1.362,10611,1.327
2026-07-17T07:51:41,22.4,77.2,10851,1.35,10482,1.308,10857,1.359,10590,1.33
2026-07-17T08:06:41,23.6,70.8,10825,1.351,10492,1.305,10896,1.353,10631,1.326
2026-07-17T08:21:42,24.2,61.6,10836,1.349,10494,1.303,10894,1.354,10631,1.327
2026-07-17T08:36:42,25.5,60.0,10800,1.352,10457,1.305,10885,1.355,10654,1.324
2026-07-17T08:51:43,26.2,60.4,10795,1.353,10436,1.306,10870,1.357,10657,1.326
2026-07-17T09:06:43,26.6,55.6,10840,1.355,10456,1.303,10903,1.356,10687,1.329
2026-07-17T09:21:43,27.9,55.1,10846,1.356,10456,1.304,10904,1.357,10714,1.332
2026-07-17T09:36:44,28.5,46.9,10878,1.357,10454,1.308,10870,1.363,10693,1.341
2026-07-17T09:51:44,29.1,48.4,10888,1.357,10473,1.309,10877,1.363,10703,1.343
2026-07-17T10:06:44,29.1,43.2,10901,1.361,10474,1.312,10877,1.365,10731,1.344
2026-07-17T10:21:45,30.5,44.9,10889,1.359,10466,1.31,10879,1.365,10736,1.345
2026-07-17T10:36:45,30.2,43.3,10837,1.351,10403,1.3,10850,1.358,10675,1.339
2026-07-17T10:51:46,31.4,42.0,10798,1.353,10368,1.299,10853,1.357,10699,1.334
2026-07-17T11:06:46,31.5,43.2,10839,1.352,10393,1.293,10887,1.354,10710,1.336
2026-07-17T11:21:46,32.3,42.9,10889,1.36,10397,1.302,10869,1.363,10734,1.344
2026-07-17T11:36:47,32.5,37.3,10898,1.362,10381,1.301,10868,1.363,10756,1.346
2026-07-17T11:51:47,33.7,40.9,10942,1.364,10467,1.302,10959,1.364,10831,1.352
2026-07-17T12:06:47,33.6,40.8,10942,1.365,10422,1.303,10934,1.37,10835,1.358
2026-07-17T12:21:48,32.7,37.4,10954,1.363,10471,1.307,10973,1.373,10876,1.363
2026-07-17T12:36:48,33.7,36.7,10935,1.365,10479,1.305,10995,1.367,10919,1.36
2026-07-17T12:51:48,33.3,38.8,10936,1.367,10454,1.31,10975,1.376,10905,1.364
2026-07-17T13:06:49,35.0,36.5,10899,1.358,10385,1.297,10910,1.365,10837,1.358
2026-07-17T13:21:49,35.4,36.4,10884,1.364,10418,1.304,10960,1.369,10898,1.358
2026-07-17T13:36:50,35.4,33.3,10896,1.364,10432,1.303,10955,1.365,10895,1.356
2026-07-17T13:51:52,35.5,32.6,10917,1.365,10434,1.308,10949,1.372,10892,1.362
2026-07-17T14:06:53,35.5,32.5,10927,1.366,10462,1.305,10994,1.369,10945,1.362
2026-07-17T14:21:53,35.6,36.6,10960,1.366,10481,1.304,10960,1.365,10942,1.366
2026-07-17T14:36:53,36.4,32.7,10970,1.368,10484,1.304,10969,1.366,10926,1.363
2026-07-17T14:51:54,35.8,25.9,10973,1.371,10485,1.306,10981,1.366,10944,1.363
2026-07-17T15:06:54,35.9,29.6,11018,1.372,10481,1.308,10901,1.364,10911,1.368
2026-07-17T15:21:54,35.5,30.1,11017,1.38,10454,1.308,10918,1.363,10957,1.365
2026-07-17T15:36:55,33.2,29.3,11048,1.382,10426,1.307,10931,1.37,10957,1.37
2026-07-17T15:51:55,30.4,37.2,11115,1.385,10493,1.304,11002,1.369,11013,1.374
2026-07-17T16:06:55,29.5,42.6,11122,1.394,10494,1.316,11000,1.376,11043,1.377
2026-07-17T16:21:56,29.0,44.0,11160,1.395,10508,1.318,11000,1.38,11049,1.383
2026-07-17T16:36:56,28.4,47.2,11175,1.394,10551,1.312,11059,1.375,11101,1.383
2026-07-17T16:51:57,28.4,44.0,11172,1.4,10504,1.317,11032,1.38,11138,1.39
2026-07-17T17:06:57,28.6,43.0,11223,1.396,10532,1.313,11037,1.38,11117,1.393
2026-07-17T17:21:57,28.9,44.1,11220,1.4,10519,1.317,11042,1.385,11155,1.398
2026-07-17T17:36:58,30.0,44.7,11193,1.402,10508,1.313,11069,1.378,11160,1.388
2026-07-17T17:51:58,30.0,42.1,11238,1.399,10538,1.316,11038,1.381,11112,1.393
2026-07-17T18:06:58,29.0,44.4,11204,1.404,10529,1.317,11064,1.38,11178,1.391
2026-07-17T18:21:59,27.4,46.3,11258,1.401,10575,1.314,11092,1.382,11184,1.397
2026-07-17T18:36:59,26.8,47.1,11240,1.409,10535,1.321,11080,1.386,11211,1.398
2026-07-17T18:52:00,26.6,47.5,11256,1.411,10549,1.32,11110,1.387,11245,1.4
2026-07-17T19:07:00,26.2,49.5,11311,1.408,10578,1.32,11110,1.39,11228,1.408
2026-07-17T19:22:00,25.9,53.3,11307,1.41,10573,1.323,11100,1.392,11238,1.41
2026-07-17T19:37:01,25.6,56.2,11307,1.413,10570,1.325,11103,1.394,11274,1.409
2026-07-17T19:52:01,25.3,60.7,11386,1.417,10687,1.327,11252,1.401,11361,1.419
2026-07-17T20:07:01,24.9,64.3,11317,1.419,10608,1.327,11031,1.377,11063,1.375
2026-07-17T20:22:02,23.3,80.2,11371,1.421,10663,1.325,10930,1.355,10713,1.333
2026-07-17T20:37:02,22.5,81.7,11412,1.424,10708,1.332,10972,1.361,10767,1.339
2026-07-17T20:52:02,22.5,82.8,11412,1.429,10654,1.338,10902,1.37,10736,1.344
2026-07-17T21:07:03,22.6,84.0,11423,1.425,10711,1.332,10982,1.362,10786,1.342
2026-07-17T21:22:03,22.5,85.0,11472,1.425,10735,1.334,10997,1.37,10790,1.351
2026-07-17T21:37:04,22.4,84.7,11487,1.428,10719,1.336,11004,1.375,10801,1.356
2026-07-17T21:52:04,22.2,86.3,11455,1.425,10666,1.331,10922,1.366,10739,1.349
2026-07-17T22:07:04,22.2,87.5,11426,1.428,10653,1.337,10887,1.369,10747,1.347
2026-07-17T22:22:05,22.1,88.1,11447,1.427,10676,1.336,10906,1.369,10752,1.35
2026-07-17T22:37:05,22.1,87.2,11417,1.427,10679,1.33,10951,1.36,10813,1.344
2026-07-17T22:52:05,22.1,87.9,11422,1.431,10640,1.337,10906,1.369,10789,1.348
2026-07-17T23:07:06,22.3,88.0,11446,1.425,10700,1.328,10971,1.363,10811,1.349
2026-07-17T23:22:06,22.3,88.8,11415,1.432,10653,1.337,10924,1.367,10818,1.349
2026-07-17T23:37:06,22.3,90.4,11415,1.431,10657,1.333,10948,1.365,10846,1.348
2026-07-17T23:52:07,22.3,90.7,11421,1.433,10646,1.336,10931,1.368,10839,1.351
2026-07-18T00:07:07,22.4,90.1,11411,1.431,10636,1.331,10947,1.366,10857,1.35
2026-07-18T00:22:08,22.4,91.4,11444,1.432,10647,1.337,10922,1.371,10848,1.355
2026-07-18T00:37:08,22.3,91.8,11426,1.432,10653,1.332,10973,1.368,10881,1.352
2026-07-18T00:52:08,22.2,92.8,11477,1.427,10674,1.33,10962,1.37,10839,1.36
2026-07-18T01:07:09,22.3,93.6,11443,1.43,10676,1.33,10993,1.365,10897,1.354
2026-07-18T01:22:09,22.3,93.2,11490,1.428,10685,1.331,10977,1.371,10860,1.362
2026-07-18T01:37:09,22.4,93.9,11475,1.428,10713,1.33,11005,1.368,10890,1.36
2026-07-18T01:52:10,22.4,93.6,11433,1.435,10671,1.337,10975,1.371,10904,1.357
2026-07-18T02:07:10,22.4,93.8,11458,1.431,10699,1.332,11013,1.367,10922,1.358
2026-07-18T02:22:11,22.3,93.5,11443,1.433,10681,1.334,10998,1.369,10934,1.357
2026-07-18T02:37:11,22.3,94.0,11454,1.432,10704,1.334,11011,1.368,10936,1.359
2026-07-18T02:52:11,22.3,93.8,11456,1.436,10672,1.341,10969,1.376,10910,1.363
2026-07-18T03:07:12,22.2,93.8,11491,1.432,10703,1.34,10966,1.378,10886,1.366
2026-07-18T03:22:12,22.1,93.6,11466,1.432,10723,1.335,11030,1.369,10949,1.361
2026-07-18T03:37:12,22.2,93.5,11503,1.429,10736,1.336,11010,1.373,10914,1.367
2026-07-18T03:52:15,22.2,93.3,11496,1.433,10706,1.34,10984,1.379,10902,1.369
2026-07-18T04:07:15,22.2,93.2,11507,1.43,10737,1.334,11023,1.374,10928,1.368
2026-07-18T04:22:16,22.3,93.3,11453,1.437,10696,1.338,11012,1.373,10966,1.363
2026-07-18T04:37:16,22.2,93.1,11466,1.435,10714,1.336,11030,1.371,10977,1.363
2026-07-18T04:52:16,22.2,93.1,11492,1.436,10697,1.342,10987,1.381,10936,1.37
2026-07-18T05:07:17,22.1,92.3,11502,1.435,10709,1.341,10995,1.381,10928,1.372
2026-07-18T05:22:17,22.0,91.3,11492,1.437,10687,1.342,10986,1.381,10941,1.37
2026-07-18T05:37:18,21.9,91.1,11523,1.432,10754,1.336,11052,1.376,10970,1.372
2026-07-18T05:52:18,21.7,91.6,11497,1.434,10749,1.335,11068,1.374,10991,1.37
2026-07-18T06:07:18,21.8,91.5,11525,1.435,10720,1.34,11020,1.382,10948,1.375
2026-07-18T06:22:21,21.9,90.4,11486,1.44,10718,1.34,11056,1.377,11022,1.369
2026-07-18T06:37:21,21.9,90.4,11532,1.434,10759,1.336,11074,1.378,10997,1.375
2026-07-18T06:52:22,22.1,88.8,11515,1.44,10704,1.344,11018,1.385,10987,1.375
2026-07-18T07:07:22,22.1,87.5,11541,1.436,10731,1.34,11045,1.383,10972,1.378
2026-07-18T07:22:22,22.4,83.8,11521,1.438,10743,1.336,11093,1.376,11037,1.373
2026-07-18T07:37:23,22.8,79.8,11538,1.438,10720,1.34,11034,1.384,10982,1.379
2026-07-18T07:52:23,23.0,78.2,11550,1.435,10739,1.338,11054,1.382,10998,1.379
2026-07-18T08:07:24,23.3,74.2,11527,1.438,10742,1.335,11090,1.376,11044,1.375
2026-07-18T08:22:24,23.6,76.4,11525,1.439,10699,1.341,11009,1.383,10987,1.378
2026-07-18T08:37:24,24.3,67.2,11533,1.438,10704,1.339,11022,1.383,10990,1.379
2026-07-18T08:52:25,24.9,64.2,11538,1.436,10733,1.333,11060,1.376,11028,1.377
2026-07-18T09:07:25,25.0,63.0,11508,1.442,10697,1.337,11043,1.376,11058,1.374
2026-07-18T09:22:25,25.3,62.4,11530,1.44,10723,1.335,11074,1.375,11071,1.377
2026-07-18T09:37:26,24.9,64.1,11566,1.438,10741,1.336,11062,1.379,11051,1.383
2026-07-18T09:52:26,25.0,67.4,11519,1.444,10708,1.339,11069,1.377,11094,1.378
2026-07-18T10:07:26,24.4,73.0,11558,1.444,10708,1.343,11030,1.386,11054,1.385
2026-07-18T10:22:27,24.5,79.5,11568,1.445,10714,1.343,11041,1.387,11065,1.387
2026-07-18T10:37:27,24.4,83.9,11576,1.444,10726,1.342,11050,1.387,11066,1.389
2026-07-18T10:52:28,24.3,87.0,11571,1.443,10754,1.336,11105,1.379,11118,1.386
2026-07-18T11:07:28,24.3,86.0,11563,1.447,10701,1.344,11044,1.387,11100,1.388
2026-07-18T11:22:28,24.4,85.1,11570,1.444,10745,1.336,11107,1.379,11135,1.386
2026-07-18T11:37:29,24.6,83.5,11628,1.447,10782,1.348,11127,1.397,11148,1.4
2026-07-18T11:52:29,24.2,84.3,11539,1.433,10716,1.334,11075,1.383,11078,1.389
2026-07-18T12:07:29,23.0,92.5,10760,1.337,10208,1.273,10666,1.336,10619,1.335
2026-07-18T12:22:30,21.5,97.3,11118,1.395,10610,1.333,11122,1.392,11040,1.376
2026-07-18T12:34:20,20.9,98.3,11627,1.449,11368,1.41,11517,1.433,11316,1.417
2026-07-18T12:59:52,20.9,98.3,11737,1.47,11360,1.429,11542,1.449,11394,1.414
2026-07-18T13:14:52,20.4,98.5,11846,1.474,11507,1.427,11672,1.452,11423,1.427
2026-07-18T13:29:53,20.2,98.7,11862,1.484,11477,1.443,11636,1.462,11435,1.43
2026-07-18T13:44:53,20.3,98.7,11677,1.45,11350,1.415,11506,1.441,11282,1.417
2026-07-18T13:59:54,20.6,98.9,11653,1.456,11363,1.413,11516,1.428,11357,1.413
2026-07-18T14:14:54,20.1,99.0,11781,1.466,11323,1.414,11531,1.446,11325,1.424
2026-07-18T14:29:54,20.0,98.9,11826,1.475,11384,1.426,11580,1.455,11374,1.428
2026-07-18T14:44:55,20.6,99.3,11856,1.473,11448,1.426,11632,1.455,11402,1.431
2026-07-18T14:59:55,20.8,99.3,11873,1.477,11461,1.43,11642,1.459,11411,1.434
2026-07-18T15:14:55,21.2,99.5,11866,1.479,11510,1.428,11714,1.454,11482,1.431
2026-07-18T15:29:56,21.4,99.6,11866,1.479,11470,1.435,11639,1.462,11431,1.436
2026-07-18T15:44:58,21.9,99.7,11840,1.487,11457,1.438,11680,1.459,11503,1.431
2026-07-18T15:59:59,21.9,99.7,11892,1.488,11485,1.443,11675,1.467,11492,1.439
2026-07-18T16:14:59,21.8,99.7,11875,1.491,11501,1.442,11718,1.464,11541,1.436
2026-07-18T16:30:00,22.0,99.8,11935,1.485,11577,1.436,11765,1.463,11536,1.441
2026-07-18T16:45:00,22.2,99.8,11911,1.486,11561,1.437,11768,1.46,11553,1.439
2026-07-18T17:00:00,22.5,99.9,11921,1.492,11520,1.447,11701,1.47,11524,1.443
2026-07-18T17:15:01,22.3,99.9,11962,1.488,11565,1.444,11733,1.471,11517,1.447
2026-07-18T17:30:01,22.6,99.9,11915,1.493,11558,1.443,11770,1.465,11593,1.439
2026-07-18T17:45:01,22.8,99.9,11974,1.488,11583,1.443,11753,1.47,11538,1.449
2026-07-18T18:00:02,22.9,99.9,11935,1.491,11581,1.441,11790,1.463,11592,1.442
2026-07-18T18:15:02,23.3,99.9,11968,1.489,11601,1.44,11781,1.466,11568,1.446
2026-07-18T18:30:02,23.2,99.9,11919,1.496,11552,1.446,11763,1.467,11597,1.442
2026-07-18T18:45:03,23.3,99.9,11945,1.497,11546,1.451,11743,1.473,11586,1.447
2026-07-18T19:00:03,23.3,99.9,11979,1.496,11575,1.451,11746,1.476,11566,1.451
2026-07-18T19:15:04,23.0,99.9,11953,1.5,11558,1.452,11765,1.473,11604,1.447
2026-07-18T19:30:04,22.9,99.9,11977,1.495,11622,1.444,11825,1.468,11627,1.448
2026-07-18T19:45:04,22.7,99.9,12034,1.499,11681,1.45,11871,1.475,11682,1.458
2026-07-18T20:00:05,22.7,99.9,11674,1.466,11296,1.415,11498,1.434,11453,1.423
2026-07-18T20:15:05,22.2,99.9,11165,1.403,11092,1.389,11429,1.425,11302,1.404
2026-07-18T20:30:05,21.6,99.9,11254,1.404,11115,1.393,11487,1.445,11354,1.425
2026-07-18T20:45:06,21.9,99.9,11627,1.453,11342,1.424,11565,1.455,11427,1.433
2026-07-18T21:00:06,22.1,99.9,11709,1.466,11395,1.433,11609,1.458,11477,1.435
2026-07-18T21:15:07,22.4,99.9,11695,1.468,11376,1.429,11594,1.452,11458,1.429
2026-07-18T21:30:07,22.5,99.9,11756,1.463,11466,1.423,11658,1.449,11475,1.433
2026-07-18T21:45:07,22.6,99.9,11741,1.473,11409,1.434,11619,1.455,11482,1.433
2026-07-18T22:00:08,22.6,99.9,11753,1.472,11460,1.43,11676,1.451,11533,1.431
2026-07-18T22:15:08,22.7,99.9,11824,1.468,11497,1.43,11667,1.457,11490,1.44
2026-07-18T22:30:08,22.6,99.9,11805,1.475,11459,1.439,11635,1.462,11501,1.44
2026-07-18T22:45:09,22.8,99.9,11848,1.471,11516,1.433,11687,1.46,11512,1.444
2026-07-18T23:00:09,23.0,99.9,11784,1.48,11461,1.438,11676,1.459,11547,1.438
2026-07-18T23:15:09,23.1,99.9,11829,1.476,11482,1.438,11655,1.464,11501,1.444
2026-07-18T23:30:10,23.1,99.9,11849,1.474,11502,1.436,11677,1.464,11509,1.446
2026-07-18T23:45:10,23.2,99.9,11798,1.48,11490,1.437,11706,1.459,11578,1.438
2026-07-19T00:00:11,23.3,99.9,11812,1.482,11469,1.441,11676,1.463,11550,1.442
2026-07-19T00:15:11,23.3,99.9,11841,1.479,11493,1.442,11670,1.467,11530,1.446
2026-07-19T00:30:14,23.1,99.9,11817,1.484,11499,1.441,11714,1.463,11585,1.441
2026-07-19T00:45:14,23.1,99.9,11858,1.479,11559,1.436,11763,1.461,11593,1.445
2026-07-19T01:00:14,23.1,99.9,11885,1.476,11569,1.437,11746,1.464,11571,1.448
2026-07-19T01:15:15,23.0,99.9,11833,1.484,11529,1.441,11748,1.462,11614,1.442
2026-07-19T01:30:15,23.0,99.9,11879,1.48,11538,1.443,11709,1.47,11548,1.451
2026-07-19T01:45:15,23.1,99.9,11844,1.485,11505,1.445,11706,1.467,11581,1.446
2026-07-19T02:00:16,23.1,99.9,11893,1.48,11552,1.443,11720,1.469,11556,1.452
2026-07-19T02:15:16,23.1,99.9,11904,1.479,11572,1.441,11741,1.468,11572,1.452
2026-07-19T02:30:17,23.2,99.9,11894,1.482,11551,1.444,11718,1.47,11555,1.452
2026-07-19T02:45:17,23.2,99.9,11903,1.48,11597,1.44,11774,1.465,11603,1.45
2026-07-19T03:00:17,23.2,99.9,11891,1.486,11544,1.448,11714,1.472,11575,1.451
2026-07-19T03:15:18,23.1,99.9,11888,1.487,11538,1.449,11716,1.472,11585,1.451
2026-07-19T03:30:18,23.0,99.9,11929,1.482,11588,1.444,11754,1.47,11586,1.455
2026-07-19T03:45:21,22.8,99.9,11896,1.488,11544,1.45,11719,1.472,11590,1.451
2026-07-19T04:00:21,22.9,99.9,11919,1.487,11568,1.448,11735,1.474,11584,1.454
2026-07-19T04:15:21,22.7,99.9,11926,1.487,11577,1.449,11740,1.474,11584,1.455
2026-07-19T04:30:22,22.5,99.9,11945,1.484,11621,1.444,11789,1.47,11620,1.455
2026-07-19T04:45:22,22.4,99.9,11895,1.491,11584,1.448,11789,1.468,11663,1.448
2026-07-19T05:00:22,22.3,99.9,11923,1.488,11618,1.445,11817,1.467,11661,1.451
2026-07-19T05:15:23,22.1,99.6,11944,1.486,11635,1.444,11806,1.468,11641,1.454
2026-07-19T05:30:23,21.9,99.5,11934,1.49,11628,1.446,11830,1.468,11674,1.452
2026-07-19T05:45:24,21.7,99.5,11954,1.489,11647,1.446,11830,1.47,11661,1.454
2026-07-19T06:00:24,21.6,99.3,11970,1.492,11618,1.454,11775,1.479,11620,1.46
2026-07-19T06:15:24,21.4,98.9,11966,1.494,11612,1.456,11770,1.479,11629,1.459
2026-07-19T06:30:25,21.3,98.5,11986,1.492,11634,1.453,11792,1.478,11628,1.461
2026-07-19T06:45:25,21.3,98.4,11952,1.494,11642,1.45,11838,1.47,11704,1.454
2026-07-19T07:00:25,21.4,98.4,11983,1.505,11653,1.461,11853,1.481,11746,1.462
2026-07-19T07:15:26,21.6,97.3,12045,1.498,11687,1.459,11846,1.484,11696,1.47
2026-07-19T07:30:26,21.8,96.6,11989,1.505,11651,1.461,11847,1.481,11746,1.463
2026-07-19T07:45:26,21.9,93.7,11988,1.505,11657,1.46,11855,1.48,11754,1.462
2026-07-19T08:00:27,22.1,87.5,11984,1.494,11622,1.455,11775,1.479,11641,1.461
2026-07-19T08:15:27,22.6,85.0,11984,1.495,11618,1.455,11774,1.479,11643,1.462
2026-07-19T08:30:28,23.0,84.5,11954,1.499,11595,1.456,11787,1.476,11679,1.457
2026-07-19T08:45:28,23.5,78.1,11971,1.495,11651,1.449,11848,1.471,11710,1.458
2026-07-19T09:00:28,23.8,77.6,11975,1.502,11603,1.456,11802,1.477,11702,1.46
2026-07-19T09:15:29,24.6,79.7,11994,1.5,11603,1.457,11779,1.479,11683,1.463
2026-07-19T09:30:29,25.2,74.8,12019,1.497,11626,1.452,11801,1.478,11683,1.467
2026-07-19T09:45:29,25.3,68.7,12023,1.499,11652,1.448,11846,1.472,11742,1.463
2026-07-19T10:00:32,26.4,59.4,12008,1.5,11628,1.448,11819,1.469,11749,1.463
2026-07-19T10:15:32,26.4,60.1,11983,1.503,11594,1.454,11808,1.477,11737,1.464
2026-07-19T10:30:33,26.7,60.4,11993,1.503,11593,1.455,11803,1.478,11739,1.466
2026-07-19T10:45:33,26.5,51.7,11988,1.503,11609,1.452,11831,1.476,11769,1.464
2026-07-19T11:00:33,27.5,61.1,12015,1.503,11589,1.454,11791,1.479,11731,1.468
2026-07-19T11:15:34,27.7,55.6,12016,1.5,11616,1.446,11838,1.472,11777,1.466
2026-07-19T11:30:34,28.8,55.0,12044,1.5,11640,1.447,11855,1.476,11775,1.47
2026-07-19T11:45:35,28.9,52.3,12041,1.501,11644,1.448,11868,1.476,11796,1.471
2026-07-19T12:00:35,28.9,52.1,12037,1.497,11630,1.448,11851,1.48,11771,1.474
2026-07-19T12:15:35,29.7,51.6,12020,1.5,11616,1.454,11843,1.485,11767,1.475
2026-07-19T12:30:36,30.3,49.5,12036,1.499,11635,1.453,11864,1.485,11774,1.477
2026-07-19T12:45:36,30.4,46.8,12005,1.504,11613,1.457,11866,1.484,11793,1.471
2026-07-19T13:00:36,30.9,48.7,12060,1.5,11668,1.455,11881,1.485,11771,1.475
2026-07-19T13:15:37,31.2,49.1,12015,1.506,11653,1.457,11889,1.483,11821,1.471
2026-07-19T13:30:37,30.6,45.1,12065,1.501,11672,1.456,11892,1.487,11799,1.479
2026-07-19T13:45:38,31.4,49.8,12033,1.506,11685,1.459,11909,1.484,11915,1.482
2026-07-19T14:00:38,31.2,43.9,12070,1.503,11724,1.458,11909,1.484,11902,1.487
2026-07-19T14:15:38,31.0,48.8,12059,1.509,11659,1.462,11837,1.483,11896,1.487
2026-07-19T14:30:39,31.5,43.2,12054,1.511,11695,1.465,11863,1.483,11914,1.486
2026-07-19T14:45:39,31.7,45.3,12067,1.51,11735,1.464,11900,1.482,11929,1.484
2026-07-19T15:00:39,31.0,42.3,12105,1.509,11761,1.463,11902,1.481,11939,1.489
2026-07-19T15:15:42,30.8,49.6,12126,1.508,11764,1.465,11840,1.478,11922,1.492
2026-07-19T15:30:42,30.8,49.0,12095,1.514,11739,1.463,11867,1.476,11942,1.486
2026-07-19T15:45:43,27.8,49.9,12121,1.51,11722,1.465,11845,1.484,11894,1.492
2026-07-19T16:00:43,26.5,51.8,12116,1.512,11748,1.461,11898,1.479,11951,1.489
2026-07-19T16:15:43,26.4,54.2,12129,1.512,11752,1.46,11903,1.48,11958,1.492
2026-07-19T16:30:44,26.0,51.7,12148,1.515,11733,1.467,11867,1.488,11933,1.497
2026-07-19T16:45:44,26.0,58.4,12168,1.515,11756,1.468,11890,1.489,11973,1.502
2026-07-19T17:00:45,25.7,57.3,12174,1.514,11775,1.464,11933,1.488,12014,1.502
2026-07-19T17:15:45,27.1,54.0,12193,1.517,11752,1.466,11915,1.492,11999,1.505
2026-07-19T17:30:45,29.2,49.6,12156,1.517,11752,1.463,11928,1.483,12020,1.497
2026-07-19T17:45:46,29.5,47.1,12143,1.519,11749,1.466,11900,1.481,12008,1.493
2026-07-19T18:00:46,29.0,49.8,12170,1.519,11743,1.47,11860,1.488,11970,1.501
2026-07-19T18:15:46,26.7,53.4,12189,1.517,11793,1.466,11917,1.485,12021,1.502
2026-07-19T18:30:47,25.4,56.5,12199,1.519,11808,1.467,11936,1.485,12044,1.504
2026-07-19T18:45:47,24.9,62.6,12210,1.521,11789,1.472,11901,1.491,12018,1.508
2026-07-19T19:00:47,24.6,62.1,12218,1.519,11824,1.47,11927,1.488,12046,1.507
2026-07-19T19:15:48,24.4,57.4,12220,1.534,11828,1.483,11970,1.496,12123,1.511
2026-07-19T19:30:48,23.9,58.6,12219,1.533,11846,1.482,11986,1.493,12147,1.509
2026-07-19T19:45:49,23.7,67.3,12228,1.532,11857,1.482,11997,1.494,12153,1.51
2026-07-19T20:00:49,23.3,68.9,12255,1.528,11888,1.477,12009,1.492,12130,1.512
2026-07-19T20:15:49,22.8,67.1,12211,1.526,11843,1.475,11383,1.413,11232,1.394
2026-07-19T20:30:50,20.2,82.2,12273,1.525,11872,1.479,11496,1.437,11322,1.421
2026-07-19T20:45:50,20.2,80.5,12269,1.527,11863,1.481,11533,1.444,11366,1.428
2026-07-19T21:00:50,20.1,82.5,12251,1.53,11884,1.478,11623,1.441,11478,1.427
2026-07-19T21:15:51,19.8,79.2,12257,1.532,11848,1.487,11561,1.454,11437,1.435
2026-07-19T21:30:51,19.6,75.2,12301,1.528,11905,1.482,11634,1.453,11487,1.441
2026-07-19T21:45:52,19.6,82.9,12296,1.528,11915,1.481,11659,1.453,11513,1.441
2026-07-19T22:00:52,19.4,82.1,12254,1.533,11888,1.482,11676,1.45,11571,1.436
2026-07-19T22:15:52,19.4,84.6,12312,1.53,11914,1.485,11670,1.46,11532,1.448
2026-07-19T22:30:53,19.5,84.9,12266,1.537,11855,1.49,11640,1.462,11546,1.444
2026-07-19T22:45:53,19.4,86.2,12309,1.53,11908,1.484,11682,1.46,11545,1.449
2026-07-19T23:00:53,19.1,83.0,12207,1.532,11813,1.482,11590,1.45,11501,1.433
2026-07-19T23:15:54,19.2,85.9,12223,1.533,11815,1.484,11597,1.454,11506,1.436
2026-07-19T23:30:54,19.1,85.7,12238,1.532,11825,1.485,11593,1.457,11499,1.439
2026-07-19T23:45:54,19.1,86.5,12265,1.529,11852,1.483,11623,1.459,11488,1.444
2026-07-20T00:00:55,18.9,83.5,12279,1.526,11893,1.478,11674,1.454,11526,1.442
2026-07-20T00:15:55,18.7,83.2,12245,1.534,11832,1.487,11632,1.461,11532,1.442
2026-07-20T00:30:56,18.8,84.3,12245,1.536,11834,1.487,11640,1.46,11544,1.442
2026-07-20T00:45:56,18.7,84.0,12239,1.533,11869,1.482,11694,1.454,11592,1.439
2026-07-20T01:00:56,18.5,85.3,12247,1.532,11887,1.481,11714,1.454,11601,1.44
2026-07-20T01:15:57,18.4,83.8,12284,1.533,11868,1.487,11656,1.465,11534,1.449
2026-07-20T01:30:57,18.3,83.8,12265,1.533,11895,1.482,11726,1.456,11617,1.442
2026-07-20T01:46:00,18.1,84.4,12247,1.538,11856,1.487,11686,1.461,11595,1.444
2026-07-20T02:01:00,18.1,84.5,12302,1.533,11890,1.487,11681,1.467,11552,1.453
2026-07-20T02:16:00,18.0,86.5,12262,1.539,11860,1.489,11693,1.464,11613,1.445
2026-07-20T02:31:01,17.8,85.6,12311,1.534,11900,1.488,11695,1.468,11564,1.454
2026-07-20T02:46:01,17.7,85.9,12310,1.535,11897,1.489,11695,1.469,11568,1.454
2026-07-20T03:01:01,17.5,86.6,12274,1.54,11866,1.491,11698,1.466,11614,1.449
2026-07-20T03:16:04,17.2,86.5,12332,1.533,11922,1.486,11727,1.467,11595,1.456
2026-07-20T03:31:04,17.2,86.4,12306,1.538,11888,1.492,11694,1.471,11595,1.454
2026-07-20T03:46:05,17.1,85.5,12286,1.541,11876,1.492,11713,1.468,11626,1.451
2026-07-20T04:01:05,17.1,86.3,12293,1.538,11924,1.487,11773,1.463,11676,1.449
2026-07-20T04:16:06,16.9,84.6,12292,1.539,11924,1.488,11774,1.464,11676,1.449
2026-07-20T04:31:06,16.6,86.1,12307,1.538,11940,1.487,11794,1.463,11682,1.45
2026-07-20T04:46:06,16.5,86.3,12329,1.542,11915,1.496,11732,1.476,11633,1.458
2026-07-20T05:01:07,16.6,87.8,12331,1.542,11914,1.496,11730,1.476,11629,1.459
2026-07-20T05:16:07,16.4,88.8,12368,1.536,11975,1.489,11789,1.471,11651,1.46
2026-07-20T05:31:07,16.2,87.5,12349,1.539,11980,1.488,11829,1.467,11700,1.457
2026-07-20T05:46:08,16.1,87.6,12307,1.545,11923,1.494,11777,1.47,11686,1.454
2026-07-20T06:01:08,16.2,89.5,12371,1.539,11958,1.492,11779,1.475,11647,1.464
2026-07-20T06:16:09,16.1,89.0,12358,1.542,11937,1.495,11759,1.478,11641,1.463
2026-07-20T06:31:09,16.4,90.5,12310,1.546,11910,1.494,11773,1.472,11684,1.455
2026-07-20T06:46:09,16.7,89.0,12361,1.538,11981,1.486,11819,1.468,11684,1.458
2026-07-20T07:01:10,17.2,87.9,12344,1.544,11917,1.496,11742,1.477,11652,1.461
2026-07-20T07:16:10,17.6,84.8,12338,1.544,11903,1.496,11740,1.475,11657,1.459
2026-07-20T07:31:10,18.3,88.3,12366,1.538,11931,1.488,11756,1.472,11637,1.462
2026-07-20T07:46:11,19.0,81.8,12310,1.545,11885,1.491,11753,1.471,11677,1.455
2026-07-20T08:01:11,20.0,78.2,12348,1.535,11935,1.483,11775,1.467,11654,1.457
2026-07-20T08:16:14,22.1,71.6,12349,1.536,11944,1.483,11792,1.467,11670,1.458
2026-07-20T08:31:14,22.1,71.8,12347,1.535,11919,1.485,11763,1.471,11641,1.46
2026-07-20T08:46:14,23.2,61.5,12331,1.538,11934,1.483,11814,1.467,11698,1.457
2026-07-20T09:01:15,23.0,64.2,12385,1.54,11912,1.485,11770,1.472,11657,1.462
2026-07-20T09:16:15,24.4,57.7,12378,1.539,11903,1.482,11756,1.468,11659,1.46
2026-07-20T09:31:16,25.4,54.1,12326,1.543,11869,1.482,11755,1.464,11726,1.457
2026-07-20T09:46:16,26.2,53.1,12344,1.543,11873,1.48,11752,1.461,11711,1.457
2026-07-20T10:01:16,27.1,50.0,12342,1.547,11858,1.483,11735,1.464,11707,1.456
2026-07-20T10:16:17,27.5,47.8,12385,1.544,11858,1.482,11732,1.47,11665,1.464
2026-07-20T10:31:17,28.1,47.9,12381,1.541,11902,1.479,11790,1.468,11710,1.462
2026-07-20T10:46:17,28.5,48.4,12379,1.544,11871,1.484,11760,1.474,11710,1.469
2026-07-20T11:01:18,28.9,43.3,12359,1.547,11852,1.487,11747,1.472,11731,1.466
2026-07-20T11:16:18,28.9,43.7,12389,1.547,11861,1.477,11756,1.461,11759,1.464
2026-07-20T11:31:18,30.1,42.8,12400,1.548,11859,1.476,11757,1.462,11755,1.464
2026-07-20T11:46:21,31.3,38.5,12419,1.546,11856,1.48,11718,1.466,11730,1.471
2026-07-20T12:01:21,31.3,38.7,12391,1.546,11890,1.488,11757,1.474,11751,1.474
2026-07-20T12:16:22,31.4,36.9,12378,1.55,11888,1.491,11788,1.477,11785,1.472
2026-07-20T12:31:22,31.9,37.3,12396,1.548,11892,1.491,11790,1.478,11774,1.474
2026-07-20T12:46:23,32.4,34.6,12417,1.548,11954,1.486,11844,1.474,11793,1.471
2026-07-20T13:01:23,31.8,35.3,12450,1.549,11959,1.49,11838,1.478,11773,1.474
2026-07-20T13:16:23,32.0,40.6,12454,1.55,11956,1.491,11837,1.48,11790,1.478
2026-07-20T13:31:24,30.9,36.7,12468,1.552,11992,1.492,11869,1.48,11824,1.478
2026-07-20T13:46:24,31.1,37.3,12458,1.557,11997,1.496,11882,1.478,11850,1.476
2026-07-20T14:01:24,30.3,40.0,12479,1.561,11963,1.5,11828,1.483,11858,1.483
2026-07-20T14:16:25,30.7,37.8,12514,1.558,12047,1.498,11867,1.478,11890,1.485
2026-07-20T14:31:25,31.2,39.3,12505,1.565,12007,1.506,11818,1.481,11870,1.484
2026-07-20T14:46:26,30.9,38.1,12504,1.567,12021,1.504,11849,1.479,11903,1.482
2026-07-20T15:01:26,30.2,40.7,12556,1.566,12072,1.502,11861,1.475,11906,1.484
2026-07-20T15:16:26,29.7,39.2,12553,1.57,12070,1.505,11813,1.47,11919,1.482
2026-07-20T15:31:27,29.4,37.8,12589,1.566,12048,1.498,11805,1.472,11889,1.486
2026-07-20T15:46:27,26.7,40.8,12540,1.573,11987,1.502,11798,1.474,11917,1.485
2026-07-20T16:01:27,25.7,45.0,12598,1.569,12026,1.501,11809,1.478,11900,1.493
2026-07-20T16:16:28,25.5,47.0,12592,1.571,12016,1.504,11800,1.481,11910,1.494
2026-07-20T16:31:28,25.1,49.7,12567,1.574,12024,1.502,11842,1.474,11986,1.49
2026-07-20T16:46:28,25.0,46.6,12593,1.574,12013,1.506,11801,1.481,11986,1.501
2026-07-20T17:01:29,25.2,46.9,12618,1.572,12065,1.499,11888,1.479,12039,1.502
2026-07-20T17:16:29,26.2,49.6,12648,1.576,12045,1.505,11853,1.485,12005,1.506
2026-07-20T17:31:30,27.7,43.0,12626,1.579,12027,1.509,11830,1.484,11988,1.5
2026-07-20T17:46:30,27.5,40.3,12620,1.58,12032,1.51,11811,1.481,11983,1.498
2026-07-20T18:01:30,26.8,40.2,12653,1.574,12086,1.504,11850,1.48,11999,1.503
2026-07-20T18:16:31,25.0,45.1,12661,1.574,12095,1.504,11868,1.48,12027,1.505
2026-07-20T18:31:31,24.4,46.7,12630,1.583,12045,1.512,11845,1.484,12047,1.504
2026-07-20T18:46:31,24.1,48.7,12668,1.577,12112,1.505,11893,1.48,12071,1.507
2026-07-20T19:01:32,23.7,53.9,12668,1.579,12114,1.506,11906,1.48,12091,1.508
2026-07-20T19:16:32,23.4,58.1,12681,1.587,12092,1.518,11894,1.491,12116,1.513
2026-07-20T19:31:32,23.3,58.1,12709,1.584,12117,1.515,11900,1.492,12097,1.518
2026-07-20T19:46:33,22.9,60.9,12580,1.564,12013,1.494,11954,1.492,12092,1.514
2026-07-20T20:01:33,22.6,62.2,12542,1.57,11962,1.502,11922,1.497,12085,1.512
2026-07-20T20:16:34,22.3,66.3,12495,1.568,11918,1.496,11299,1.416,11219,1.399
2026-07-20T20:31:34,20.2,75.4,12567,1.562,11985,1.492,11441,1.428,11307,1.417
2026-07-20T20:46:34,20.0,79.0,12552,1.566,11952,1.497,11455,1.44,11338,1.425
2026-07-20T21:01:35,19.9,77.5,12522,1.568,11964,1.493,11531,1.434,11439,1.419
2026-07-20T21:16:35,20.1,78.6,12527,1.567,11920,1.497,11451,1.44,11357,1.423
2026-07-20T21:31:35,20.1,79.0,12520,1.569,11914,1.497,11471,1.44,11393,1.423
2026-07-20T21:46:36,19.9,81.3,12508,1.567,11944,1.491,11523,1.434,11441,1.42
2026-07-20T22:01:36,19.8,85.0,12540,1.567,11918,1.496,11478,1.443,11394,1.428
2026-07-20T22:16:37,20.0,84.3,12553,1.563,11947,1.492,11511,1.442,11394,1.432
2026-07-20T22:31:37,20.1,86.1,12509,1.566,11943,1.49,11542,1.436,11472,1.424
2026-07-20T22:46:37,19.9,88.0,12558,1.561,11978,1.488,11554,1.438,11443,1.431
2026-07-20T23:01:38,20.2,85.7,12567,1.562,11962,1.491,11544,1.442,11433,1.435
2026-07-20T23:16:38,20.1,88.6,12529,1.568,11917,1.496,11507,1.446,11448,1.432
2026-07-20T23:31:38,20.2,91.3,12540,1.565,11969,1.488,11591,1.438,11498,1.43
2026-07-20T23:46:39,20.1,91.3,12563,1.562,11983,1.488,11583,1.441,11480,1.435
2026-07-21T00:01:39,19.9,91.8,12552,1.57,11936,1.499,11541,1.451,11480,1.438
2026-07-21T00:16:39,20.0,88.9,12577,1.565,12003,1.49,11620,1.444,11517,1.438
2026-07-21T00:31:40,20.0,89.9,12559,1.57,11939,1.498,11543,1.452,11480,1.44
2026-07-21T00:46:40,20.2,87.8,12559,1.57,11938,1.498,11547,1.452,11488,1.44
2026-07-21T01:01:41,20.1,91.1,12564,1.569,11943,1.497,11549,1.452,11482,1.441
2026-07-21T01:16:41,20.2,90.5,12591,1.565,11986,1.492,11592,1.448,11502,1.443
2026-07-21T01:31:41,20.3,90.1,12582,1.565,12005,1.491,11618,1.446,11529,1.441
2026-07-21T01:46:42,20.3,91.4,12562,1.567,11992,1.49,11630,1.443,11552,1.437
2026-07-21T02:01:42,20.2,92.8,12584,1.565,12005,1.491,11615,1.448,11528,1.444
2026-07-21T02:16:42,20.5,92.6,12564,1.571,11942,1.499,11557,1.453,11512,1.443
2026-07-21T02:31:43,20.5,91.6,12567,1.572,11944,1.5,11573,1.455,11524,1.444
2026-07-21T02:46:43,20.5,92.7,12545,1.571,11962,1.493,11629,1.447,11582,1.437
2026-07-21T03:01:44,20.6,92.9,12556,1.569,11974,1.491,11647,1.446,11586,1.439
2026-07-21T03:16:44,21.0,92.1,12567,1.572,11937,1.498,11577,1.455,11529,1.445
2026-07-21T03:31:44,21.2,92.4,12579,1.568,11996,1.49,11658,1.447,11578,1.443
2026-07-21T03:46:45,21.6,92.1,12582,1.571,11948,1.497,11587,1.456,11527,1.447
2026-07-21T04:01:45,22.0,90.8,12558,1.569,11970,1.49,11653,1.446,11592,1.441
2026-07-21T04:16:45,22.2,88.3,12543,1.571,11950,1.491,11632,1.447,11596,1.439
2026-07-21T04:31:46,22.2,88.5,12556,1.569,11968,1.49,11653,1.446,11601,1.441
2026-07-21T04:46:46,22.3,87.4,12599,1.567,11974,1.493,11619,1.454,11545,1.45
2026-07-21T05:01:46,22.4,86.5,12543,1.571,11953,1.492,11643,1.448,11611,1.441
2026-07-21T05:16:47,22.3,86.5,12584,1.57,11949,1.496,11605,1.458,11548,1.45
2026-07-21T05:31:47,22.3,87.1,12543,1.572,11948,1.493,11642,1.451,11614,1.442
2026-07-21T05:46:48,22.1,87.5,12620,1.57,11990,1.496,11669,1.46,11599,1.457
2026-07-21T06:01:48,22.1,87.9,12591,1.57,11949,1.495,11612,1.459,11556,1.452
2026-07-21T06:16:48,22.0,89.5,12586,1.569,11990,1.489,11685,1.451,11620,1.448
2026-07-21T06:31:49,22.2,88.4,12578,1.572,11939,1.498,11607,1.459,11575,1.451
2026-07-21T06:46:49,22.3,87.6,12559,1.575,11926,1.498,11624,1.456,11604,1.448
2026-07-21T07:01:49,22.4,86.7,12602,1.57,11964,1.495,11625,1.458,11568,1.453
2026-07-21T07:16:50,22.6,86.3,12601,1.568,12001,1.49,11678,1.452,11616,1.451
2026-07-21T07:31:50,22.8,85.0,12583,1.575,11944,1.5,11618,1.46,11600,1.452
2026-07-21T07:46:50,22.8,85.2,12606,1.571,11968,1.497,11632,1.46,11583,1.455
2026-07-21T08:01:51,22.9,85.1,12568,1.577,11947,1.498,11649,1.456,11638,1.45
2026-07-21T08:16:51,23.0,84.8,12578,1.577,11947,1.5,11640,1.458,11634,1.452
2026-07-21T08:31:52,23.0,84.4,12572,1.577,11958,1.498,11662,1.457,11658,1.451
2026-07-21T08:46:52,23.2,84.0,12620,1.574,11973,1.499,11637,1.462,11611,1.458
2026-07-21T09:01:52,23.4,84.7,12619,1.575,11967,1.498,11631,1.461,11608,1.457
2026-07-21T09:16:53,23.9,82.9,12589,1.578,11945,1.499,11637,1.457,11641,1.453
2026-07-21T09:31:53,24.0,82.7,12631,1.571,12009,1.494,11672,1.456,11639,1.457
2026-07-21T09:46:53,24.2,82.6,12592,1.579,11952,1.5,11643,1.458,11658,1.454
2026-07-21T10:01:54,24.1,83.0,12601,1.578,11953,1.501,11629,1.459,11647,1.456
2026-07-21T10:16:54,23.8,84.4,12638,1.572,12017,1.493,11683,1.455,11661,1.458
2026-07-21T10:31:55,23.7,85.6,12638,1.572,12016,1.494,11679,1.455,11661,1.458
2026-07-21T10:46:55,23.6,86.3,12593,1.579,11976,1.497,11674,1.455,11700,1.454
2026-07-21T11:01:55,23.8,86.6,12616,1.577,11961,1.5,11622,1.46,11642,1.459
2026-07-21T11:16:56,23.7,86.9,12594,1.58,11963,1.499,11653,1.456,11683,1.455
2026-07-21T11:31:56,23.9,87.2,12646,1.577,11997,1.501,11646,1.462,11650,1.463
2026-07-21T11:46:56,24.1,87.6,12624,1.577,12014,1.496,11703,1.453,11715,1.456
2026-07-21T12:01:57,24.3,87.5,12487,1.565,11977,1.496,11595,1.444,11667,1.449
2026-07-21T12:16:57,23.5,95.4,12492,1.558,11945,1.496,11540,1.45,11571,1.453
2026-07-21T12:31:57,23.9,95.5,12441,1.561,11918,1.492,11569,1.444,11615,1.444
2026-07-21T12:46:58,23.9,95.4,12478,1.558,11906,1.492,11534,1.449,11558,1.45
2026-07-21T13:01:58,24.0,95.7,12413,1.544,11875,1.482,11514,1.442,11508,1.446
2026-07-21T13:16:59,24.4,96.6,12348,1.548,11810,1.483,11497,1.44,11537,1.439
2026-07-21T13:31:59,24.8,96.4,12362,1.542,11847,1.472,11555,1.437,11540,1.441
2026-07-21T13:46:59,25.3,94.8,12351,1.545,11791,1.48,11491,1.443,11519,1.442
2026-07-21T14:02:00,25.3,94.7,12341,1.546,11787,1.481,11514,1.443,11544,1.442
2026-07-21T14:17:00,24.9,94.2,12325,1.546,11793,1.475,11546,1.439,11574,1.438
2026-07-21T14:32:00,24.9,95.0,12388,1.54,11828,1.472,11550,1.443,11541,1.446
2026-07-21T14:47:01,25.2,93.6,12386,1.54,11819,1.472,11543,1.443,11535,1.447
2026-07-21T15:02:01,25.0,93.2,12329,1.547,11767,1.476,11535,1.443,11567,1.442
2026-07-21T15:17:02,24.9,91.9,12342,1.544,11798,1.471,11572,1.439,11594,1.44
2026-07-21T15:32:02,25.4,91.3,12386,1.54,11813,1.471,11554,1.444,11552,1.448
2026-07-21T15:47:02,25.0,89.6,12359,1.545,11771,1.477,11518,1.447,11544,1.447
2026-07-21T16:02:03,24.8,90.7,12381,1.54,11825,1.469,11579,1.442,11574,1.447
2026-07-21T16:17:03,24.8,91.2,12381,1.542,11828,1.47,11584,1.443,11579,1.448
2026-07-21T16:32:03,24.6,90.4,12341,1.548,11782,1.474,11568,1.442,11607,1.443
2026-07-21T16:47:04,24.4,90.0,12371,1.543,11816,1.469,11596,1.44,11603,1.445
2026-07-21T17:02:04,24.5,91.1,12356,1.543,11803,1.469,11588,1.438,11599,1.443
2026-07-21T17:17:04,24.1,93.9,12358,1.545,11761,1.476,11519,1.447,11553,1.447
2026-07-21T17:32:05,23.7,93.6,12374,1.543,11780,1.474,11533,1.448,11545,1.45
2026-07-21T17:47:05,23.5,93.9,12380,1.542,11789,1.473,11543,1.448,11548,1.451
2026-07-21T18:02:06,23.4,93.3,12344,1.548,11754,1.476,11541,1.446,11587,1.446
2026-07-21T18:17:06,23.6,95.0,12378,1.55,11792,1.482,11592,1.455,11636,1.455
2026-07-21T18:32:06,23.9,96.0,12252,1.535,11852,1.48,11649,1.449,11668,1.448
2026-07-21T18:47:07,23.8,97.6,12070,1.514,11738,1.475,11543,1.446,11548,1.441
2026-07-21T19:02:07,23.9,98.4,12061,1.5,11733,1.466,11520,1.445,11486,1.444
2026-07-21T19:17:07,24.0,98.6,12028,1.497,11708,1.462,11509,1.443,11470,1.441
2026-07-21T19:32:08,23.9,98.3,11982,1.501,11687,1.46,11556,1.437,11551,1.434
2026-07-21T19:47:08,23.8,98.3,12037,1.498,11689,1.46,11522,1.444,11482,1.443
2026-07-21T20:02:08,23.9,98.3,11562,1.447,11349,1.414,11513,1.429,11447,1.422
2026-07-21T20:17:09,24.0,98.1,11096,1.381,10898,1.352,11249,1.399,11125,1.391
2026-07-21T20:32:09,23.9,98.4,11185,1.399,10981,1.368,11332,1.406,11253,1.398
2026-07-21T20:47:10,24.0,98.5,11458,1.423,11193,1.395,11338,1.419,11239,1.411
2026-07-21T21:02:10,24.1,98.3,11537,1.435,11248,1.404,11358,1.424,11265,1.416
2026-07-21T21:17:10,23.3,93.0,11564,1.444,11260,1.412,11357,1.428,11291,1.416
2026-07-21T21:32:11,22.7,93.7,11551,1.45,11275,1.411,11408,1.422,11356,1.411
2026-07-21T21:47:11,22.7,93.4,11618,1.451,11298,1.417,11378,1.431,11316,1.42
2026-07-21T22:02:11,22.7,92.4,11593,1.455,11298,1.415,11421,1.425,11375,1.414
2026-07-21T22:17:12,22.6,92.4,11651,1.451,11364,1.41,11455,1.425,11372,1.42
2026-07-21T22:32:12,22.5,93.1,11666,1.451,11372,1.411,11454,1.426,11375,1.421
2026-07-21T22:47:13,22.5,94.0,11675,1.455,11340,1.419,11409,1.433,11343,1.425
2026-07-21T23:02:13,22.4,94.0,11685,1.456,11348,1.42,11478,1.426,11404,1.422
2026-07-21T23:17:13,22.5,93.4,11655,1.459,11363,1.417,11476,1.425,11433,1.419
2026-07-21T23:32:14,22.4,94.2,11688,1.457,11398,1.415,11496,1.427,11429,1.424
2026-07-21T23:47:14,22.5,93.2,11669,1.462,11369,1.42,11483,1.429,11455,1.422
2026-07-22T00:02:14,22.5,92.3,11713,1.463,11369,1.426,11439,1.438,11406,1.43
2026-07-22T00:17:15,22.4,93.1,11679,1.466,11371,1.424,11478,1.432,11457,1.425
2026-07-22T00:32:15,22.4,92.5,11721,1.466,11377,1.429,11447,1.438,11422,1.431
2026-07-22T00:47:15,22.3,93.2,11747,1.461,11446,1.421,11507,1.433,11448,1.431
2026-07-22T01:02:16,22.4,93.2,11721,1.469,11379,1.43,11465,1.438,11452,1.431
2026-07-22T01:17:16,22.4,93.7,11711,1.469,11408,1.426,11508,1.433,11497,1.427
2026-07-22T01:32:17,22.3,94.0,11774,1.463,11464,1.423,11521,1.435,11472,1.435
2026-07-22T01:47:17,22.3,94.9,11727,1.47,11433,1.427,11535,1.433,11519,1.43
2026-07-22T02:02:17,22.3,94.9,11770,1.466,11466,1.423,11540,1.434,11499,1.434
2026-07-22T02:17:18,22.3,95.3,11779,1.467,11430,1.429,11487,1.442,11452,1.439
2026-07-22T02:32:18,22.3,95.7,11738,1.472,11425,1.429,11525,1.435,11529,1.431
2026-07-22T02:47:18,22.5,94.9,11791,1.466,11476,1.425,11539,1.437,11499,1.437
2026-07-22T03:02:19,22.6,94.6,11774,1.472,11420,1.434,11481,1.443,11493,1.437
2026-07-22T03:17:19,22.7,94.0,11742,1.474,11418,1.43,11517,1.437,11522,1.433
2026-07-22T03:32:20,22.6,93.9,11765,1.474,11412,1.434,11491,1.442,11500,1.437
2026-07-22T03:47:20,22.6,94.3,11804,1.472,11453,1.433,11505,1.445,11481,1.442
2026-07-22T04:02:20,22.6,94.3,11758,1.475,11443,1.431,11538,1.438,11548,1.434
2026-07-22T04:17:21,22.6,93.9,11775,1.474,11460,1.43,11559,1.436,11556,1.434
2026-07-22T04:32:23,22.6,93.0,11771,1.478,11438,1.435,11536,1.441,11548,1.438
2026-07-22T04:47:24,22.6,92.7,11833,1.472,11481,1.433,11533,1.445,11506,1.446
2026-07-22T05:02:24,22.5,93.1,11807,1.473,11494,1.428,11586,1.438,11564,1.44
2026-07-22T05:17:24,22.4,94.2,11812,1.473,11501,1.429,11587,1.438,11562,1.44
2026-07-22T05:32:25,22.3,93.8,11828,1.476,11472,1.437,11524,1.448,11514,1.446
2026-07-22T05:47:25,22.2,94.4,11848,1.472,11516,1.431,11563,1.445,11537,1.447
2026-07-22T06:02:25,22.2,94.3,11840,1.476,11475,1.435,11532,1.448,11516,1.447
2026-07-22T06:17:26,22.3,94.0,11797,1.478,11470,1.433,11573,1.44,11589,1.439
2026-07-22T06:32:26,22.3,94.5,11805,1.478,11476,1.432,11581,1.44,11596,1.439
2026-07-22T06:47:29,22.6,94.2,11806,1.478,11476,1.432,11580,1.439,11592,1.439
2026-07-22T07:02:29,22.6,94.2,11854,1.473,11505,1.431,11565,1.444,11542,1.446
2026-07-22T07:17:30,22.6,93.8,11824,1.48,11450,1.439,11526,1.447,11543,1.444
2026-07-22T07:32:30,22.7,93.1,11802,1.48,11464,1.434,11567,1.441,11586,1.439
2026-07-22T07:47:30,22.9,92.2,11803,1.481,11457,1.435,11562,1.443,11580,1.44
2026-07-22T08:02:31,22.9,92.9,11812,1.478,11478,1.432,11583,1.439,11592,1.439
2026-07-22T08:17:31,22.9,92.8,11840,1.476,11507,1.429,11595,1.44,11580,1.443
2026-07-22T08:32:31,23.3,91.7,11847,1.478,11455,1.438,11523,1.448,11535,1.446
2026-07-22T08:47:32,23.6,91.0,11817,1.48,11469,1.432,11576,1.44,11596,1.44
2026-07-22T09:02:32,24.5,87.8,11808,1.481,11447,1.434,11552,1.442,11576,1.44
2026-07-22T09:17:32,24.9,86.2,11853,1.476,11504,1.429,11580,1.441,11572,1.445
2026-07-22T09:32:33,25.7,82.7,11872,1.48,11479,1.435,11544,1.447,11553,1.451
2026-07-22T09:47:33,27.0,79.6,11840,1.48,11451,1.437,11518,1.447,11552,1.446
2026-07-22T10:02:34,26.4,79.8,11864,1.481,11467,1.436,11532,1.448,11564,1.45
2026-07-22T10:17:34,28.1,71.6,11775,1.476,11451,1.437,11559,1.446,11600,1.447
2026-07-22T10:32:34,28.7,70.3,11679,1.459,11450,1.426,11577,1.439,11579,1.441
2026-07-22T10:47:35,29.5,66.9,11664,1.451,11420,1.421,11504,1.436,11521,1.442
2026-07-22T11:02:35,30.5,66.9,11587,1.453,11344,1.422,11467,1.433,11501,1.434
2026-07-22T11:17:35,31.2,66.6,11563,1.45,11310,1.417,11417,1.427,11500,1.434
2026-07-22T11:32:36,31.4,62.2,11600,1.443,11344,1.413,11399,1.424,11481,1.438
2026-07-22T11:47:36,31.7,65.2,11547,1.439,11339,1.409,11408,1.42,11487,1.433
2026-07-22T12:02:37,31.9,58.9,11527,1.445,11274,1.413,11399,1.425,11501,1.435
2026-07-22T12:17:37,32.2,57.7,11533,1.445,11313,1.414,11423,1.424,11557,1.438
2026-07-22T12:32:37,32.0,60.1,11550,1.448,11317,1.419,11430,1.429,11548,1.439
2026-07-22T12:47:38,31.1,63.2,11589,1.446,11330,1.418,11407,1.431,11528,1.445
2026-07-22T13:02:38,31.8,57.0,11576,1.448,11341,1.414,11464,1.426,11572,1.44
2026-07-22T13:17:38,31.5,55.9,11581,1.449,11335,1.415,11449,1.426,11588,1.441
2026-07-22T13:32:39,32.6,55.8,11582,1.451,11320,1.419,11423,1.428,11571,1.444
2026-07-22T13:47:39,33.1,53.6,11628,1.446,11396,1.42,11456,1.431,11543,1.445
2026-07-22T14:02:39,32.0,52.8,11613,1.444,11387,1.418,11436,1.428,11524,1.442
2026-07-22T14:17:40,30.1,57.9,11639,1.45,11395,1.424,11443,1.433,11524,1.446
2026-07-22T14:32:40,32.0,59.8,11639,1.449,11400,1.423,11431,1.431,11524,1.445
2026-07-22T14:47:41,30.6,55.5,11628,1.453,11399,1.428,11416,1.432,11535,1.444
2026-07-22T15:02:41,31.4,53.7,11642,1.449,11426,1.421,11452,1.427,11563,1.445
2026-07-22T15:17:41,29.5,63.5,11625,1.455,11370,1.426,11426,1.43,11579,1.445
2026-07-22T15:32:42,28.6,57.3,11676,1.453,11421,1.425,11447,1.432,11576,1.452
2026-07-22T15:47:42,28.2,64.2,11665,1.455,11437,1.422,11484,1.428,11623,1.449
2026-07-22T16:02:42,28.4,63.9,11684,1.455,11447,1.423,11478,1.43,11620,1.452
2026-07-22T16:17:43,29.0,60.2,11650,1.46,11412,1.427,11465,1.429,11648,1.449
2026-07-22T16:32:43,28.9,55.3,11682,1.458,11444,1.425,11492,1.428,11661,1.452
2026-07-22T16:47:43,29.1,54.0,11680,1.459,11438,1.425,11490,1.428,11681,1.453
2026-07-22T17:02:44,29.4,53.8,11702,1.461,11426,1.431,11445,1.436,11639,1.459
2026-07-22T17:17:44,28.8,61.3,11685,1.462,11442,1.427,11491,1.43,11699,1.455
2026-07-22T17:32:45,28.8,63.6,11718,1.46,11476,1.426,11503,1.432,11690,1.459
2026-07-22T17:47:45,28.4,60.0,11694,1.466,11424,1.433,11469,1.435,11697,1.459
2026-07-22T18:02:45,28.2,61.8,11697,1.464,11465,1.429,11512,1.432,11733,1.459
2026-07-22T18:17:46,27.9,63.8,11726,1.463,11483,1.428,11523,1.432,11730,1.462
2026-07-22T18:32:46,28.1,61.3,11738,1.464,11460,1.433,11474,1.439,11692,1.467
2026-07-22T18:47:46,27.8,64.3,11742,1.463,11466,1.432,11482,1.439,11697,1.468
2026-07-22T19:02:47,27.4,66.2,11755,1.462,11491,1.431,11502,1.437,11722,1.468
2026-07-22T19:17:47,27.1,68.8,11750,1.461,11491,1.431,11503,1.437,11716,1.47
2026-07-22T19:32:48,26.7,70.7,11720,1.468,11481,1.434,11538,1.436,11791,1.465
2026-07-22T19:47:48,26.5,77.0,11724,1.469,11455,1.438,11501,1.441,11765,1.469
2026-07-22T20:02:48,26.4,72.0,11698,1.464,11472,1.431,11510,1.431,11323,1.406
2026-07-22T20:17:49,25.0,74.0,11722,1.456,11521,1.432,11110,1.385,10925,1.367
2026-07-22T20:32:51,22.0,81.7,11679,1.466,11483,1.44,11171,1.396,11061,1.377
2026-07-22T20:47:52,22.0,81.7,11732,1.461,11518,1.439,11191,1.403,11065,1.391
2026-07-22T21:02:52,21.8,81.2,11734,1.463,11521,1.441,11211,1.408,11104,1.395
2026-07-22T21:17:52,21.8,77.5,11692,1.467,11519,1.441,11261,1.404,11195,1.391
2026-07-22T21:32:53,21.7,76.2,11755,1.462,11551,1.442,11259,1.41,11160,1.402
2026-07-22T21:47:53,21.5,76.8,11728,1.466,11521,1.446,11243,1.414,11179,1.401
2026-07-22T22:02:53,21.4,79.7,11752,1.462,11544,1.441,11271,1.412,11179,1.404
2026-07-22T22:17:54,21.5,76.4,11703,1.467,11529,1.441,11300,1.407,11250,1.397
2026-07-22T22:32:54,21.7,73.7,11732,1.467,11518,1.446,11260,1.415,11209,1.405
2026-07-22T22:47:55,21.8,73.2,11732,1.465,11562,1.438,11345,1.407,11274,1.402
2026-07-22T23:02:55,21.7,71.6,11744,1.466,11532,1.446,11277,1.417,11219,1.408
2026-07-22T23:17:55,21.5,74.8,11721,1.47,11510,1.446,11287,1.415,11252,1.406
2026-07-22T23:32:56,21.5,71.1,11727,1.47,11517,1.447,11300,1.417,11267,1.407
2026-07-22T23:47:56,21.3,73.7,11720,1.47,11517,1.446,11311,1.416,11280,1.408
2026-07-23T00:02:56,21.1,73.8,11752,1.468,11539,1.447,11301,1.421,11275,1.411
2026-07-23T00:17:57,20.8,73.5,11779,1.464,11583,1.442,11340,1.417,11279,1.414
2026-07-23T00:32:57,20.7,75.8,11751,1.47,11541,1.449,11304,1.421,11281,1.413
2026-07-23T00:47:57,20.6,72.8,11768,1.466,11604,1.441,11387,1.414,11329,1.412
2026-07-23T01:02:58,20.5,75.3,11766,1.467,11605,1.441,11397,1.414,11346,1.413
2026-07-23T01:17:58,20.4,74.8,11778,1.466,11613,1.441,11394,1.416,11340,1.415
2026-07-23T01:32:59,20.5,76.4,11746,1.472,11540,1.45,11327,1.421,11318,1.415
2026-07-23T01:47:59,20.5,77.5,11767,1.471,11562,1.451,11329,1.424,11311,1.418
2026-07-23T02:02:59,20.1,75.9,11774,1.472,11567,1.452,11339,1.425,11322,1.419
2026-07-23T02:18:00,20.1,77.5,11758,1.471,11592,1.445,11405,1.416,11385,1.413
2026-07-23T02:33:00,20.1,75.1,11777,1.472,11571,1.452,11343,1.426,11325,1.42
2026-07-23T02:48:00,20.0,75.5,11809,1.469,11608,1.448,11368,1.426,11324,1.423
2026-07-23T03:03:01,19.9,75.1,11803,1.47,11597,1.45,11372,1.427,11332,1.424
2026-07-23T03:18:01,19.7,79.1,11752,1.474,11583,1.449,11398,1.421,11395,1.416
2026-07-23T03:33:02,19.5,80.0,11755,1.475,11593,1.452,11400,1.423,11395,1.417
2026-07-23T03:48:02,19.2,75.4,11790,1.474,11598,1.456,11369,1.429,11358,1.423
2026-07-23T04:03:02,19.0,79.1,11825,1.469,11648,1.451,11411,1.427,11368,1.427
2026-07-23T04:18:03,18.8,82.7,11807,1.47,11667,1.448,11457,1.423,11413,1.423
2026-07-23T04:33:03,18.6,79.8,11760,1.476,11597,1.455,11407,1.426,11412,1.421
2026-07-23T04:48:03,18.3,80.1,11811,1.469,11664,1.448,11456,1.425,11412,1.425
2026-07-23T05:03:04,18.3,82.0,11769,1.475,11621,1.452,11446,1.425,11443,1.42
2026-07-23T05:18:04,18.1,83.8,11778,1.476,11590,1.457,11399,1.43,11401,1.425
2026-07-23T05:33:04,17.9,84.7,11831,1.469,11654,1.453,11435,1.431,11394,1.431
2026-07-23T05:48:05,17.6,84.6,11817,1.474,11630,1.457,11416,1.435,11391,1.431
2026-07-23T06:03:05,17.6,86.7,11793,1.477,11604,1.459,11413,1.433,11416,1.428
2026-07-23T06:18:06,17.5,85.6,11825,1.471,11679,1.449,11479,1.428,11439,1.429
2026-07-23T06:33:06,17.6,87.7,11777,1.479,11615,1.456,11450,1.43,11456,1.424
2026-07-23T06:48:06,17.7,85.6,11804,1.474,11658,1.45,11491,1.425,11468,1.427
2026-07-23T07:03:07,18.0,88.3,11828,1.474,11632,1.456,11425,1.435,11402,1.433
2026-07-23T07:18:09,18.7,82.7,11796,1.478,11595,1.457,11416,1.432,11432,1.428
2026-07-23T07:33:10,18.7,82.8,11818,1.476,11614,1.457,11415,1.435,11417,1.432
2026-07-23T07:48:10,19.1,76.1,11808,1.477,11600,1.457,11412,1.434,11428,1.431
2026-07-23T08:03:10,19.8,75.5,11832,1.472,11665,1.448,11475,1.428,11448,1.43
2026-07-23T08:18:11,20.6,70.8,11819,1.475,11650,1.449,11490,1.425,11477,1.427
2026-07-23T08:33:11,21.4,68.1,11847,1.472,11650,1.45,11452,1.43,11434,1.432
2026-07-23T08:48:11,21.9,66.4,11808,1.481,11621,1.453,11458,1.428,11488,1.427
2026-07-23T09:03:12,22.2,66.3,11850,1.486,11591,1.455,11422,1.43,11480,1.433
2026-07-23T09:18:14,24.3,52.5,11882,1.477,11639,1.448,11442,1.427,11474,1.436
2026-07-23T09:33:15,24.3,52.8,11853,1.483,11616,1.449,11455,1.424,11502,1.431
2026-07-23T09:48:15,25.0,53.9,11878,1.486,11581,1.453,11398,1.431,11483,1.437
2026-07-23T10:03:16,25.4,51.4,11892,1.483,11610,1.452,11411,1.432,11482,1.441
2026-07-23T10:18:16,25.9,51.3,11891,1.478,11645,1.451,11450,1.431,11500,1.442
2026-07-23T10:33:16,26.5,49.5,11902,1.481,11642,1.447,11480,1.431,11503,1.438
2026-07-23T10:48:17,27.0,49.3,11874,1.484,11627,1.45,11504,1.43,11551,1.436
2026-07-23T11:03:17,27.6,49.2,11865,1.488,11610,1.453,11473,1.432,11553,1.438
2026-07-23T11:18:17,28.1,43.6,11874,1.489,11598,1.453,11446,1.43,11576,1.443
2026-07-23T11:33:18,28.8,49.7,11887,1.487,11612,1.449,11479,1.429,11626,1.446
2026-07-23T11:48:18,29.1,44.9,11884,1.483,11636,1.448,11497,1.429,11631,1.449
2026-07-23T12:03:19,29.6,44.3,11882,1.486,11605,1.448,11479,1.428,11655,1.449
2026-07-23T12:18:19,29.8,40.5,11883,1.49,11605,1.452,11502,1.434,11653,1.45
2026-07-23T12:33:19,30.3,37.9,11937,1.486,11638,1.452,11476,1.436,11619,1.457
2026-07-23T12:48:20,30.6,40.6,11944,1.487,11654,1.455,11516,1.441,11647,1.461
2026-07-23T13:03:20,31.0,45.2,11935,1.49,11640,1.457,11509,1.444,11628,1.457
2026-07-23T13:18:20,31.4,39.3,11960,1.492,11650,1.457,11526,1.445,11646,1.461
2026-07-23T13:33:21,31.6,43.4,11934,1.492,11660,1.455,11555,1.438,11706,1.456
2026-07-23T13:48:21,31.9,40.9,11932,1.495,11661,1.458,11544,1.44,11689,1.455
2026-07-23T14:03:21,32.2,40.1,11983,1.493,11695,1.461,11538,1.445,11620,1.457
2026-07-23T14:18:22,32.0,39.8,11971,1.498,11698,1.467,11523,1.444,11646,1.456
2026-07-23T14:33:22,31.9,38.6,11988,1.5,11691,1.466,11531,1.445,11661,1.458
2026-07-23T14:48:23,31.6,38.6,11989,1.502,11702,1.467,11543,1.445,11682,1.458
2026-07-23T15:03:23,31.9,42.3,12014,1.498,11784,1.466,11570,1.441,11716,1.463
2026-07-23T15:18:23,31.5,42.1,12018,1.504,11778,1.47,11544,1.438,11739,1.46
2026-07-23T15:33:24,29.6,41.4,12058,1.505,11742,1.461,11567,1.438,11742,1.463
2026-07-23T15:48:24,26.5,48.0,12066,1.508,11721,1.47,11531,1.447,11737,1.469
2026-07-23T16:03:24,24.9,53.2,12067,1.512,11745,1.468,11585,1.443,11796,1.466
2026-07-23T16:18:25,24.3,51.6,12130,1.508,11794,1.466,11603,1.446,11776,1.475
2026-07-23T16:33:25,24.1,50.4,12090,1.516,11754,1.472,11593,1.447,11825,1.472
2026-07-23T16:48:25,24.2,50.8,12119,1.514,11789,1.469,11632,1.445,11860,1.475
2026-07-23T17:03:26,24.6,51.9,12172,1.515,11782,1.471,11603,1.453,11816,1.483
2026-07-23T17:18:26,25.4,51.9,12173,1.518,11806,1.468,11644,1.448,11863,1.479
2026-07-23T17:33:27,26.3,49.1,12154,1.519,11776,1.476,11584,1.454,11821,1.48
2026-07-23T17:48:27,26.0,47.5,12173,1.513,11825,1.472,11608,1.449,11835,1.482
2026-07-23T18:03:27,24.8,55.0,12160,1.518,11790,1.477,11583,1.454,11842,1.484
2026-07-23T18:06:05,23.2,50.8,12192,1.525,11870,1.479,11713,1.454,11979,1.492
2026-07-23T18:37:59,23.2,50.7,12205,1.518,11865,1.474,11671,1.453,11930,1.488
2026-07-23T18:52:59,23.1,54.8,12238,1.524,11902,1.478,11736,1.46,11993,1.497
2026-07-23T19:08:00,22.9,51.5,12256,1.523,11910,1.483,11713,1.464,11977,1.501
2026-07-23T19:23:00,22.7,53.4,12239,1.524,11922,1.481,11731,1.46,12004,1.499
2026-07-23T19:38:01,22.6,58.4,12245,1.526,11889,1.488,11690,1.467,11979,1.503
2026-07-23T19:53:01,22.3,59.6,12226,1.528,11911,1.484,11750,1.46,12056,1.498
2026-07-23T20:08:01,22.1,58.0,12174,1.519,11828,1.481,11062,1.39,10960,1.377
2026-07-23T20:23:02,19.9,76.1,12171,1.52,11868,1.478,11187,1.388,11098,1.378
2026-07-23T20:38:04,18.7,82.9,12151,1.523,11855,1.481,11235,1.399,11172,1.387
2026-07-23T20:53:05,18.7,82.8,12142,1.524,11849,1.483,11255,1.404,11202,1.392
2026-07-23T21:08:05,19.0,84.2,12195,1.517,11912,1.478,11314,1.405,11230,1.401
2026-07-23T21:23:05,18.8,82.0,12144,1.524,11848,1.485,11297,1.41,11254,1.4
2026-07-23T21:38:06,18.8,84.5,12173,1.52,11895,1.48,11351,1.408,11293,1.403
2026-07-23T21:53:06,18.7,91.0,12173,1.523,11853,1.489,11286,1.419,11250,1.409
2026-07-23T22:08:06,18.4,86.7,12145,1.522,11864,1.482,11331,1.41,11299,1.402
2026-07-23T22:23:07,18.4,90.2,12142,1.524,11860,1.485,11335,1.414,11306,1.406
2026-07-23T22:38:07,18.2,90.2,12208,1.517,11904,1.483,11344,1.418,11276,1.414
2026-07-23T22:53:08,18.1,88.7,12145,1.523,11871,1.485,11357,1.416,11332,1.408
2026-07-23T23:08:08,18.0,89.8,12199,1.518,11926,1.48,11387,1.415,11320,1.413
2026-07-23T23:23:08,17.9,89.4,12200,1.518,11928,1.48,11396,1.416,11326,1.414
2026-07-23T23:38:09,17.9,90.3,12218,1.518,11916,1.484,11377,1.422,11319,1.419
2026-07-23T23:53:09,17.7,89.9,12213,1.52,11904,1.486,11361,1.423,11310,1.421
2026-07-24T00:08:09,17.8,89.6,12201,1.524,11881,1.491,11350,1.427,11323,1.421
2026-07-24T00:23:10,17.6,91.0,12221,1.519,11941,1.482,11419,1.421,11359,1.419
2026-07-24T00:38:10,17.6,90.8,12185,1.525,11872,1.491,11349,1.427,11335,1.42
2026-07-24T00:53:10,17.6,90.7,12217,1.523,11906,1.49,11379,1.429,11335,1.425
2026-07-24T01:08:11,17.5,91.8,12224,1.52,11958,1.484,11442,1.423,11388,1.422
2026-07-24T01:23:11,17.5,91.8,12209,1.522,11949,1.484,11456,1.421,11410,1.42
2026-07-24T01:38:12,17.5,92.4,12181,1.527,11918,1.489,11441,1.424,11426,1.418
2026-07-24T01:53:12,17.6,93.6,12235,1.521,11934,1.488,11411,1.429,11358,1.427
2026-07-24T02:08:12,17.4,91.7,12177,1.527,11913,1.489,11443,1.424,11435,1.419
2026-07-24T02:23:13,17.5,92.2,12242,1.522,11942,1.489,11428,1.43,11377,1.429
2026-07-24T02:38:13,17.3,92.2,12248,1.521,11961,1.488,11447,1.429,11398,1.428
2026-07-24T02:53:13,17.4,92.8,12239,1.523,11975,1.486,11481,1.426,11430,1.426
2026-07-24T03:08:14,17.4,93.6,12257,1.522,11966,1.488,11458,1.43,11409,1.429
2026-07-24T03:23:14,17.1,92.3,12266,1.524,11960,1.491,11451,1.433,11403,1.431
2026-07-24T03:38:15,17.2,93.4,12202,1.532,11914,1.494,11444,1.43,11439,1.424
2026-07-24T03:53:15,16.9,92.3,12207,1.531,11930,1.492,11464,1.429,11457,1.423
2026-07-24T04:08:15,16.9,92.2,12219,1.531,11943,1.492,11480,1.427,11474,1.423
2026-07-24T04:23:16,17.1,92.4,12258,1.527,11985,1.488,11514,1.428,11465,1.427
2026-07-24T04:38:16,17.0,92.8,12237,1.533,11915,1.498,11435,1.436,11429,1.429
2026-07-24T04:53:16,16.7,92.3,12277,1.529,11949,1.495,11445,1.437,11407,1.434
2026-07-24T05:08:17,16.7,93.0,12279,1.527,11999,1.488,11512,1.431,11462,1.431
2026-07-24T05:23:17,16.7,93.5,12278,1.529,11957,1.495,11453,1.438,11418,1.436
2026-07-24T05:38:17,16.7,93.8,12307,1.533,11984,1.499,11501,1.445,11466,1.442
2026-07-24T05:53:18,16.6,94.1,12323,1.53,12013,1.495,11541,1.442,11499,1.442
2026-07-24T06:08:18,16.4,93.6,12296,1.532,11971,1.497,11478,1.442,11444,1.439
2026-07-24T06:23:19,16.7,94.2,12293,1.532,11967,1.497,11478,1.442,11440,1.438
2026-07-24T06:38:19,16.9,94.3,12252,1.538,11933,1.499,11485,1.439,11490,1.434
2026-07-24T06:53:19,17.3,93.6,12259,1.532,11973,1.49,11535,1.43,11512,1.43
2026-07-24T07:08:20,17.7,93.3,12248,1.537,11920,1.497,11468,1.437,11474,1.432
2026-07-24T07:23:20,18.2,92.8,12254,1.534,11958,1.491,11505,1.43,11515,1.429
2026-07-24T07:38:20,18.9,91.8,12289,1.532,11944,1.495,11453,1.439,11437,1.437
2026-07-24T07:53:21,19.8,91.0,12299,1.528,11981,1.489,11495,1.433,11469,1.435
2026-07-24T08:08:21,20.7,87.6,12276,1.531,11973,1.488,11524,1.43,11503,1.431
2026-07-24T08:23:21,21.3,86.6,12243,1.535,11927,1.491,11491,1.432,11506,1.429
2026-07-24T08:38:22,22.2,77.9,12266,1.531,11950,1.486,11502,1.427,11498,1.43
2026-07-24T08:53:22,22.4,71.8,12300,1.534,11960,1.486,11509,1.429,11506,1.434
2026-07-24T09:08:23,23.1,68.0,12314,1.539,11906,1.492,11433,1.436,11466,1.438
2026-07-24T09:23:23,24.3,60.4,12322,1.534,11948,1.484,11479,1.429,11506,1.437
2026-07-24T09:38:23,25.2,59.7,12300,1.541,11879,1.491,11426,1.432,11506,1.437
2026-07-24T09:53:24,26.0,56.1,12328,1.533,11937,1.485,11458,1.43,11528,1.443
2026-07-24T10:08:24,26.8,54.7,12266,1.537,11874,1.49,11425,1.431,11529,1.44
2026-07-24T10:23:24,27.6,53.2,12292,1.534,11922,1.484,11502,1.429,11561,1.439
2026-07-24T10:38:25,27.9,53.4,12302,1.537,11890,1.49,11443,1.437,11508,1.442
2026-07-24T10:53:25,28.3,52.6,12317,1.538,11895,1.489,11444,1.437,11535,1.445
2026-07-24T11:08:26,28.8,51.2,12323,1.542,11877,1.49,11433,1.433,11553,1.444
2026-07-24T11:23:26,29.4,46.3,12357,1.543,11926,1.485,11503,1.43,11635,1.449
2026-07-24T11:38:26,30.2,50.6,12342,1.536,11924,1.484,11465,1.43,11628,1.454
2026-07-24T11:53:27,30.8,49.6,12285,1.54,11893,1.489,11460,1.431,11660,1.453
2026-07-24T12:08:27,30.1,39.9,12311,1.538,11904,1.491,11424,1.434,11603,1.454
2026-07-24T12:23:30,30.7,45.4,12308,1.54,11931,1.489,11491,1.43,11667,1.451
2026-07-24T12:38:30,30.7,45.2,12331,1.542,11930,1.496,11463,1.437,11651,1.458
2026-07-24T12:53:30,31.7,45.9,12350,1.537,11969,1.489,11520,1.437,11668,1.459
2026-07-24T13:08:33,31.8,44.3,12359,1.54,11965,1.494,11510,1.441,11646,1.461
2026-07-24T13:23:33,31.8,44.0,12351,1.539,11981,1.49,11539,1.437,11703,1.461
2026-07-24T13:38:34,32.8,41.6,12360,1.539,11966,1.493,11527,1.442,11688,1.465
2026-07-24T13:53:34,31.9,42.2,12390,1.549,11984,1.495,11561,1.438,11721,1.458
2026-07-24T14:08:34,30.7,40.5,12428,1.55,12009,1.494,11583,1.44,11713,1.46
2026-07-24T14:23:35,30.1,38.4,12413,1.556,11999,1.503,11552,1.443,11731,1.462
2026-07-24T14:38:35,30.6,39.4,12474,1.552,12059,1.501,11568,1.443,11722,1.466
2026-07-24T14:53:36,29.5,38.0,12467,1.562,12046,1.511,11543,1.445,11740,1.466
2026-07-24T15:08:36,29.8,41.1,12491,1.565,12067,1.513,11538,1.445,11772,1.47
2026-07-24T15:23:36,29.5,40.9,12529,1.57,12063,1.512,11534,1.443,11784,1.471
2026-07-24T15:38:37,27.8,40.7,12536,1.561,12059,1.506,11546,1.446,11775,1.477
2026-07-24T15:53:37,26.6,47.1,12505,1.562,12075,1.504,11593,1.441,11842,1.473
2026-07-24T16:08:37,26.0,43.0,12545,1.562,12106,1.505,11599,1.445,11842,1.479
2026-07-24T16:23:38,25.6,46.1,12541,1.567,12066,1.513,11556,1.451,11842,1.483
2026-07-24T16:38:38,25.4,43.6,12555,1.568,12085,1.514,11568,1.452,11874,1.488
2026-07-24T16:53:38,25.3,45.7,12591,1.566,12134,1.512,11610,1.451,11905,1.491
2026-07-24T17:08:39,26.1,45.6,12619,1.571,12149,1.51,11635,1.449,11927,1.49
2026-07-24T17:23:39,26.7,45.8,12605,1.577,12122,1.521,11586,1.453,11918,1.49
2026-07-24T17:38:40,27.4,43.1,12630,1.571,12183,1.518,11610,1.45,11922,1.493
2026-07-24T17:53:40,26.2,47.0,12589,1.571,12173,1.515,11638,1.446,11972,1.491
2026-07-24T18:08:40,24.9,50.3,12565,1.576,12132,1.518,11619,1.45,11996,1.493
2026-07-24T18:23:41,24.3,52.0,12628,1.571,12183,1.515,11640,1.451,11991,1.499
2026-07-24T18:38:41,23.9,51.8,12644,1.574,12173,1.519,11628,1.456,11990,1.504
2026-07-24T18:53:41,23.7,56.7,12632,1.575,12192,1.515,11671,1.451,12045,1.502
2026-07-24T19:08:42,23.4,57.8,12648,1.574,12193,1.516,11657,1.452,12034,1.504
2026-07-24T19:23:42,23.1,55.3,12652,1.575,12198,1.516,11662,1.452,12057,1.506
2026-07-24T19:38:43,23.0,61.2,12685,1.578,12232,1.52,11723,1.461,12105,1.514
2026-07-24T19:53:43,22.9,63.9,12674,1.583,12189,1.527,11671,1.466,12088,1.516
2026-07-24T20:08:43,22.7,65.5,11297,1.417,10582,1.324,11133,1.386,10907,1.354
2026-07-24T20:23:44,20.5,81.3,10693,1.34,10641,1.327,11199,1.39,11070,1.374
2026-07-24T20:38:44,19.5,86.4,11015,1.37,10942,1.367,11210,1.407,11084,1.394
2026-07-24T20:53:44,19.5,84.9,11081,1.392,11023,1.382,11280,1.407,11199,1.392
2026-07-24T21:08:45,19.5,86.2,11151,1.393,11102,1.381,11331,1.405,11232,1.395
2026-07-24T21:23:45,19.6,88.0,11237,1.395,11153,1.389,11309,1.415,11195,1.406
2026-07-24T21:38:45,19.6,87.3,11247,1.401,11148,1.394,11294,1.419,11192,1.407
2026-07-24T21:53:46,19.6,86.4,11242,1.401,11181,1.387,11348,1.409,11244,1.401
2026-07-24T22:08:46,19.7,86.2,11210,1.408,11120,1.395,11299,1.412,11239,1.399
2026-07-24T22:23:47,19.6,84.6,11218,1.405,11147,1.391,11314,1.406,11246,1.395
2026-07-24T22:38:47,19.7,81.3,11244,1.405,11168,1.39,11330,1.405,11252,1.398
2026-07-24T22:53:47,19.5,86.6,11256,1.407,11177,1.392,11333,1.406,11267,1.399
2026-07-24T23:08:48,19.4,90.1,11297,1.404,11209,1.392,11312,1.411,11230,1.406
2026-07-24T23:23:48,19.3,88.0,11323,1.407,11203,1.395,11308,1.414,11233,1.41
2026-07-24T23:38:48,19.1,89.2,11328,1.411,11196,1.399,11300,1.419,11231,1.412
2026-07-24T23:53:49,19.1,90.5,11355,1.411,11225,1.398,11331,1.417,11260,1.413
2026-07-25T00:08:49,18.8,90.2,11355,1.415,11214,1.402,11313,1.421,11254,1.415
2026-07-25T00:23:49,18.6,90.9,11328,1.421,11193,1.407,11333,1.419,11310,1.411
2026-07-25T00:38:50,18.5,91.1,11348,1.418,11249,1.4,11394,1.413,11356,1.41
2026-07-25T00:53:50,18.5,92.1,11402,1.416,11282,1.401,11382,1.42,11331,1.418
2026-07-25T01:08:51,18.6,93.0,11353,1.422,11242,1.404,11393,1.416,11379,1.412
2026-07-25T01:23:51,18.4,91.9,11376,1.425,11226,1.411,11341,1.425,11331,1.418
2026-07-25T01:38:51,18.3,91.4,11391,1.423,11244,1.41,11339,1.426,11316,1.421
2026-07-25T01:53:52,18.1,92.1,11408,1.424,11257,1.411,11350,1.427,11320,1.422
2026-07-25T02:08:52,18.0,92.1,11367,1.427,11245,1.412,11383,1.423,11377,1.417
2026-07-25T02:23:52,17.9,91.5,11389,1.425,11291,1.407,11430,1.419,11414,1.416
2026-07-25T02:38:53,17.9,92.0,11412,1.424,11315,1.406,11446,1.419,11412,1.419
2026-07-25T02:53:53,17.8,92.5,11421,1.427,11278,1.415,11367,1.43,11354,1.425
2026-07-25T03:08:54,17.8,92.3,11387,1.427,11288,1.411,11422,1.421,11424,1.418
2026-07-25T03:23:54,17.7,93.4,11404,1.429,11271,1.417,11378,1.428,11376,1.423
2026-07-25T03:38:54,17.5,92.5,11379,1.429,11284,1.415,11411,1.425,11414,1.42
2026-07-25T03:53:55,17.4,93.6,11399,1.425,11331,1.412,11457,1.422,11448,1.421
2026-07-25T04:08:55,17.1,92.7,11431,1.423,11336,1.416,11411,1.432,11373,1.43
2026-07-25T04:23:55,17.1,94.0,11427,1.419,11368,1.412,11445,1.428,11404,1.428
2026-07-25T04:38:56,16.9,93.4,11410,1.42,11347,1.417,11419,1.433,11379,1.431
2026-07-25T04:53:58,16.7,93.9,11442,1.42,11394,1.416,11459,1.43,11424,1.432
2026-07-25T05:08:59,16.7,94.0,11439,1.42,11385,1.415,11448,1.429,11414,1.43
2026-07-25T05:23:59,16.5,93.2,11422,1.425,11345,1.422,11408,1.435,11391,1.431
2026-07-25T05:38:59,16.6,93.9,11445,1.423,11411,1.415,11492,1.428,11460,1.431
2026-07-25T05:54:00,16.6,94.2,11419,1.429,11337,1.425,11420,1.433,11439,1.43
2026-07-25T06:09:00,16.6,94.4,11423,1.435,11370,1.425,11486,1.433,11503,1.431
2026-07-25T06:24:01,16.8,95.0,11481,1.427,11436,1.419,11506,1.433,11483,1.436
2026-07-25T06:39:01,17.0,95.6,11425,1.434,11373,1.424,11491,1.433,11512,1.43
2026-07-25T06:54:01,17.5,95.7,11434,1.433,11341,1.426,11426,1.434,11462,1.433
2026-07-25T07:09:02,18.2,96.2,11457,1.431,11359,1.424,11414,1.436,11432,1.435
2026-07-25T07:24:02,19.0,95.8,11483,1.43,11372,1.421,11427,1.434,11425,1.436
2026-07-25T07:39:02,19.6,94.0,11507,1.43,11388,1.419,11446,1.432,11442,1.436
2026-07-25T07:54:03,20.2,90.8,11534,1.437,11379,1.422,11440,1.436,11444,1.438
2026-07-25T08:09:03,20.7,84.8,11464,1.437,11339,1.418,11441,1.425,11476,1.425
2026-07-25T08:24:03,21.1,77.8,11537,1.435,11359,1.418,11418,1.431,11422,1.435
2026-07-25T08:39:04,21.7,80.1,11533,1.439,11336,1.422,11404,1.433,11438,1.434
2026-07-25T08:54:04,22.0,75.0,11555,1.442,11347,1.421,11411,1.434,11451,1.438
2026-07-25T09:09:05,22.9,68.0,11536,1.445,11334,1.415,11446,1.424,11508,1.429
2026-07-25T09:24:05,24.1,65.6,11574,1.441,11376,1.412,11451,1.424,11501,1.435
2026-07-25T09:39:05,24.8,57.9,11545,1.447,11292,1.418,11380,1.426,11486,1.435
2026-07-25T09:54:06,26.1,64.5,11585,1.443,11322,1.414,11387,1.428,11471,1.44
2026-07-25T10:09:06,26.2,58.8,11581,1.44,11343,1.41,11417,1.424,11517,1.441
2026-07-25T10:24:06,26.8,54.8,11535,1.443,11300,1.418,11384,1.429,11503,1.439
2026-07-25T10:39:07,27.5,54.4,11574,1.439,11343,1.411,11416,1.425,11509,1.44
2026-07-25T10:54:07,27.7,52.6,11566,1.448,11293,1.417,11349,1.423,11525,1.441
2026-07-25T11:09:08,28.7,52.9,11586,1.453,11321,1.418,11392,1.423,11567,1.441
2026-07-25T11:24:08,29.1,46.9,11623,1.45,11372,1.415,11459,1.424,11651,1.452
2026-07-25T11:39:08,29.6,48.3,11650,1.449,11392,1.417,11454,1.429,11658,1.458
2026-07-25T11:54:09,29.6,46.9,11662,1.452,11384,1.42,11452,1.433,11657,1.462
2026-07-25T12:09:09,29.2,42.5,11676,1.453,11417,1.419,11491,1.432,11689,1.46
2026-07-25T12:24:09,29.6,41.1,11688,1.458,11371,1.421,11452,1.436,11656,1.462
2026-07-25T12:39:10,30.2,40.2,11721,1.458,11414,1.423,11499,1.438,11677,1.464
2026-07-25T12:54:10,28.8,41.5,11742,1.462,11480,1.427,11548,1.438,11726,1.463
2026-07-25T13:09:13,28.9,44.1,11751,1.469,11440,1.434,11504,1.443,11700,1.465
2026-07-25T13:24:13,28.9,43.9,11789,1.466,11481,1.43,11535,1.441,11726,1.468
2026-07-25T13:39:13,29.3,39.5,11759,1.474,11450,1.435,11535,1.442,11763,1.467
2026-07-25T13:54:14,29.1,39.5,11808,1.473,11479,1.436,11527,1.446,11731,1.471
2026-07-25T14:09:16,28.6,39.8,11815,1.477,11502,1.435,11577,1.44,11788,1.466
2026-07-25T14:24:17,28.6,39.4,11849,1.482,11498,1.442,11535,1.447,11763,1.472
2026-07-25T14:39:17,29.1,45.3,11852,1.484,11530,1.441,11576,1.442,11824,1.471
2026-07-25T14:54:18,28.7,40.6,11914,1.482,11574,1.443,11567,1.446,11807,1.48
2026-07-25T15:09:18,28.2,40.0,11917,1.492,11569,1.451,11548,1.447,11865,1.483
2026-07-25T15:24:18,28.6,41.5,11961,1.49,11621,1.445,11582,1.441,11889,1.484
2026-07-25T15:39:19,27.3,46.0,11953,1.488,11592,1.441,11588,1.443,11901,1.486
2026-07-25T15:54:19,25.7,47.0,11960,1.492,11564,1.446,11549,1.449,11899,1.493
2026-07-25T16:09:19,25.1,49.2,11936,1.494,11547,1.449,11551,1.449,11938,1.492
2026-07-25T16:24:20,24.5,48.3,11942,1.496,11560,1.451,11572,1.45,11973,1.496
2026-07-25T16:39:20,24.3,49.2,11983,1.494,11596,1.45,11582,1.453,11983,1.504
2026-07-25T16:54:20,24.3,48.0,11987,1.498,11583,1.452,11587,1.454,12019,1.505
2026-07-25T17:09:21,24.9,49.4,12008,1.5,11617,1.447,11650,1.447,12084,1.504
2026-07-25T17:24:21,25.7,49.1,12031,1.499,11627,1.453,11604,1.455,12032,1.51
2026-07-25T17:39:22,25.5,48.9,12002,1.502,11617,1.458,11586,1.453,12061,1.509
2026-07-25T17:54:22,24.8,50.3,11988,1.501,11640,1.453,11637,1.448,12128,1.507
2026-07-25T18:09:22,23.8,50.0,12014,1.501,11648,1.451,11662,1.449,12153,1.511
2026-07-25T18:24:23,23.4,49.9,12060,1.499,11672,1.452,11650,1.454,12142,1.52
2026-07-25T18:39:23,23.0,51.4,12013,1.507,11635,1.456,11651,1.454,12194,1.517
2026-07-25T18:54:23,22.9,49.4,12053,1.505,11645,1.459,11622,1.46,12161,1.525
2026-07-25T19:09:24,22.6,51.5,12028,1.508,11630,1.46,11640,1.457,12215,1.524
2026-07-25T19:24:24,22.5,56.4,12064,1.502,11690,1.452,11684,1.453,12239,1.528
2026-07-25T19:39:24,22.3,61.3,12064,1.506,11650,1.459,11632,1.461,12218,1.532
2026-07-25T19:54:25,22.0,56.7,12090,1.504,11676,1.456,11657,1.459,12239,1.536
2026-07-25T20:09:25,21.7,58.5,12012,1.507,11603,1.454,11233,1.402,10825,1.346
2026-07-25T20:24:26,19.7,72.8,12045,1.503,11645,1.458,11225,1.41,10955,1.377
2026-07-25T20:39:26,19.2,71.6,12043,1.502,11661,1.46,11272,1.416,11029,1.387
2026-07-25T20:54:26,19.3,72.5,12063,1.499,11705,1.455,11343,1.413,11113,1.39
2026-07-25T21:09:27,19.3,71.4,12061,1.5,11716,1.455,11373,1.415,11160,1.394
2026-07-25T21:24:27,19.0,78.2,12090,1.503,11746,1.458,11440,1.424,11253,1.406
2026-07-25T21:39:27,19.1,78.2,12079,1.51,11700,1.468,11399,1.434,11255,1.413
2026-07-25T21:54:28,19.1,73.3,12103,1.504,11747,1.46,11458,1.429,11287,1.413
2026-07-25T22:09:28,18.8,79.4,12071,1.511,11688,1.468,11415,1.435,11296,1.415
2026-07-25T22:24:29,18.7,76.8,12047,1.511,11697,1.464,11445,1.427,11332,1.408
2026-07-25T22:39:29,18.9,75.9,12104,1.506,11725,1.464,11437,1.433,11289,1.419
2026-07-25T22:54:29,18.8,77.7,12071,1.502,11721,1.456,11416,1.422,11265,1.408
2026-07-25T23:09:30,18.7,83.1,12082,1.503,11700,1.46,11389,1.426,11244,1.412
2026-07-25T23:24:30,18.6,84.5,12030,1.51,11670,1.462,11402,1.423,11301,1.406
2026-07-25T23:39:30,18.4,85.3,12068,1.507,11679,1.464,11374,1.43,11266,1.415
2026-07-25T23:54:31,18.0,83.2,12045,1.509,11688,1.461,11427,1.423,11349,1.409
2026-07-26T00:09:31,17.8,86.4,12104,1.506,11713,1.462,11413,1.43,11289,1.419
2026-07-26T00:24:31,17.7,86.4,12059,1.513,11680,1.466,11427,1.428,11352,1.414
2026-07-26T00:39:32,17.7,87.0,12089,1.507,11743,1.458,11480,1.424,11369,1.415
2026-07-26T00:54:32,17.5,85.4,12049,1.512,11698,1.464,11446,1.427,11376,1.414
2026-07-26T01:09:33,17.5,86.5,12082,1.506,11741,1.459,11487,1.425,11380,1.416
2026-07-26T01:24:33,17.3,85.5,12052,1.513,11693,1.466,11445,1.43,11385,1.417
2026-07-26T01:39:33,17.3,85.9,12112,1.509,11725,1.466,11441,1.436,11342,1.426
2026-07-26T01:54:34,17.2,87.0,12062,1.513,11715,1.465,11473,1.429,11417,1.418
2026-07-26T02:09:34,16.8,87.5,12103,1.508,11722,1.467,11438,1.436,11347,1.427
2026-07-26T02:24:34,16.8,88.5,12056,1.512,11715,1.466,11473,1.43,11417,1.418
2026-07-26T02:39:35,16.7,87.1,12070,1.51,11738,1.464,11501,1.429,11438,1.419
2026-07-26T02:54:35,16.7,88.7,12119,1.51,11747,1.469,11450,1.44,11373,1.429
2026-07-26T03:09:35,16.7,88.5,12126,1.507,11786,1.463,11512,1.433,11415,1.427
2026-07-26T03:24:36,16.7,88.4,12073,1.514,11741,1.468,11503,1.433,11456,1.422
2026-07-26T03:39:36,16.6,86.5,12092,1.515,11721,1.473,11457,1.439,11411,1.427
2026-07-26T03:54:37,16.6,87.7,12127,1.508,11802,1.464,11532,1.434,11439,1.429
2026-07-26T04:09:37,16.4,88.7,12126,1.51,11765,1.47,11485,1.441,11401,1.433
2026-07-26T04:24:37,16.3,88.0,12094,1.511,11778,1.466,11544,1.431,11478,1.425
2026-07-26T04:39:38,16.3,88.9,12090,1.515,11729,1.474,11476,1.441,11432,1.43
2026-07-26T04:54:38,16.2,88.9,12087,1.513,11772,1.468,11540,1.434,11492,1.425
2026-07-26T05:09:38,16.1,89.0,12177,1.512,11862,1.473,11631,1.45,11555,1.446
2026-07-26T05:24:39,16.0,89.4,12173,1.517,11825,1.479,11586,1.455,11514,1.448
2026-07-26T05:39:39,16.0,88.6,12115,1.519,11812,1.476,11610,1.445,11578,1.436
2026-07-26T05:54:40,16.0,90.3,12124,1.513,11817,1.468,11584,1.436,11513,1.432
2026-07-26T06:09:40,16.1,91.3,12153,1.513,11794,1.474,11523,1.446,11449,1.44
2026-07-26T06:24:40,16.1,91.1,12141,1.514,11781,1.475,11509,1.447,11446,1.439
2026-07-26T06:39:41,16.4,92.1,12164,1.511,11807,1.472,11535,1.443,11463,1.439
2026-07-26T06:54:41,17.0,91.9,12163,1.51,11808,1.47,11531,1.441,11464,1.438
2026-07-26T07:09:41,17.6,89.5,12095,1.518,11757,1.472,11515,1.437,11500,1.43
2026-07-26T07:24:42,18.2,89.4,12158,1.511,11808,1.467,11530,1.437,11470,1.435
2026-07-26T07:39:44,20.0,87.9,12103,1.518,11748,1.47,11510,1.435,11499,1.429
2026-07-26T07:54:45,20.0,87.9,12134,1.518,11734,1.474,11468,1.441,11459,1.435
2026-07-26T08:09:45,20.8,81.0,12151,1.519,11742,1.473,11464,1.441,11457,1.436
2026-07-26T08:24:45,21.4,81.8,12149,1.524,11726,1.471,11479,1.435,11484,1.431
2026-07-26T08:39:46,22.1,77.1,12198,1.521,11750,1.47,11461,1.439,11448,1.438
2026-07-26T08:54:46,22.4,68.9,12215,1.525,11739,1.471,11456,1.44,11464,1.439
2026-07-26T09:09:47,23.4,73.0,12159,1.525,11721,1.467,11479,1.432,11516,1.433
2026-07-26T09:24:47,24.9,69.0,12180,1.522,11743,1.463,11496,1.428,11523,1.433
2026-07-26T09:39:47,25.6,59.6,12206,1.523,11718,1.466,11443,1.437,11482,1.441
2026-07-26T09:54:48,25.9,58.8,12159,1.525,11703,1.465,11460,1.43,11550,1.438
2026-07-26T10:09:48,26.5,54.9,12185,1.519,11749,1.461,11494,1.429,11553,1.44
2026-07-26T10:24:48,27.3,54.8,12172,1.525,11727,1.464,11475,1.428,11560,1.437
2026-07-26T10:39:49,28.2,55.7,12201,1.528,11692,1.467,11427,1.432,11522,1.44
2026-07-26T10:54:49,28.5,49.2,12216,1.531,11694,1.465,11413,1.426,11553,1.44
2026-07-26T11:09:49,29.1,52.4,12271,1.533,11754,1.465,11499,1.429,11617,1.445
2026-07-26T11:24:50,29.3,52.7,12315,1.534,11778,1.464,11509,1.433,11656,1.455
2026-07-26T11:39:50,30.0,45.5,12301,1.539,11756,1.467,11504,1.432,11693,1.455
2026-07-26T11:54:51,30.9,50.4,12338,1.538,11775,1.464,11517,1.433,11686,1.458
2026-07-26T12:09:51,31.3,46.3,12315,1.541,11755,1.467,11518,1.434,11706,1.456
2026-07-26T12:24:51,31.7,45.5,12314,1.542,11764,1.47,11529,1.437,11703,1.456
2026-07-26T12:39:54,32.7,46.9,12323,1.542,11787,1.472,11538,1.437,11706,1.456
2026-07-26T12:54:54,32.7,46.8,12355,1.543,11807,1.478,11511,1.444,11658,1.461
2026-07-26T13:09:55,32.9,43.4,12383,1.542,11842,1.473,11554,1.44,11682,1.46
2026-07-26T13:24:55,33.2,44.0,12373,1.55,11790,1.478,11525,1.442,11709,1.462
2026-07-26T13:39:55,32.9,41.5,12384,1.55,11812,1.475,11564,1.441,11753,1.462
2026-07-26T13:54:56,33.3,39.6,12441,1.549,11839,1.476,11568,1.446,11724,1.469
2026-07-26T14:09:56,33.6,41.8,12406,1.554,11802,1.479,11542,1.443,11751,1.465
2026-07-26T14:24:57,29.4,55.1,12435,1.556,11839,1.478,11575,1.441,11791,1.467
2026-07-26T14:39:57,31.0,46.4,12493,1.555,11883,1.479,11584,1.445,11799,1.475
2026-07-26T14:54:57,30.7,50.9,12466,1.562,11855,1.484,11571,1.445,11851,1.476
2026-07-26T15:09:58,30.1,46.1,12536,1.56,11916,1.484,11568,1.444,11862,1.485
2026-07-26T15:24:58,30.8,46.7,12511,1.568,11878,1.488,11552,1.444,11899,1.484
2026-07-26T15:39:58,28.6,50.3,12490,1.564,11856,1.487,11544,1.446,11899,1.486
2026-07-26T15:54:59,26.8,56.1,12514,1.565,11884,1.49,11562,1.451,11927,1.492
2026-07-26T16:09:59,26.2,55.1,12539,1.568,11894,1.492,11573,1.452,11951,1.496
2026-07-26T16:24:59,25.9,57.4,12552,1.566,11941,1.485,11639,1.447,12005,1.496
2026-07-26T16:40:00,25.7,58.6,12579,1.565,11956,1.487,11627,1.45,12020,1.503
2026-07-26T16:55:00,25.8,58.0,12586,1.573,11962,1.49,11689,1.452,12108,1.506
2026-07-26T17:10:01,26.7,55.3,12650,1.573,11985,1.494,11657,1.459,12071,1.514
2026-07-26T17:25:01,26.7,54.5,12603,1.579,11952,1.5,11644,1.458,12095,1.51
2026-07-26T17:40:01,26.6,55.2,12619,1.574,12014,1.494,11701,1.454,12141,1.512
2026-07-26T17:55:02,26.0,56.3,12614,1.572,12015,1.494,11698,1.454,12152,1.516
2026-07-26T18:10:02,25.0,61.4,12626,1.572,11989,1.496,11671,1.461,12141,1.523
2026-07-26T18:25:02,24.4,60.6,12624,1.57,11999,1.496,11680,1.461,12166,1.526
2026-07-26T18:40:03,24.0,63.8,12575,1.577,11963,1.501,11677,1.461,12213,1.523
2026-07-26T18:55:03,23.6,65.1,12632,1.575,12001,1.501,11681,1.466,12200,1.531
2026-07-26T19:10:03,23.3,65.4,12638,1.573,12041,1.496,11734,1.46,12251,1.53
2026-07-26T19:25:04,23.1,65.2,12640,1.574,12010,1.5,11682,1.464,12228,1.535
2026-07-26T19:40:06,22.9,67.0,12617,1.577,12025,1.498,11739,1.457,12317,1.532
2026-07-26T19:55:07,22.9,67.0,12618,1.581,11984,1.504,11686,1.464,12297,1.535
2026-07-26T20:10:07,22.8,65.3,12582,1.575,11943,1.5,10848,1.363,10816,1.354
2026-07-26T20:25:08,20.8,82.1,12608,1.571,12037,1.494,11152,1.384,11069,1.379
2026-07-26T20:40:08,20.7,76.3,12606,1.579,12014,1.5,11196,1.393,11153,1.384
2026-07-26T20:55:08,20.5,79.5,12607,1.582,12001,1.504,11218,1.402,11184,1.392
2026-07-26T21:10:09,20.6,80.2,12656,1.578,12026,1.505,11225,1.411,11165,1.404
2026-07-26T21:25:09,20.7,79.7,12659,1.578,12031,1.505,11246,1.412,11186,1.407
2026-07-26T21:40:09,20.7,81.6,12643,1.578,12056,1.5,11326,1.404,11279,1.402
2026-07-26T21:55:10,20.9,79.4,12658,1.575,12027,1.5,11227,1.406,11165,1.403
2026-07-26T22:10:10,20.7,83.8,12612,1.581,11978,1.504,11215,1.406,11194,1.399
2026-07-26T22:25:11,20.6,86.9,12642,1.578,12006,1.504,11233,1.412,11189,1.405
2026-07-26T22:40:11,20.4,87.1,12604,1.581,12003,1.502,11272,1.406,11250,1.398
2026-07-26T22:55:11,20.4,86.6,12650,1.577,12018,1.504,11256,1.413,11205,1.409
2026-07-26T23:10:12,20.3,88.0,12617,1.582,11991,1.506,11264,1.411,11256,1.405
2026-07-26T23:25:12,20.3,86.5,12614,1.582,11997,1.505,11278,1.411,11270,1.405
2026-07-26T23:40:12,20.8,83.5,12612,1.582,12000,1.504,11289,1.411,11283,1.405
2026-07-26T23:55:13,20.8,86.4,12640,1.577,12052,1.499,11347,1.407,11313,1.406
2026-07-27T00:10:13,20.8,86.6,12647,1.581,12011,1.508,11277,1.418,11267,1.413
2026-07-27T00:25:13,20.8,88.0,12665,1.578,12035,1.504,11294,1.417,11256,1.415
2026-07-27T00:40:14,20.8,87.6,12671,1.58,12029,1.506,11299,1.42,11270,1.416
2026-07-27T00:55:14,20.5,88.4,12643,1.582,12007,1.508,11294,1.419,11294,1.414
2026-07-27T01:10:15,20.3,90.3,12681,1.578,12054,1.504,11326,1.418,11292,1.418
2026-07-27T01:25:15,20.2,90.4,12622,1.584,12018,1.507,11335,1.417,11339,1.412
2026-07-27T01:40:15,20.1,91.3,12664,1.577,12082,1.5,11379,1.414,11347,1.415
2026-07-27T01:55:16,20.0,91.1,12670,1.577,12087,1.501,11381,1.416,11333,1.419
2026-07-27T02:10:16,19.9,90.6,12688,1.577,12076,1.504,11361,1.419,11331,1.421
2026-07-27T02:25:16,19.9,92.1,12676,1.582,12047,1.508,11331,1.424,11316,1.422
2026-07-27T02:40:17,19.9,92.4,12700,1.578,12090,1.504,11377,1.42,11347,1.421
2026-07-27T02:55:17,19.8,92.9,12693,1.579,12067,1.506,11358,1.423,11330,1.424
2026-07-27T03:10:17,19.8,91.7,12707,1.58,12077,1.506,11373,1.423,11346,1.425
2026-07-27T03:25:18,19.8,89.2,12706,1.58,12076,1.506,11369,1.423,11342,1.424
2026-07-27T03:40:18,19.7,89.2,12672,1.585,12032,1.511,11342,1.425,11351,1.421
2026-07-27T03:55:19,19.7,90.4,12700,1.582,12064,1.507,11369,1.426,11342,1.426
2026-07-27T04:10:19,19.6,90.9,12657,1.586,12061,1.506,11403,1.419,11415,1.417
2026-07-27T04:25:19,19.6,90.8,12707,1.584,12072,1.51,11377,1.429,11357,1.428
2026-07-27T04:40:20,19.4,89.8,12680,1.587,12042,1.513,11406,1.425,11379,1.427
2026-07-27T04:55:20,19.4,90.9,12711,1.582,12076,1.508,11386,1.427,11363,1.428
2026-07-27T05:10:20,19.3,91.0,12710,1.582,12116,1.504,11438,1.422,11409,1.425
2026-07-27T05:25:21,19.2,91.2,12670,1.589,12043,1.512,11395,1.426,11414,1.423
2026-07-27T05:40:21,19.1,92.3,12691,1.59,12049,1.514,11384,1.429,11408,1.426
2026-07-27T05:55:22,19.1,92.3,12671,1.59,12055,1.51,11416,1.425,11440,1.423
2026-07-27T06:10:24,19.1,92.9,12681,1.591,12066,1.512,11436,1.428,11460,1.425
2026-07-27T06:25:25,19.1,92.9,12742,1.586,12096,1.51,11416,1.431,11400,1.433
2026-07-27T06:40:27,19.8,93.7,12692,1.592,12053,1.513,11408,1.428,11437,1.426
2026-07-27T06:55:28,19.7,93.6,12726,1.587,12119,1.505,11467,1.423,11455,1.427
2026-07-27T07:10:28,20.4,86.9,12750,1.585,12121,1.506,11440,1.426,11429,1.43
2026-07-27T07:25:31,21.0,89.8,12753,1.588,12091,1.511,11407,1.431,11407,1.434
2026-07-27T07:40:31,21.0,89.9,12753,1.587,12128,1.506,11451,1.425,11449,1.43
2026-07-27T07:55:31,21.9,85.5,12720,1.592,12093,1.508,11450,1.422,11486,1.426
2026-07-27T08:10:32,22.4,84.0,12748,1.59,12078,1.512,11394,1.431,11412,1.433
2026-07-27T08:25:32,22.7,80.4,12769,1.588,12119,1.508,11436,1.427,11447,1.434
2026-07-27T08:40:32,23.3,79.3,12758,1.592,12083,1.512,11402,1.433,11441,1.435
2026-07-27T08:55:33,23.4,81.6,12782,1.6,12059,1.514,11395,1.429,11462,1.432
2026-07-27T09:10:33,25.0,76.4,12771,1.601,12063,1.512,11406,1.426,11484,1.431
2026-07-27T09:25:33,25.8,74.1,12793,1.592,12119,1.507,11431,1.425,11478,1.436
2026-07-27T09:40:34,25.9,72.9,12728,1.595,12045,1.51,11394,1.425,11483,1.432
2026-07-27T09:55:34,27.3,67.3,12751,1.587,12079,1.507,11396,1.426,11473,1.439
2026-07-27T10:10:35,27.9,64.2,12718,1.585,12093,1.503,11426,1.421,11507,1.435
2026-07-27T10:25:37,29.2,64.6,12736,1.586,12080,1.507,11401,1.426,11484,1.441
2026-07-27T10:40:38,29.2,64.6,12728,1.584,12084,1.508,11403,1.427,11496,1.442
2026-07-27T10:55:38,27.5,68.6,12695,1.588,12078,1.508,11429,1.422,11563,1.437
2026-07-27T11:10:38,27.8,66.4,12734,1.588,12110,1.506,11451,1.423,11570,1.442
2026-07-27T11:25:39,28.3,73.6,12765,1.59,12121,1.507,11445,1.427,11575,1.448
2026-07-27T11:40:39,29.0,66.0,12767,1.59,12124,1.507,11453,1.426,11586,1.447
2026-07-27T11:55:39,27.6,62.3,12804,1.597,12113,1.514,11432,1.434,11608,1.457
2026-07-27T12:10:40,29.0,67.2,12783,1.597,12133,1.511,11481,1.426,11654,1.45
2026-07-27T12:25:40,28.1,65.1,12786,1.602,12105,1.518,11449,1.433,11657,1.455
2026-07-27T12:40:40,28.8,62.4,12860,1.603,12167,1.513,11502,1.431,11687,1.458
2026-07-27T12:55:41,30.4,61.0,12867,1.61,12177,1.52,11506,1.433,11720,1.458
2026-07-27T13:10:41,31.6,55.4,12886,1.61,12191,1.52,11515,1.432,11707,1.457
2026-07-27T13:25:42,32.0,54.9,12925,1.609,12193,1.521,11489,1.437,11691,1.465
2026-07-27T13:40:42,32.0,54.7,12909,1.614,12166,1.525,11472,1.439,11709,1.465
2026-07-27T13:55:42,32.2,51.2,12942,1.614,12224,1.521,11536,1.435,11756,1.466
2026-07-27T14:10:43,31.6,51.1,12973,1.616,12214,1.527,11499,1.441,11730,1.471
2026-07-27T14:25:43,31.5,54.6,12960,1.619,12243,1.526,11534,1.434,11801,1.469
2026-07-27T14:40:43,31.4,54.8,13001,1.619,12271,1.527,11529,1.437,11806,1.477
2026-07-27T14:55:44,31.1,53.6,13006,1.623,12251,1.533,11493,1.442,11812,1.481
2026-07-27T15:10:44,29.5,59.1,13026,1.624,12307,1.531,11544,1.436,11879,1.482
2026-07-27T15:25:45,29.9,58.2,13039,1.629,12285,1.539,11533,1.448,11898,1.489
2026-07-27T15:40:45,28.3,62.0,12994,1.624,12302,1.534,11598,1.442,11969,1.488
2026-07-27T15:55:45,27.5,68.8,13034,1.621,12331,1.536,11578,1.446,11942,1.495
2026-07-27T16:10:46,27.2,68.7,13027,1.627,12337,1.536,11620,1.443,12006,1.494
2026-07-27T16:25:46,27.0,67.2,13018,1.629,12330,1.539,11614,1.445,12037,1.496
2026-07-27T16:40:46,26.5,67.9,13020,1.632,12325,1.543,11611,1.45,12055,1.501
2026-07-27T16:55:47,26.1,69.2,13074,1.632,12342,1.545,11606,1.457,12044,1.51
2026-07-27T17:10:47,26.9,68.5,13064,1.637,12334,1.547,11612,1.454,12086,1.508
2026-07-27T17:25:47,27.1,66.9,13099,1.632,12374,1.546,11610,1.455,12058,1.513
2026-07-27T17:40:48,27.1,63.8,13103,1.631,12397,1.546,11621,1.454,12084,1.515
2026-07-27T17:55:48,26.7,63.3,13081,1.633,12372,1.549,11598,1.456,12097,1.516
2026-07-27T18:10:49,25.9,66.1,13043,1.634,12367,1.546,11638,1.45,12165,1.512
2026-07-27T18:25:49,25.5,69.0,13036,1.634,12354,1.548,11624,1.453,12162,1.516
2026-07-27T18:40:49,25.0,70.7,13050,1.631,12360,1.55,11600,1.457,12145,1.52
2026-07-27T18:55:50,24.7,72.2,13072,1.629,12389,1.549,11624,1.458,12150,1.525
2026-07-27T19:10:50,24.5,75.5,13029,1.633,12375,1.549,11646,1.454,12210,1.52
2026-07-27T19:25:50,24.6,76.1,13015,1.632,12363,1.547,11603,1.448,12191,1.517
2026-07-27T19:40:51,24.4,76.3,13062,1.626,12415,1.543,11626,1.447,12184,1.522
2026-07-27T19:55:51,24.3,78.5,13078,1.632,12433,1.547,11702,1.453,12257,1.526
2026-07-27T20:10:52,24.0,80.4,11003,1.37,10615,1.317,11035,1.373,10910,1.361
2026-07-27T20:25:52,22.9,90.0,10763,1.351,10583,1.329,11099,1.388,11042,1.377
2026-07-27T20:40:52,22.6,93.3,11042,1.377,10971,1.362,11198,1.39,11113,1.384
2026-07-27T20:55:53,22.6,93.2,11149,1.391,11065,1.374,11221,1.393,11140,1.387
2026-07-27T21:10:53,22.6,92.5,11213,1.4,11068,1.388,11159,1.403,11100,1.393
2026-07-27T21:25:53,22.7,92.5,11231,1.406,11075,1.392,11166,1.402,11121,1.392
2026-07-27T21:40:54,22.7,91.7,11286,1.405,11177,1.387,11250,1.398,11173,1.393
2026-07-27T21:55:54,22.8,92.3,11294,1.409,11177,1.389,11258,1.397,11190,1.393
2026-07-27T22:10:54,22.9,93.0,11282,1.415,11148,1.395,11239,1.4,11201,1.391
2026-07-27T22:25:55,23.0,92.3,11302,1.419,11141,1.399,11223,1.403,11191,1.395
2026-07-27T22:40:55,22.9,93.1,11353,1.416,11173,1.399,11206,1.408,11156,1.401
2026-07-27T22:55:56,22.9,93.5,11380,1.417,11201,1.399,11224,1.408,11164,1.403
2026-07-27T23:10:56,23.0,93.8,11382,1.419,11238,1.396,11283,1.401,11238,1.399
2026-07-27T23:25:56,22.9,94.1,11424,1.419,11244,1.4,11252,1.407,11208,1.406
2026-07-27T23:40:57,23.0,93.2,11428,1.421,11271,1.399,11288,1.406,11239,1.405
2026-07-27T23:55:57,22.8,93.1,11389,1.429,11201,1.407,11243,1.408,11238,1.403
2026-07-28T00:10:57,22.7,93.5,11388,1.429,11223,1.404,11273,1.405,11267,1.4
2026-07-28T00:25:58,22.6,93.5,11402,1.429,11236,1.405,11286,1.405,11279,1.401
2026-07-28T00:40:58,22.4,94.2,11449,1.43,11243,1.409,11247,1.414,11229,1.409
2026-07-28T00:55:58,22.4,94.1,11468,1.426,11266,1.405,11269,1.411,11228,1.411
2026-07-28T01:10:59,22.3,94.5,11425,1.434,11237,1.409,11281,1.41,11277,1.405
2026-07-28T01:25:59,22.3,93.9,11430,1.434,11251,1.409,11289,1.408,11291,1.404
2026-07-28T01:41:00,22.2,94.4,11464,1.435,11250,1.413,11271,1.413,11272,1.408
2026-07-28T01:56:00,22.1,94.8,11483,1.433,11271,1.411,11269,1.416,11243,1.412
2026-07-28T02:11:00,22.2,94.7,11513,1.431,11304,1.409,11298,1.414,11259,1.413
2026-07-28T02:26:01,22.1,95.0,11521,1.433,11304,1.411,11294,1.415,11260,1.415
2026-07-28T02:41:01,22.0,94.6,11521,1.433,11337,1.407,11340,1.411,11300,1.412
2026-07-28T02:56:01,22.1,93.2,11494,1.437,11309,1.409,11341,1.408,11333,1.408
2026-07-28T03:11:02,21.9,93.4,11489,1.442,11275,1.415,11303,1.414,11311,1.409
2026-07-28T03:26:02,21.8,94.3,11501,1.443,11307,1.415,11336,1.413,11342,1.409
2026-07-28T03:41:03,21.8,93.2,11534,1.439,11345,1.411,11372,1.411,11345,1.411
2026-07-28T03:56:05,22.0,93.8,11526,1.444,11293,1.419,11300,1.418,11311,1.414
2026-07-28T04:11:06,22.0,93.7,11522,1.443,11329,1.414,11359,1.411,11360,1.41
2026-07-28T04:26:06,22.0,94.5,11521,1.446,11307,1.417,11333,1.415,11344,1.411
2026-07-28T04:41:06,22.3,94.1,11529,1.447,11305,1.419,11325,1.417,11340,1.413
2026-07-28T04:56:07,22.3,95.2,11543,1.446,11304,1.421,11306,1.419,11322,1.415
2026-07-28T05:11:09,22.7,94.5,11556,1.444,11356,1.413,11377,1.412,11368,1.413
2026-07-28T05:26:10,22.7,94.6,11563,1.447,11318,1.422,11309,1.421,11324,1.417
2026-07-28T05:41:10,22.8,93.6,11544,1.448,11333,1.419,11354,1.415,11381,1.413
2026-07-28T05:56:10,22.7,93.2,11552,1.448,11347,1.417,11366,1.415,11383,1.413
2026-07-28T06:11:11,22.7,93.6,11552,1.449,11341,1.419,11358,1.416,11380,1.414
2026-07-28T06:26:11,22.8,93.7,11590,1.449,11341,1.423,11319,1.423,11332,1.421
2026-07-28T06:41:11,22.8,93.3,11591,1.449,11340,1.423,11322,1.423,11341,1.42
2026-07-28T06:56:12,22.8,93.1,11601,1.445,11397,1.415,11393,1.415,11378,1.419
2026-07-28T07:11:12,22.9,92.7,11568,1.451,11353,1.421,11369,1.417,11394,1.416
2026-07-28T07:26:13,22.9,92.6,11635,1.446,11393,1.419,11364,1.421,11352,1.424
2026-07-28T07:41:13,23.1,92.0,11627,1.449,11372,1.422,11341,1.424,11340,1.425
2026-07-28T07:56:13,23.2,92.3,11607,1.449,11388,1.417,11401,1.415,11404,1.419
2026-07-28T08:11:14,23.6,89.0,11644,1.448,11416,1.417,11390,1.419,11384,1.424
2026-07-28T08:26:14,23.6,89.3,11655,1.449,11420,1.419,11381,1.421,11383,1.427
2026-07-28T08:41:14,23.8,88.2,11609,1.456,11370,1.423,11380,1.419,11423,1.42
2026-07-28T08:56:15,23.8,88.6,11651,1.452,11424,1.418,11415,1.417,11425,1.424
2026-07-28T09:11:15,24.1,87.6,11678,1.453,11410,1.423,11373,1.424,11390,1.43
2026-07-28T09:26:15,24.4,88.4,11638,1.459,11362,1.427,11358,1.423,11419,1.425
2026-07-28T09:41:16,24.4,87.6,11635,1.46,11372,1.425,11374,1.42,11439,1.424
2026-07-28T09:56:16,24.9,85.5,11642,1.46,11390,1.425,11392,1.42,11461,1.425
2026-07-28T10:11:17,24.6,84.7,11655,1.462,11386,1.426,11386,1.421,11464,1.427
2026-07-28T10:26:17,25.0,83.6,11673,1.464,11383,1.427,11380,1.422,11467,1.429
2026-07-28T10:41:17,26.2,81.5,11723,1.458,11419,1.424,11378,1.424,11438,1.435
2026-07-28T10:56:18,26.0,78.9,11683,1.465,11392,1.427,11385,1.421,11492,1.43
2026-07-28T11:11:18,26.5,78.6,11694,1.467,11389,1.429,11378,1.423,11488,1.433
2026-07-28T11:26:18,26.0,81.2,11711,1.469,11402,1.429,11393,1.423,11521,1.435
2026-07-28T11:41:19,27.3,81.8,11716,1.46,11454,1.423,11430,1.421,11550,1.441
2026-07-28T11:56:19,28.1,75.2,11714,1.458,11452,1.423,11421,1.423,11543,1.443
2026-07-28T12:11:20,28.6,71.7,11686,1.464,11428,1.428,11417,1.422,11561,1.437
2026-07-28T12:26:20,26.9,80.5,11699,1.466,11407,1.432,11380,1.427,11537,1.442
2026-07-28T12:41:23,26.8,80.5,11761,1.466,11453,1.432,11398,1.43,11532,1.447
2026-07-28T12:56:23,26.8,80.6,11773,1.465,11466,1.43,11410,1.428,11548,1.449
2026-07-28T13:11:23,27.0,76.9,11768,1.468,11489,1.428,11457,1.424,11600,1.447
2026-07-28T13:26:24,26.5,77.7,11756,1.471,11470,1.431,11447,1.424,11629,1.445
2026-07-28T13:41:24,26.0,82.7,11793,1.469,11504,1.429,11458,1.425,11616,1.45
2026-07-28T13:56:24,26.1,80.5,11817,1.472,11486,1.435,11417,1.432,11595,1.456
2026-07-28T14:11:25,26.0,80.7,11834,1.472,11524,1.432,11458,1.429,11637,1.456
2026-07-28T14:26:25,25.8,81.5,11836,1.474,11532,1.432,11475,1.427,11664,1.456
2026-07-28T14:41:25,26.0,81.7,11855,1.474,11530,1.434,11460,1.43,11655,1.459
2026-07-28T14:56:26,25.6,81.9,11868,1.476,11520,1.436,11447,1.432,11656,1.462
2026-07-28T15:11:26,25.7,83.1,11826,1.483,11482,1.44,11449,1.431,11703,1.458
2026-07-28T15:26:29,25.1,83.9,11829,1.482,11507,1.438,11473,1.429,11731,1.458
2026-07-28T15:41:29,25.1,83.9,11887,1.478,11553,1.437,11484,1.432,11712,1.466
2026-07-28T15:56:30,25.0,85.0,11856,1.484,11492,1.443,11447,1.434,11726,1.464
2026-07-28T16:11:30,24.9,84.4,11866,1.483,11507,1.444,11437,1.437,11714,1.467
2026-07-28T16:26:30,24.8,84.0,11874,1.484,11512,1.444,11443,1.438,11726,1.469
2026-07-28T16:41:31,24.9,84.4,11878,1.483,11558,1.438,11523,1.43,11785,1.467
2026-07-28T16:56:31,24.8,84.2,11894,1.48,11570,1.437,11508,1.432,11768,1.47
2026-07-28T17:11:31,24.8,85.3,11887,1.486,11520,1.446,11451,1.439,11751,1.472
2026-07-28T17:26:32,24.8,84.8,11918,1.481,11574,1.439,11504,1.435,11774,1.474
2026-07-28T17:41:32,24.8,84.6,11922,1.484,11558,1.443,11485,1.439,11766,1.477
2026-07-28T17:56:32,24.9,83.8,11887,1.487,11556,1.441,11527,1.432,11834,1.471
2026-07-28T18:11:33,24.7,83.7,11900,1.489,11528,1.447,11468,1.44,11794,1.475
2026-07-28T18:26:33,24.6,83.0,11882,1.491,11523,1.445,11492,1.436,11826,1.473
2026-07-28T18:41:34,24.5,83.4,11938,1.49,11595,1.442,11570,1.436,11869,1.477
2026-07-28T18:56:34,24.4,83.2,11958,1.492,11611,1.444,11594,1.439,11885,1.48
2026-07-28T19:11:34,24.2,83.9,11938,1.494,11587,1.446,11575,1.439,11901,1.478
2026-07-28T19:26:35,24.2,84.0,11988,1.491,11606,1.447,11552,1.446,11851,1.487
2026-07-28T19:41:35,24.1,83.3,11970,1.492,11622,1.443,11595,1.44,11896,1.483
2026-07-28T19:56:35,24.0,85.0,11916,1.495,11536,1.446,11512,1.438,11865,1.477
2026-07-28T20:11:36,23.4,89.2,11915,1.493,11511,1.446,11094,1.392,11025,1.379
2026-07-28T20:26:36,22.9,93.7,11915,1.493,11498,1.445,11142,1.397,11067,1.384
2026-07-28T20:41:36,22.7,94.8,11946,1.487,11572,1.436,11227,1.397,11119,1.388
2026-07-28T20:56:37,22.7,94.2,11958,1.489,11541,1.441,11209,1.405,11107,1.396
2026-07-28T21:11:37,22.7,94.2,11930,1.492,11506,1.445,11192,1.406,11118,1.393
2026-07-28T21:26:38,22.8,93.6,11907,1.494,11515,1.442,11240,1.403,11172,1.39
2026-07-28T21:41:38,22.7,94.3,11912,1.495,11514,1.445,11243,1.405,11177,1.393
2026-07-28T21:56:38,22.4,94.8,11922,1.493,11505,1.446,11218,1.408,11150,1.394
2026-07-28T22:11:39,22.5,95.3,11966,1.486,11567,1.438,11259,1.405,11161,1.397
2026-07-28T22:26:39,22.6,94.7,11945,1.488,11569,1.436,11282,1.402,11186,1.395
2026-07-28T22:41:39,22.7,94.4,11912,1.494,11499,1.444,11236,1.407,11176,1.395
2026-07-28T22:56:40,22.7,94.5,11953,1.486,11569,1.437,11287,1.405,11192,1.398
2026-07-28T23:11:40,22.8,93.6,11917,1.492,11540,1.44,11295,1.404,11229,1.394
2026-07-28T23:26:41,22.8,93.6,11905,1.494,11518,1.442,11275,1.407,11212,1.395
2026-07-28T23:41:41,22.7,94.1,11909,1.494,11529,1.442,11290,1.407,11228,1.395
2026-07-28T23:56:41,22.9,93.5,11955,1.49,11542,1.443,11265,1.414,11178,1.405
2026-07-29T00:11:42,22.9,92.8,11928,1.492,11557,1.441,11323,1.406,11257,1.397
2026-07-29T00:26:42,23.0,91.6,11960,1.487,11578,1.438,11307,1.408,11217,1.401
2026-07-29T00:41:42,22.8,95.0,11911,1.494,11510,1.444,11275,1.409,11230,1.397
2026-07-29T00:56:43,22.6,94.7,11979,1.488,11584,1.44,11314,1.412,11221,1.405
2026-07-29T01:11:43,22.5,92.6,11981,1.49,11570,1.444,11304,1.416,11213,1.409
2026-07-29T01:26:43,22.6,93.5,11959,1.494,11539,1.448,11276,1.417,11217,1.406
2026-07-29T01:41:44,22.8,94.0,11975,1.493,11556,1.446,11290,1.418,11207,1.408
2026-07-29T01:56:44,22.8,93.4,11990,1.49,11579,1.443,11315,1.415,11226,1.408
2026-07-29T02:11:45,22.7,91.6,11906,1.492,11526,1.448,11271,1.413,11213,1.401
2026-07-29T02:26:45,21.8,95.2,10795,1.354,10972,1.371,11001,1.369,10934,1.357
2026-07-29T02:41:45,21.5,97.6,11237,1.412,11010,1.381,11227,1.402,11177,1.391
2026-07-29T02:56:46,20.9,98.7,11333,1.423,11123,1.391,11355,1.414,11255,1.397
2026-07-29T03:11:46,20.8,99.0,11437,1.434,11137,1.401,11350,1.423,11246,1.405
2026-07-29T03:26:49,20.5,99.3,11459,1.428,11209,1.391,11413,1.419,11260,1.405
2026-07-29T03:41:51,20.5,99.4,11445,1.436,11148,1.401,11371,1.424,11259,1.405
2026-07-29T03:56:52,20.5,99.3,11429,1.435,11161,1.399,11384,1.42,11280,1.402
2026-07-29T04:11:52,20.4,99.5,11478,1.432,11215,1.394,11435,1.418,11293,1.405
2026-07-29T04:26:52,20.4,99.5,11509,1.431,11235,1.394,11430,1.422,11278,1.408
2026-07-29T04:41:53,20.3,99.5,11519,1.436,11210,1.403,11382,1.43,11240,1.413
2026-07-29T04:56:53,20.6,99.6,11536,1.433,11238,1.4,11404,1.427,11252,1.413
2026-07-29T05:11:53,20.6,99.6,11524,1.442,11210,1.409,11390,1.431,11271,1.411
2026-07-29T05:26:54,20.5,99.6,11517,1.445,11249,1.407,11458,1.427,11342,1.408
2026-07-29T05:41:54,20.5,99.6,11577,1.444,11269,1.411,11423,1.436,11284,1.418
2026-07-29T05:56:55,20.6,99.7,11589,1.443,11328,1.405,11497,1.429,11340,1.414
2026-07-29T06:11:55,20.7,99.7,11596,1.446,11282,1.414,11427,1.437,11292,1.418
2026-07-29T06:26:55,20.6,99.7,11610,1.443,11342,1.408,11488,1.431,11336,1.418
2026-07-29T06:41:56,20.7,99.7,11605,1.446,11342,1.407,11504,1.429,11355,1.416
2026-07-29T06:56:56,20.9,99.7,11637,1.447,11329,1.413,11465,1.436,11319,1.422
2026-07-29T07:11:56,21.0,99.7,11630,1.449,11360,1.41,11524,1.431,11382,1.419
2026-07-29T07:26:57,21.0,99.8,11636,1.457,11361,1.417,11554,1.435,11444,1.422
2026-07-29T07:41:57,21.2,99.7,11695,1.454,11378,1.419,11522,1.443,11387,1.43
2026-07-29T07:56:58,21.5,99.8,11653,1.458,11375,1.418,11565,1.436,11457,1.422
2026-07-29T08:11:58,21.8,99.8,11663,1.462,11341,1.426,11522,1.444,11429,1.427
2026-07-29T08:26:58,21.5,99.6,11652,1.46,11372,1.42,11560,1.437,11464,1.423
2026-07-29T08:41:59,21.5,99.5,11671,1.464,11348,1.426,11526,1.444,11438,1.427
2026-07-29T08:56:59,21.9,99.5,11691,1.456,11362,1.42,11494,1.443,11367,1.429
2026-07-29T09:11:59,21.7,99.2,11700,1.455,11372,1.419,11505,1.441,11375,1.429
2026-07-29T09:27:00,22.1,99.4,11677,1.457,11387,1.416,11562,1.435,11440,1.424
2026-07-29T09:42:00,22.3,99.4,11696,1.456,11405,1.415,11550,1.437,11422,1.426
2026-07-29T09:57:00,22.5,98.9,11704,1.458,11369,1.423,11489,1.444,11383,1.429
2026-07-29T10:12:01,23.2,99.0,11725,1.458,11391,1.42,11509,1.443,11391,1.431
2026-07-29T10:27:01,24.0,98.7,11696,1.46,11354,1.423,11485,1.443,11389,1.429
2026-07-29T10:42:02,24.3,92.9,11663,1.463,11363,1.422,11536,1.438,11450,1.423
2026-07-29T10:57:02,23.5,93.0,11728,1.459,11419,1.418,11552,1.439,11446,1.43
2026-07-29T11:12:02,25.5,86.8,11688,1.463,11379,1.421,11548,1.437,11472,1.425
2026-07-29T11:27:03,25.8,80.1,11675,1.463,11339,1.424,11498,1.44,11424,1.427
2026-07-29T11:42:03,25.0,82.1,11699,1.463,11366,1.426,11497,1.444,11416,1.43
2026-07-29T11:57:03,24.4,89.8,11693,1.465,11360,1.427,11504,1.443,11431,1.429
2026-07-29T12:12:04,23.7,88.1,11706,1.466,11395,1.423,11566,1.439,11499,1.429
2026-07-29T12:27:04,25.7,88.9,11750,1.46,11425,1.421,11550,1.442,11449,1.433
2026-07-29T12:42:04,25.1,89.0,11763,1.462,11428,1.422,11563,1.444,11470,1.436
2026-07-29T12:57:05,26.8,83.3,11625,1.454,11387,1.418,11566,1.437,11506,1.432
2026-07-29T13:12:05,29.0,78.2,11668,1.453,11415,1.418,11572,1.441,11491,1.435
2026-07-29T13:27:06,30.0,75.1,11638,1.456,11379,1.42,11566,1.44,11540,1.435
2026-07-29T13:42:06,30.4,70.9,11656,1.455,11373,1.416,11560,1.437,11546,1.437
2026-07-29T13:57:06,30.4,69.5,11652,1.459,11362,1.426,11530,1.445,11517,1.438
2026-07-29T14:12:07,30.8,67.1,11673,1.458,11410,1.421,11580,1.439,11547,1.439
2026-07-29T14:27:07,30.3,67.3,11703,1.458,11407,1.424,11537,1.445,11508,1.444
2026-07-29T14:42:07,30.8,66.9,11691,1.466,11393,1.426,11548,1.442,11549,1.438
2026-07-29T14:57:08,31.6,65.0,11754,1.466,11409,1.427,11531,1.446,11513,1.444
2026-07-29T15:12:08,31.2,64.9,11751,1.469,11399,1.429,11521,1.446,11536,1.444
2026-07-29T15:27:09,28.7,70.3,11736,1.471,11414,1.427,11568,1.442,11590,1.442
2026-07-29T15:42:09,28.0,67.0,11739,1.47,11408,1.432,11546,1.447,11586,1.447
2026-07-29T15:57:09,27.1,71.8,11731,1.46,11477,1.425,11596,1.444,11606,1.45
2026-07-29T16:12:10,27.0,76.0,11724,1.461,11453,1.431,11565,1.45,11591,1.455
2026-07-29T16:27:10,26.5,75.7,11729,1.465,11467,1.427,11616,1.442,11652,1.45
2026-07-29T16:42:10,25.6,79.8,11761,1.465,11488,1.427,11615,1.444,11645,1.453
2026-07-29T16:57:11,25.5,81.7,11743,1.47,11462,1.43,11611,1.443,11673,1.452
2026-07-29T17:12:11,25.3,80.5,11801,1.47,11501,1.429,11621,1.446,11668,1.456
2026-07-29T17:27:11,27.3,76.9,11804,1.469,11477,1.431,11585,1.45,11636,1.46
2026-07-29T17:42:12,27.6,73.1,11751,1.474,11443,1.434,11585,1.447,11678,1.455
2026-07-29T17:57:12,27.2,73.3,11794,1.467,11494,1.429,11606,1.447,11674,1.46
2026-07-29T18:12:13,26.4,75.8,11795,1.475,11505,1.434,11662,1.449,11752,1.461
2026-07-29T18:27:13,25.7,77.3,11819,1.473,11527,1.432,11669,1.45,11744,1.465
2026-07-29T18:42:13,25.3,74.8,11792,1.479,11488,1.438,11643,1.453,11763,1.463
2026-07-29T18:57:14,25.0,75.9,11806,1.481,11486,1.44,11645,1.454,11765,1.465
2026-07-29T19:12:16,24.7,81.6,11829,1.484,11479,1.44,11635,1.455,11761,1.466
2026-07-29T19:27:19,24.5,80.2,11831,1.484,11490,1.438,11645,1.452,11775,1.465
2026-07-29T19:42:19,24.5,80.3,11867,1.476,11529,1.433,11634,1.452,11732,1.469
2026-07-29T19:57:20,24.3,84.7,11850,1.48,11475,1.439,11588,1.456,11717,1.469
2026-07-29T20:12:20,24.0,83.6,11861,1.478,11486,1.436,11058,1.388,10918,1.372
2026-07-29T20:27:20,22.3,91.3,11871,1.476,11535,1.433,11247,1.402,11085,1.386
2026-07-29T20:42:21,22.3,92.9,11860,1.477,11540,1.432,11310,1.406,11148,1.39
2026-07-29T20:57:21,22.0,91.8,11850,1.481,11485,1.441,11269,1.417,11127,1.396
2026-07-29T21:12:21,22.1,93.6,11827,1.484,11492,1.44,11335,1.415,11204,1.394
2026-07-29T21:27:22,21.9,94.1,11856,1.483,11490,1.443,11315,1.422,11179,1.401
2026-07-29T21:42:22,22.0,94.9,11831,1.485,11490,1.44,11363,1.419,11240,1.399
2026-07-29T21:57:23,21.9,94.7,11851,1.482,11523,1.436,11403,1.416,11273,1.399
2026-07-29T22:12:23,21.8,94.3,11841,1.483,11515,1.437,11405,1.418,11281,1.4
2026-07-29T22:27:23,21.7,94.4,11860,1.48,11550,1.435,11435,1.42,11286,1.405
2026-07-29T22:42:24,21.6,93.4,11832,1.485,11491,1.441,11395,1.423,11280,1.405
2026-07-29T22:57:24,21.6,92.0,11854,1.486,11488,1.444,11385,1.427,11271,1.409
2026-07-29T23:12:24,21.4,91.9,11857,1.486,11494,1.444,11393,1.429,11283,1.41
2026-07-29T23:27:27,21.2,90.4,11868,1.486,11495,1.444,11394,1.43,11283,1.411
2026-07-29T23:42:27,21.2,90.4,11858,1.486,11523,1.44,11448,1.425,11335,1.407
2026-07-29T23:57:28,21.1,88.4,11862,1.488,11504,1.444,11431,1.43,11319,1.411
2026-07-30T00:12:28,21.0,90.9,11901,1.483,11534,1.442,11425,1.434,11284,1.418
2026-07-30T00:27:28,21.0,91.2,11876,1.489,11507,1.446,11430,1.433,11324,1.414
2026-07-30T00:42:29,20.9,90.5,11889,1.488,11517,1.447,11426,1.435,11321,1.417
2026-07-30T00:57:29,21.0,92.6,11888,1.486,11559,1.44,11495,1.427,11373,1.412
2026-07-30T01:12:30,20.9,93.7,11868,1.488,11534,1.443,11472,1.429,11370,1.413
2026-07-30T01:27:30,21.1,95.2,11930,1.482,11583,1.44,11480,1.432,11340,1.419
2026-07-30T01:42:30,21.1,95.0,11889,1.486,11559,1.441,11500,1.428,11385,1.414
2026-07-30T01:57:31,21.1,95.0,11906,1.484,11579,1.438,11507,1.429,11373,1.416
2026-07-30T02:12:31,21.2,94.8,11924,1.485,11554,1.444,11452,1.437,11320,1.423
2026-07-30T02:27:31,21.2,95.2,11882,1.489,11550,1.443,11496,1.431,11398,1.415
2026-07-30T02:42:32,21.2,94.7,11890,1.488,11565,1.442,11508,1.43,11405,1.416
2026-07-30T02:57:32,21.1,94.9,11895,1.488,11567,1.442,11513,1.43,11411,1.416
2026-07-30T03:12:33,21.0,94.1,11889,1.488,11566,1.442,11514,1.43,11407,1.416
2026-07-30T03:27:33,21.0,94.3,11933,1.484,11602,1.44,11517,1.433,11385,1.422
2026-07-30T03:42:33,21.0,95.0,11931,1.488,11563,1.447,11470,1.441,11348,1.426
2026-07-30T03:57:34,21.0,93.8,11893,1.492,11529,1.449,11471,1.437,11382,1.421
2026-07-30T04:12:34,21.0,95.4,11938,1.485,11605,1.441,11520,1.435,11388,1.423
2026-07-30T04:27:37,21.0,94.7,11883,1.492,11540,1.446,11496,1.435,11417,1.418
2026-07-30T04:42:37,21.0,94.7,11925,1.488,11599,1.442,11547,1.433,11424,1.422
2026-07-30T04:57:37,21.0,94.3,11903,1.493,11538,1.45,11485,1.439,11397,1.422
2026-07-30T05:12:38,20.9,94.7,11934,1.487,11607,1.441,11548,1.434,11420,1.423
2026-07-30T05:27:38,20.9,94.6,11902,1.492,11533,1.45,11478,1.439,11394,1.423
2026-07-30T05:42:38,20.8,94.6,11923,1.489,11599,1.442,11554,1.435,11427,1.424
2026-07-30T05:57:39,20.8,94.0,11962,1.486,11604,1.445,11495,1.437,11393,1.429
2026-07-30T06:12:39,20.8,94.7,11917,1.491,11588,1.445,11515,1.43,11451,1.421
2026-07-30T06:27:40,20.7,94.7,11904,1.494,11552,1.449,11463,1.433,11429,1.424
2026-07-30T06:42:40,20.7,94.6,11950,1.491,11577,1.45,11435,1.437,11387,1.43
2026-07-30T06:57:40,21.0,95.2,11931,1.491,11601,1.444,11498,1.427,11456,1.423
2026-07-30T07:12:41,21.2,95.0,11971,1.488,11606,1.446,11445,1.435,11391,1.431
2026-07-30T07:27:41,21.1,91.2,11912,1.494,11544,1.449,11439,1.431,11424,1.424
2026-07-30T07:42:41,21.4,91.7,11917,1.493,11577,1.446,11479,1.428,11460,1.423
2026-07-30T07:57:42,21.6,90.3,11970,1.489,11594,1.447,11449,1.434,11400,1.432
2026-07-30T08:12:42,22.2,91.5,11972,1.488,11610,1.444,11468,1.432,11418,1.43
2026-07-30T08:27:42,22.8,89.8,11955,1.489,11611,1.442,11489,1.428,11438,1.427
2026-07-30T08:42:43,22.7,89.1,11939,1.493,11588,1.445,11489,1.427,11472,1.425
2026-07-30T08:57:43,23.0,87.3,11946,1.497,11572,1.446,11474,1.429,11473,1.425
2026-07-30T09:12:44,23.5,87.8,11969,1.499,11574,1.446,11472,1.428,11477,1.425
2026-07-30T09:27:44,24.6,78.9,11994,1.492,11610,1.443,11478,1.431,11448,1.432
2026-07-30T09:42:44,23.8,84.4,11962,1.495,11590,1.445,11498,1.428,11494,1.428
2026-07-30T09:57:45,23.1,86.4,11985,1.495,11620,1.443,11501,1.43,11479,1.433
2026-07-30T10:12:45,23.8,85.5,11967,1.5,11556,1.451,11459,1.434,11480,1.432
2026-07-30T10:27:45,23.9,85.1,11985,1.5,11566,1.452,11448,1.438,11472,1.435
2026-07-30T10:42:46,23.9,86.4,11986,1.496,11608,1.444,11519,1.429,11512,1.432
2026-07-30T10:57:46,23.6,90.1,12006,1.499,11586,1.452,11459,1.44,11470,1.439
2026-07-30T11:12:47,23.2,89.3,12019,1.498,11598,1.451,11473,1.44,11472,1.44
2026-07-30T11:27:49,23.1,90.6,12030,1.498,11609,1.45,11486,1.44,11479,1.442
2026-07-30T11:42:50,23.1,90.6,12025,1.497,11605,1.449,11485,1.44,11477,1.442
2026-07-30T11:57:50,23.0,90.5,11983,1.503,11573,1.452,11493,1.437,11525,1.436
2026-07-30T12:12:50,23.1,88.8,12012,1.502,11589,1.454,11477,1.442,11501,1.441
2026-07-30T12:27:51,22.8,87.3,12031,1.5,11604,1.451,11487,1.442,11487,1.443
2026-07-30T12:42:51,23.2,89.2,12004,1.504,11573,1.454,11479,1.44,11514,1.439
2026-07-30T12:57:51,23.1,89.8,12018,1.505,11583,1.455,11494,1.442,11534,1.442
2026-07-30T13:12:52,24.7,86.3,12007,1.505,11576,1.454,11498,1.441,11536,1.44
2026-07-30T13:27:52,24.3,83.8,12041,1.498,11649,1.447,11546,1.438,11543,1.442
2026-07-30T13:42:52,22.7,88.0,12055,1.501,11625,1.451,11506,1.443,11517,1.447
2026-07-30T13:57:53,23.9,84.8,12009,1.506,11607,1.452,11536,1.436,11588,1.439
2026-07-30T14:12:53,23.2,83.3,12032,1.506,11596,1.456,11498,1.443,11547,1.444
2026-07-30T14:27:54,22.8,83.1,12023,1.506,11621,1.453,11547,1.438,11599,1.441
2026-07-30T14:42:54,22.8,83.0,12049,1.507,11608,1.457,11501,1.445,11556,1.447
2026-07-30T14:57:54,23.1,85.8,12088,1.503,11662,1.451,11544,1.442,11571,1.45
2026-07-30T15:12:55,24.3,86.0,12041,1.507,11631,1.452,11556,1.437,11618,1.443
2026-07-30T15:27:55,24.9,74.8,12041,1.51,11599,1.455,11518,1.441,11597,1.446
2026-07-30T15:42:55,25.1,73.6,12094,1.504,11656,1.45,11542,1.441,11586,1.451
2026-07-30T15:57:56,24.8,74.1,12052,1.508,11634,1.452,11565,1.438,11644,1.446
2026-07-30T16:12:56,24.6,78.6,12087,1.508,11631,1.456,11519,1.447,11589,1.455
2026-07-30T16:27:56,24.3,76.1,12106,1.505,11668,1.451,11558,1.443,11619,1.455
2026-07-30T16:42:57,24.4,75.9,12079,1.511,11616,1.458,11529,1.445,11653,1.456
2026-07-30T16:57:57,24.9,76.1,12070,1.511,11639,1.454,11575,1.44,11686,1.452
2026-07-30T17:12:58,24.8,76.3,12095,1.51,11631,1.456,11525,1.448,11621,1.458
2026-07-30T17:27:58,24.7,75.7,12115,1.506,11677,1.451,11576,1.443,11655,1.458
2026-07-30T17:42:58,24.2,80.1,12071,1.512,11640,1.454,11578,1.441,11698,1.453
2026-07-30T17:57:59,24.4,81.6,12105,1.512,11637,1.459,11538,1.45,11651,1.461
2026-07-30T18:12:59,23.6,81.6,12098,1.513,11669,1.455,11611,1.442,11726,1.457
2026-07-30T18:27:59,23.3,82.1,12087,1.514,11655,1.456,11599,1.443,11727,1.456
2026-07-30T18:43:00,23.3,81.4,12081,1.514,11645,1.456,11585,1.444,11717,1.456
2026-07-30T18:58:00,23.0,82.9,12156,1.511,11716,1.456,11633,1.45,11724,1.467
2026-07-30T19:13:01,22.8,86.3,12156,1.512,11697,1.459,11612,1.453,11706,1.47
2026-07-30T19:28:01,22.8,84.9,12112,1.516,11695,1.458,11657,1.448,11775,1.462
2026-07-30T19:43:01,22.4,85.7,12119,1.518,11648,1.463,11586,1.454,11725,1.466
2026-07-30T19:58:02,22.4,87.6,12164,1.514,11701,1.46,11618,1.456,11714,1.471
2026-07-30T20:13:02,22.2,88.9,11461,1.437,10701,1.338,11263,1.401,11050,1.371
2026-07-30T20:28:02,21.6,94.2,11037,1.371,10754,1.341,11277,1.413,11097,1.394
2026-07-30T20:43:03,21.5,96.0,11177,1.404,10996,1.38,11312,1.413,11190,1.391
2026-07-30T20:58:03,21.4,96.1,11321,1.409,11111,1.389,11314,1.421,11157,1.403
2026-07-30T21:13:03,21.5,96.8,11316,1.421,11121,1.395,11347,1.416,11227,1.397
2026-07-30T21:28:04,21.5,96.6,11356,1.421,11177,1.393,11381,1.413,11252,1.397
2026-07-30T21:43:04,21.6,96.8,11385,1.428,11156,1.402,11337,1.42,11228,1.402
2026-07-30T21:58:05,21.4,96.2,11412,1.43,11169,1.404,11335,1.421,11231,1.404
2026-07-30T22:13:05,21.6,96.7,11425,1.429,11224,1.398,11396,1.415,11278,1.4
2026-07-30T22:28:05,21.5,96.5,11423,1.433,11213,1.401,11382,1.417,11282,1.401
2026-07-30T22:43:06,21.4,96.2,11471,1.434,11213,1.408,11340,1.425,11240,1.408
2026-07-30T22:58:06,21.4,96.3,11469,1.438,11212,1.409,11358,1.423,11266,1.407
2026-07-30T23:13:06,21.4,96.5,11463,1.438,11246,1.406,11398,1.419,11304,1.404
2026-07-30T23:28:07,21.3,96.7,11535,1.432,11290,1.405,11391,1.424,11265,1.412
2026-07-30T23:43:07,21.2,96.5,11498,1.438,11285,1.406,11429,1.419,11325,1.407
2026-07-30T23:58:07,21.2,96.8,11485,1.442,11262,1.41,11404,1.421,11319,1.407
2026-07-31T00:13:08,20.9,96.0,11509,1.44,11297,1.408,11437,1.419,11339,1.408
2026-07-31T00:28:08,20.8,95.8,11559,1.435,11327,1.408,11416,1.426,11296,1.415
2026-07-31T00:43:09,20.9,96.8,11522,1.441,11315,1.41,11446,1.421,11352,1.409
2026-07-31T00:58:09,21.0,97.0,11513,1.446,11283,1.416,11413,1.425,11335,1.412
2026-07-31T01:13:09,20.9,96.8,11582,1.439,11335,1.413,11411,1.429,11300,1.419
2026-07-31T01:28:10,20.8,96.7,11591,1.439,11360,1.411,11437,1.427,11326,1.418
2026-07-31T01:43:10,20.8,96.8,11556,1.447,11295,1.42,11395,1.43,11322,1.416
2026-07-31T01:58:10,20.6,96.6,11599,1.44,11363,1.413,11436,1.428,11327,1.419
2026-07-31T02:13:11,20.5,96.4,11550,1.447,11340,1.415,11457,1.424,11381,1.412
2026-07-31T02:28:11,20.7,96.8,11593,1.442,11383,1.412,11462,1.426,11354,1.418
2026-07-31T02:43:12,20.6,96.7,11596,1.446,11342,1.419,11407,1.433,11312,1.421
2026-07-31T02:58:12,20.4,96.1,11592,1.445,11385,1.413,11478,1.425,11373,1.417
2026-07-31T03:13:12,20.5,96.8,11578,1.451,11325,1.423,11417,1.432,11345,1.418
2026-07-31T03:28:13,20.3,96.7,11585,1.448,11378,1.417,11490,1.425,11394,1.416
2026-07-31T03:43:13,20.2,96.7,11595,1.452,11338,1.425,11419,1.434,11349,1.42
2026-07-31T03:58:13,20.1,96.9,11641,1.448,11386,1.421,11445,1.435,11338,1.425
2026-07-31T04:13:14,20.0,96.8,11638,1.447,11421,1.417,11475,1.432,11366,1.423
2026-07-31T04:28:14,20.0,96.9,11602,1.453,11385,1.421,11491,1.428,11415,1.416
2026-07-31T04:43:14,20.0,96.8,11603,1.457,11352,1.426,11453,1.432,11385,1.419
2026-07-31T04:58:15,20.0,97.0,11663,1.449,11427,1.419,11484,1.433,11376,1.424
2026-07-31T05:13:15,20.0,97.2,11630,1.457,11365,1.429,11442,1.436,11375,1.423
2026-07-31T05:28:16,19.9,96.9,11675,1.45,11438,1.421,11495,1.434,11384,1.425
2026-07-31T05:43:16,19.8,97.1,11617,1.459,11374,1.427,11473,1.433,11408,1.42
2026-07-31T05:58:16,19.8,96.8,11685,1.452,11428,1.423,11478,1.436,11375,1.428
2026-07-31T06:13:17,19.7,96.8,11635,1.461,11380,1.429,11474,1.435,11412,1.422
2026-07-31T06:28:17,19.7,97.0,11693,1.452,11447,1.423,11495,1.435,11390,1.427
2026-07-31T06:43:17,19.9,97.3,11633,1.46,11398,1.427,11494,1.433,11432,1.42
2026-07-31T06:58:18,20.1,97.5,11660,1.458,11378,1.43,11449,1.437,11389,1.424
2026-07-31T07:13:18,20.5,97.5,11657,1.46,11382,1.431,11452,1.437,11395,1.424
2026-07-31T07:28:19,20.9,97.5,11637,1.461,11384,1.428,11475,1.433,11418,1.421
2026-07-31T07:43:19,21.3,97.6,11650,1.46,11375,1.43,11447,1.435,11394,1.423
2026-07-31T07:58:19,21.6,97.4,11632,1.46,11380,1.427,11468,1.432,11410,1.42
2026-07-31T08:13:20,22.1,96.8,11689,1.455,11411,1.425,11453,1.437,11366,1.427
2026-07-31T08:28:20,22.7,96.5,11642,1.461,11370,1.428,11449,1.433,11407,1.423
2026-07-31T08:43:20,23.2,92.2,11684,1.459,11392,1.428,11434,1.437,11383,1.428
2026-07-31T08:58:21,23.4,91.0,11694,1.46,11419,1.421,11504,1.428,11442,1.424
2026-07-31T09:13:21,24.4,89.1,11709,1.458,11437,1.42,11489,1.43,11429,1.427
2026-07-31T09:28:21,25.2,86.3,11671,1.464,11388,1.426,11469,1.43,11455,1.424
2026-07-31T09:43:22,25.9,86.0,11697,1.463,11381,1.428,11429,1.435,11416,1.429
2026-07-31T09:58:22,26.2,80.0,11728,1.459,11441,1.421,11486,1.432,11449,1.431
2026-07-31T10:13:23,26.5,80.4,11701,1.462,11421,1.423,11504,1.428,11488,1.429
2026-07-31T10:28:23,26.6,77.6,11724,1.46,11440,1.421,11491,1.431,11474,1.433
2026-07-31T10:43:23,27.1,77.5,11703,1.464,11386,1.429,11437,1.435,11472,1.435
2026-07-31T10:58:24,27.6,72.4,11697,1.463,11413,1.424,11495,1.429,11513,1.433
2026-07-31T11:13:24,27.7,74.0,11685,1.455,11426,1.425,11468,1.435,11482,1.441
2026-07-31T11:28:24,28.4,72.2,11669,1.453,11446,1.422,11501,1.433,11522,1.44
2026-07-31T11:43:25,29.0,69.0,11625,1.456,11413,1.426,11500,1.432,11554,1.436
2026-07-31T11:58:25,26.9,74.1,11674,1.453,11438,1.427,11485,1.438,11521,1.445
2026-07-31T12:13:25,27.1,68.7,11682,1.458,11454,1.425,11537,1.433,11598,1.445
2026-07-31T12:28:26,29.4,68.6,11744,1.465,11425,1.429,11481,1.441,11551,1.449
2026-07-31T12:43:26,28.5,73.0,11746,1.47,11416,1.433,11489,1.441,11590,1.45
2026-07-31T12:58:27,29.6,63.1,11738,1.472,11424,1.433,11509,1.439,11608,1.447
2026-07-31T13:13:27,27.8,70.8,11779,1.471,11446,1.433,11501,1.444,11596,1.454
2026-07-31T13:28:27,29.3,67.4,11819,1.47,11484,1.43,11544,1.442,11643,1.458
2026-07-31T13:43:28,30.1,64.1,11839,1.474,11466,1.431,11506,1.443,11625,1.458
2026-07-31T13:58:28,29.5,65.1,11835,1.476,11455,1.432,11507,1.443,11632,1.459
2026-07-31T14:13:28,29.2,62.3,11806,1.478,11469,1.432,11545,1.437,11685,1.452
2026-07-31T14:28:29,26.7,66.9,11788,1.476,11488,1.434,11559,1.438,11703,1.454
2026-07-31T14:43:29,26.6,67.0,11839,1.472,11527,1.434,11556,1.442,11680,1.462
2026-07-31T14:58:30,26.4,67.3,11803,1.467,11531,1.435,11565,1.444,11685,1.464
2026-07-31T15:13:30,26.1,69.5,11819,1.47,11538,1.436,11570,1.445,11698,1.465
2026-07-31T15:28:30,25.9,72.3,11834,1.472,11550,1.436,11582,1.445,11718,1.466
2026-07-31T15:43:31,26.2,72.4,11809,1.479,11489,1.443,11540,1.447,11732,1.466
2026-07-31T15:58:31,27.1,66.4,11818,1.477,11532,1.437,11599,1.441,11781,1.465
2026-07-31T16:13:31,27.1,65.5,11839,1.477,11519,1.441,11546,1.45,11731,1.472
2026-07-31T16:28:32,26.8,69.1,11850,1.474,11551,1.437,11582,1.446,11771,1.474
2026-07-31T16:43:32,26.9,66.3,11850,1.477,11558,1.436,11617,1.444,11835,1.476
2026-07-31T16:58:32,26.9,67.4,11856,1.478,11554,1.436,11617,1.444,11841,1.477
2026-07-31T17:13:33,27.6,66.3,11848,1.484,11507,1.445,11562,1.449,11822,1.476
2026-07-31T17:28:33,28.0,65.4,11871,1.483,11534,1.445,11556,1.451,11800,1.479
2026-07-31T17:43:34,27.8,61.8,11849,1.484,11524,1.447,11562,1.45,11828,1.478
2026-07-31T17:58:34,26.8,67.0,11863,1.483,11529,1.446,11558,1.452,11825,1.481
2026-07-31T18:13:34,26.2,68.4,11885,1.479,11557,1.442,11587,1.451,11835,1.485
2026-07-31T18:28:35,25.9,69.5,11874,1.489,11549,1.449,11623,1.454,11907,1.485
2026-07-31T18:43:35,25.6,72.3,11904,1.486,11565,1.449,11608,1.458,11883,1.49
2026-07-31T18:58:35,25.2,70.2,11902,1.49,11556,1.451,11620,1.458,11917,1.489
2026-07-31T19:13:36,25.0,74.8,11914,1.494,11560,1.45,11638,1.455,11942,1.488
2026-07-31T19:28:36,24.7,76.2,11970,1.493,11586,1.45,11624,1.46,11912,1.495
2026-07-31T19:43:36,24.7,75.8,11953,1.494,11603,1.446,11685,1.451,11978,1.489
2026-07-31T19:58:37,24.6,79.5,11967,1.494,11614,1.445,11698,1.452,11982,1.491
2026-07-31T20:13:37,24.4,83.2,11941,1.498,11537,1.448,11032,1.381,11084,1.383
2026-07-31T20:28:38,23.3,89.6,11995,1.497,11603,1.444,11210,1.391,11207,1.392
2026-07-31T20:43:38,23.1,90.7,11998,1.503,11557,1.452,11191,1.404,11195,1.401
2026-07-31T20:58:38,23.0,91.4,12030,1.496,11620,1.443,11255,1.402,11218,1.402
2026-07-31T21:13:39,23.0,91.5,12045,1.498,11613,1.447,11269,1.409,11229,1.408
2026-07-31T21:28:41,23.0,90.7,12047,1.498,11637,1.445,11327,1.41,11280,1.409
2026-07-31T21:43:42,23.0,90.6,12005,1.504,11597,1.448,11323,1.408,11310,1.403
2026-07-31T21:58:42,23.0,90.0,12033,1.501,11627,1.445,11359,1.409,11313,1.408
2026-07-31T22:13:42,23.1,88.6,12027,1.501,11620,1.445,11364,1.41,11320,1.407
2026-07-31T22:28:43,23.1,89.3,12016,1.506,11570,1.453,11314,1.419,11293,1.411
2026-07-31T22:43:43,23.1,88.5,12002,1.501,11587,1.444,11328,1.407,11296,1.402
2026-07-31T22:58:44,23.1,86.9,11987,1.504,11555,1.448,11300,1.411,11278,1.404
2026-07-31T23:13:44,23.0,88.7,11989,1.504,11556,1.448,11312,1.413,11287,1.405
2026-07-31T23:28:44,23.2,89.6,12047,1.498,11599,1.445,11314,1.415,11257,1.412
2026-07-31T23:43:45,23.2,91.0,12051,1.498,11605,1.445,11330,1.416,11268,1.413
2026-07-31T23:58:45,23.2,91.8,12039,1.499,11578,1.447,11312,1.419,11251,1.414
2026-08-01T00:13:45,23.2,92.4,12012,1.502,11590,1.444,11372,1.412,11327,1.407
2026-08-01T00:28:46,23.2,92.6,12028,1.5,11606,1.442,11381,1.413,11317,1.409
2026-08-01T00:43:46,23.1,93.4,12037,1.499,11614,1.442,11380,1.414,11316,1.411
2026-08-01T00:58:46,23.1,93.3,12013,1.503,11587,1.445,11383,1.413,11343,1.409
2026-08-01T01:13:47,23.1,94.0,12036,1.502,11570,1.449,11327,1.423,11279,1.416
2026-08-01T01:28:47,23.1,93.9,12039,1.503,11571,1.45,11333,1.424,11288,1.417
2026-08-01T01:43:48,23.0,93.7,12017,1.505,11547,1.451,11337,1.423,11310,1.414
2026-08-01T01:58:48,22.9,94.4,12044,1.504,11563,1.451,11336,1.425,11299,1.417
2026-08-01T02:13:48,22.7,94.3,12057,1.499,11620,1.443,11395,1.42,11328,1.416
2026-08-01T02:28:49,22.7,94.1,12044,1.504,11574,1.451,11348,1.427,11306,1.419
2026-08-01T02:43:49,22.8,93.9,12063,1.499,11619,1.444,11398,1.421,11330,1.418
2026-08-01T02:58:49,22.7,94.5,12046,1.501,11618,1.443,11420,1.419,11352,1.415
2026-08-01T03:13:50,22.5,94.6,12007,1.505,11575,1.447,11398,1.419,11370,1.412
2026-08-01T03:28:50,22.5,94.8,12065,1.499,11615,1.445,11399,1.423,11332,1.419
2026-08-01T03:43:50,22.3,94.9,12067,1.501,11603,1.448,11387,1.426,11321,1.422
2026-08-01T03:58:51,22.3,95.1,12045,1.502,11622,1.444,11440,1.42,11373,1.417
2026-08-01T04:13:51,22.3,94.8,12056,1.502,11594,1.45,11380,1.429,11320,1.423
2026-08-01T04:28:52,22.1,94.8,12019,1.506,11560,1.453,11376,1.427,11349,1.418
2026-08-01T04:43:52,22.1,94.8,12049,1.501,11632,1.444,11445,1.422,11376,1.419
2026-08-01T04:58:52,22.0,95.4,12016,1.504,11599,1.448,11434,1.422,11400,1.415
2026-08-01T05:13:53,21.8,95.0,12017,1.505,11605,1.449,11448,1.423,11414,1.417
2026-08-01T05:28:53,21.7,94.8,12068,1.5,11631,1.448,11433,1.429,11366,1.425
2026-08-01T05:43:53,21.6,94.9,12070,1.502,11621,1.451,11421,1.432,11358,1.427
2026-08-01T05:58:54,21.6,95.1,12062,1.5,11648,1.446,11457,1.426,11387,1.423
2026-08-01T06:13:54,21.6,95.0,12024,1.507,11573,1.454,11404,1.43,11383,1.421
2026-08-01T06:28:55,21.6,95.7,12037,1.502,11624,1.446,11469,1.423,11416,1.42
2026-08-01T06:43:55,21.7,95.3,12014,1.507,11599,1.451,11444,1.426,11421,1.418
2026-08-01T06:58:55,22.0,95.7,12061,1.504,11606,1.453,11406,1.433,11361,1.427
2026-08-01T07:13:56,22.3,95.1,12025,1.505,11609,1.449,11455,1.424,11431,1.419
2026-08-01T07:28:56,22.6,95.0,12044,1.502,11624,1.445,11461,1.422,11412,1.421
2026-08-01T07:43:56,23.0,94.0,12026,1.506,11605,1.449,11452,1.424,11433,1.419
2026-08-01T07:58:57,23.4,92.7,12015,1.507,11589,1.45,11434,1.425,11434,1.419
2026-08-01T08:13:57,23.8,92.0,12025,1.508,11568,1.453,11407,1.429,11405,1.423
2026-08-01T08:28:57,24.5,91.2,12073,1.503,11611,1.449,11416,1.43,11379,1.429
2026-08-01T08:43:58,24.8,89.2,12092,1.506,11614,1.45,11422,1.431,11398,1.431
2026-08-01T08:58:58,25.4,82.1,12073,1.514,11583,1.45,11437,1.426,11456,1.424
2026-08-01T09:13:59,26.4,78.5,12096,1.516,11596,1.45,11442,1.426,11473,1.426
2026-08-01T09:28:59,27.1,78.3,12094,1.516,11580,1.452,11419,1.428,11461,1.429
2026-08-01T09:43:59,27.7,76.1,12121,1.51,11607,1.45,11410,1.43,11431,1.435
2026-08-01T09:59:00,28.2,74.5,12068,1.513,11581,1.451,11420,1.426,11485,1.43
2026-08-01T10:14:00,28.4,73.5,12095,1.51,11625,1.448,11467,1.424,11517,1.433
2026-08-01T10:29:00,28.1,79.7,12122,1.513,11613,1.454,11413,1.433,11481,1.44
2026-08-01T10:44:01,28.3,76.4,12140,1.511,11659,1.449,11459,1.43,11525,1.442
2026-08-01T10:59:01,28.4,76.9,12135,1.512,11659,1.449,11474,1.428,11550,1.442
2026-08-01T11:14:01,28.8,72.9,12096,1.508,11665,1.45,11487,1.428,11569,1.443
2026-08-01T11:29:02,29.1,73.4,12086,1.507,11664,1.451,11491,1.428,11591,1.445
2026-08-01T11:44:02,29.5,70.7,12089,1.509,11663,1.452,11499,1.429,11607,1.446
2026-08-01T11:59:03,30.2,68.1,12100,1.516,11617,1.457,11449,1.433,11608,1.448
2026-08-01T12:14:03,30.3,65.9,12104,1.517,11625,1.458,11462,1.434,11634,1.451
2026-08-01T12:29:03,29.6,67.3,12120,1.519,11636,1.46,11470,1.435,11650,1.453
2026-08-01T12:44:04,28.9,69.1,12125,1.52,11651,1.459,11490,1.435,11684,1.455
2026-08-01T12:59:04,30.0,66.9,12176,1.525,11656,1.462,11486,1.438,11681,1.458
2026-08-01T13:14:04,31.2,60.5,12223,1.527,11669,1.461,11475,1.44,11674,1.462
2026-08-01T13:29:05,31.5,58.3,12263,1.526,11708,1.459,11508,1.438,11710,1.467
2026-08-01T13:44:05,31.3,57.4,12236,1.532,11699,1.461,11524,1.436,11766,1.464
2026-08-01T13:59:06,30.8,57.0,12276,1.53,11738,1.46,11543,1.435,11776,1.469
2026-08-01T14:14:06,31.4,59.1,12283,1.535,11708,1.467,11490,1.442,11767,1.473
2026-08-01T14:29:06,31.3,58.0,12293,1.536,11742,1.464,11527,1.433,11816,1.471
2026-08-01T14:44:07,31.4,60.9,12335,1.535,11763,1.464,11530,1.439,11806,1.478
2026-08-01T14:59:07,31.8,61.4,12349,1.536,11769,1.465,11545,1.441,11834,1.481
2026-08-01T15:14:07,31.1,59.5,12352,1.54,11778,1.465,11571,1.439,11868,1.481
2026-08-01T15:29:08,30.0,54.9,12351,1.541,11775,1.466,11577,1.438,11886,1.481
2026-08-01T15:44:08,28.7,63.8,12350,1.543,11787,1.469,11593,1.44,11914,1.482
2026-08-01T15:59:08,27.7,60.3,12364,1.548,11754,1.475,11542,1.447,11899,1.486
2026-08-01T16:14:09,27.7,60.7,12377,1.546,11791,1.47,11597,1.441,11952,1.487
2026-08-01T16:29:11,27.7,64.2,12396,1.549,11771,1.475,11545,1.45,11929,1.494
2026-08-01T16:44:12,27.7,64.0,12376,1.549,11786,1.472,11599,1.444,12000,1.492
2026-08-01T16:59:12,27.5,63.9,12415,1.55,11784,1.476,11565,1.452,11970,1.501
2026-08-01T17:14:13,27.4,66.4,12409,1.549,11790,1.475,11572,1.453,11981,1.503
2026-08-01T17:29:13,26.7,71.2,12411,1.546,11828,1.47,11628,1.448,12024,1.503
2026-08-01T17:44:13,26.6,71.0,12398,1.547,11822,1.471,11638,1.445,12063,1.502
2026-08-01T17:59:14,26.4,69.8,12427,1.545,11835,1.473,11619,1.451,12050,1.509
2026-08-01T18:14:14,26.3,71.1,12363,1.55,11793,1.476,11615,1.449,12092,1.504
2026-08-01T18:29:14,26.2,73.8,12376,1.549,11818,1.475,11641,1.448,12122,1.506
2026-08-01T18:44:15,26.0,78.4,12397,1.543,11853,1.473,11649,1.45,12106,1.513
2026-08-01T18:59:15,25.9,79.2,12334,1.547,11802,1.478,11626,1.451,12131,1.51
2026-08-01T19:14:15,25.6,78.8,12360,1.541,11862,1.474,11672,1.45,12144,1.515
2026-08-01T19:29:16,25.3,77.7,12350,1.549,11817,1.479,11643,1.453,12163,1.513
2026-08-01T19:44:16,25.1,80.7,12438,1.548,11851,1.478,11640,1.457,12129,1.522
2026-08-01T19:59:17,24.9,81.6,12399,1.554,11809,1.482,11629,1.456,12162,1.517
2026-08-01T20:14:17,24.8,81.9,12480,1.554,11847,1.482,11108,1.395,11280,1.417
2026-08-01T20:29:17,23.8,91.3,12507,1.554,11864,1.477,11218,1.401,11320,1.418
2026-08-01T20:44:18,23.8,93.2,12466,1.56,11848,1.478,11276,1.401,11391,1.413
2026-08-01T20:59:18,23.8,93.2,12485,1.557,11866,1.475,11311,1.403,11388,1.417
2026-08-01T21:14:18,23.8,93.8,12493,1.554,11865,1.473,11273,1.403,11345,1.417
2026-08-01T21:29:19,23.9,93.2,12507,1.556,11847,1.478,11259,1.409,11327,1.422
2026-08-01T21:44:19,23.9,93.7,12500,1.557,11835,1.479,11256,1.412,11324,1.423
2026-08-01T21:59:20,23.9,93.7,12463,1.558,11836,1.475,11309,1.404,11399,1.415
2026-08-01T22:14:20,23.9,94.0,12501,1.555,11864,1.474,11307,1.409,11370,1.421
2026-08-01T22:29:20,24.0,93.9,12493,1.554,11859,1.473,11308,1.408,11368,1.42
2026-08-01T22:44:21,24.1,93.7,12445,1.561,11807,1.479,11292,1.41,11386,1.417
2026-08-01T22:59:21,24.1,93.9,12497,1.554,11849,1.475,11302,1.412,11358,1.423
2026-08-01T23:14:21,24.1,93.9,12447,1.561,11812,1.478,11308,1.41,11401,1.418
2026-08-01T23:29:22,24.1,93.2,12479,1.557,11850,1.474,11350,1.408,11415,1.419
2026-08-01T23:44:22,24.1,93.2,12465,1.559,11838,1.476,11348,1.409,11425,1.419
2026-08-01T23:59:22,24.1,93.0,12509,1.555,11863,1.476,11331,1.415,11384,1.426
2026-08-02T00:14:25,24.0,93.2,12471,1.558,11844,1.475,11360,1.41,11429,1.421
2026-08-02T00:29:25,24.0,93.2,12462,1.56,11834,1.477,11352,1.412,11442,1.42
2026-08-02T00:44:26,24.0,93.0,12493,1.56,11821,1.481,11303,1.42,11377,1.428
2026-08-02T00:59:26,24.0,93.6,12511,1.558,11839,1.479,11325,1.42,11383,1.43
2026-08-02T01:14:27,24.0,93.8,12493,1.562,11818,1.483,11313,1.422,11402,1.428
2026-08-02T01:29:27,24.0,93.5,12500,1.561,11826,1.482,11321,1.423,11396,1.43
2026-08-02T01:44:27,24.1,93.7,12510,1.559,11835,1.479,11330,1.421,11388,1.431
2026-08-02T01:59:28,24.1,93.8,12509,1.56,11833,1.481,11332,1.423,11395,1.431
2026-08-02T02:14:28,24.2,93.7,12514,1.557,11874,1.475,11384,1.418,11433,1.429
2026-08-02T02:29:28,24.2,93.4,12500,1.559,11867,1.475,11403,1.415,11458,1.427
2026-08-02T02:44:29,24.2,93.5,12469,1.564,11811,1.482,11352,1.42,11446,1.426
2026-08-02T02:59:29,24.2,93.4,12463,1.564,11813,1.481,11360,1.419,11452,1.426
2026-08-02T03:14:29,24.2,93.5,12495,1.559,11865,1.475,11407,1.416,11465,1.428
2026-08-02T03:29:30,24.2,93.6,12526,1.557,11873,1.477,11382,1.421,11436,1.432
2026-08-02T03:44:30,24.1,93.5,12500,1.563,11815,1.484,11339,1.424,11431,1.431
2026-08-02T03:59:31,24.0,93.8,12530,1.557,11867,1.477,11381,1.422,11434,1.433
2026-08-02T04:14:31,23.9,94.4,12469,1.565,11822,1.48,11381,1.42,11475,1.427
2026-08-02T04:29:31,23.9,94.2,12480,1.563,11845,1.478,11405,1.418,11495,1.427
2026-08-02T04:44:32,23.9,94.1,12492,1.566,11816,1.484,11367,1.425,11464,1.431
2026-08-02T04:59:34,23.8,94.4,12538,1.558,11873,1.478,11395,1.424,11440,1.437
2026-08-02T05:14:35,23.8,94.4,12511,1.563,11833,1.484,11360,1.428,11448,1.435
2026-08-02T05:29:35,23.9,93.7,12524,1.561,11889,1.476,11440,1.421,11499,1.434
2026-08-02T05:44:35,23.8,93.3,12488,1.567,11825,1.484,11390,1.425,11490,1.432
2026-08-02T05:59:36,23.8,93.1,12504,1.564,11868,1.479,11440,1.42,11524,1.431
2026-08-02T06:14:36,23.9,93.0,12488,1.565,11854,1.48,11428,1.422,11525,1.431
2026-08-02T06:29:36,23.9,92.4,12509,1.564,11830,1.485,11374,1.429,11471,1.436
2026-08-02T06:44:37,23.9,92.6,12532,1.562,11854,1.483,11393,1.43,11461,1.44
2026-08-02T06:59:37,23.9,92.9,12505,1.564,11826,1.484,11368,1.429,11467,1.437
2026-08-02T07:14:38,24.0,91.0,12484,1.566,11843,1.481,11429,1.424,11531,1.432
2026-08-02T07:29:38,24.1,90.7,12544,1.561,11868,1.481,11409,1.428,11479,1.441
2026-08-02T07:44:38,24.2,90.1,12536,1.563,11856,1.483,11387,1.431,11480,1.44
2026-08-02T07:59:39,24.3,89.9,12494,1.567,11826,1.484,11405,1.426,11518,1.436
2026-08-02T08:14:39,24.5,90.0,12543,1.564,11859,1.483,11401,1.431,11485,1.443
2026-08-02T08:29:39,24.7,87.6,12515,1.567,11827,1.485,11392,1.429,11518,1.438
2026-08-02T08:44:40,25.0,88.9,12516,1.566,11864,1.48,11445,1.423,11564,1.436
2026-08-02T08:59:40,25.4,85.8,12523,1.57,11833,1.486,11404,1.428,11540,1.44
2026-08-02T09:14:41,25.6,84.4,12570,1.563,11890,1.481,11430,1.429,11532,1.446
2026-08-02T09:29:41,25.4,84.7,12519,1.569,11862,1.483,11442,1.425,11589,1.44
2026-08-02T09:44:41,25.4,87.1,12555,1.568,11859,1.486,11397,1.432,11544,1.447
2026-08-02T09:59:42,26.0,86.6,12571,1.565,11911,1.48,11464,1.427,11590,1.448
2026-08-02T10:14:42,25.7,86.1,12573,1.567,11916,1.48,11476,1.427,11609,1.449
2026-08-02T10:29:42,25.7,84.1,12561,1.571,11857,1.488,11420,1.432,11603,1.45
2026-08-02T10:44:43,25.4,84.4,12544,1.574,11866,1.488,11446,1.43,11634,1.449
2026-08-02T10:59:43,25.4,85.1,12593,1.571,11893,1.488,11433,1.436,11603,1.457
2026-08-02T11:14:43,25.7,85.1,12559,1.575,11879,1.487,11459,1.43,11664,1.452
2026-08-02T11:29:44,26.2,85.1,12593,1.571,11925,1.483,11500,1.428,11679,1.455
2026-08-02T11:44:44,26.1,82.7,12618,1.572,11911,1.488,11427,1.433,11643,1.462
2026-08-02T11:59:45,26.3,85.4,12575,1.577,11894,1.489,11444,1.428,11709,1.457
2026-08-02T12:14:45,25.9,83.9,12657,1.574,11951,1.487,11473,1.432,11706,1.466
2026-08-02T12:29:45,27.2,80.9,12601,1.57,11930,1.491,11457,1.436,11706,1.469
2026-08-02T12:44:46,27.9,74.9,12591,1.57,11957,1.486,11501,1.429,11751,1.465
2026-08-02T12:59:46,27.4,77.4,12574,1.565,11953,1.491,11491,1.438,11746,1.473
2026-08-02T13:14:46,28.5,78.6,12583,1.565,11969,1.49,11509,1.437,11780,1.475
2026-08-02T13:29:47,28.8,73.3,12611,1.571,11988,1.49,11524,1.434,11814,1.476
2026-08-02T13:44:47,29.4,72.0,12577,1.577,11932,1.495,11485,1.435,11819,1.472
2026-08-02T13:59:48,28.0,72.8,12629,1.576,11958,1.497,11472,1.441,11808,1.481
2026-08-02T14:14:48,28.9,74.5,12609,1.581,11949,1.498,11487,1.436,11866,1.479
2026-08-02T14:29:48,29.0,72.3,12627,1.578,11987,1.494,11519,1.431,11904,1.483
2026-08-02T14:44:49,29.9,71.1,12647,1.58,11971,1.5,11444,1.437,11861,1.485
2026-08-02T14:59:49,29.9,69.4,12678,1.581,11998,1.5,11460,1.437,11884,1.491
2026-08-02T15:14:49,30.5,68.8,12661,1.583,12012,1.498,11524,1.433,11969,1.489
2026-08-02T15:29:50,29.9,66.4,12690,1.582,12011,1.501,11490,1.441,11918,1.495
2026-08-02T15:44:50,28.3,72.7,12676,1.588,11994,1.505,11496,1.441,11953,1.492
2026-08-02T15:59:50,27.6,72.3,12696,1.58,12056,1.499,11541,1.439,11966,1.497
2026-08-02T16:14:51,27.0,76.8,12658,1.587,12018,1.505,11531,1.44,12007,1.495
2026-08-02T16:29:51,27.1,78.2,12657,1.587,12018,1.505,11535,1.44,12025,1.497
2026-08-02T16:44:52,27.1,78.0,12683,1.584,12061,1.503,11587,1.439,12064,1.5
2026-08-02T16:59:52,26.5,80.3,12692,1.584,12072,1.502,11590,1.439,12070,1.503
2026-08-02T17:14:52,26.7,82.9,12688,1.587,12064,1.504,11587,1.44,12096,1.503
2026-08-02T17:29:53,26.3,82.7,12738,1.584,12091,1.507,11599,1.45,12077,1.514
2026-08-02T17:44:53,26.1,84.1,12703,1.588,12089,1.507,11634,1.445,12144,1.51
2026-08-02T17:59:53,25.8,84.8,12711,1.588,12065,1.512,11569,1.454,12095,1.516
2026-08-02T18:14:54,25.5,86.2,12716,1.589,12075,1.514,11593,1.457,12125,1.519
2026-08-02T18:29:54,25.5,86.2,12724,1.585,12117,1.506,11649,1.448,12152,1.517
2026-08-02T18:44:54,25.3,87.3,12710,1.592,12066,1.514,11603,1.455,12154,1.518
2026-08-02T18:59:55,25.3,86.8,12709,1.592,12067,1.515,11605,1.455,12164,1.519
2026-08-02T19:14:55,25.2,87.3,12730,1.587,12124,1.507,11669,1.449,12189,1.52
2026-08-02T19:29:56,25.3,88.0,12763,1.589,12110,1.511,11626,1.456,12151,1.525
2026-08-02T19:44:56,25.2,87.6,12753,1.592,12092,1.514,11610,1.459,12153,1.524
2026-08-02T19:59:56,25.2,88.1,12774,1.592,12100,1.513,11621,1.458,12152,1.526
2026-08-02T20:14:57,25.0,89.1,10793,1.348,10642,1.325,11093,1.377,11252,1.399
2026-08-02T20:29:57,24.2,95.4,10861,1.355,10683,1.327,11129,1.382,11240,1.399
2026-08-02T20:44:57,24.1,96.8,11186,1.389,11013,1.373,11128,1.394,11217,1.409
2026-08-02T20:59:58,24.1,97.3,11216,1.409,11041,1.383,11167,1.393,11277,1.403
2026-08-02T21:15:00,24.2,97.5,11309,1.409,11132,1.382,11211,1.393,11286,1.407
2026-08-02T21:30:01,24.2,97.4,11358,1.416,11121,1.393,11165,1.403,11253,1.414
2026-08-02T21:45:01,24.2,97.4,11336,1.423,11127,1.393,11210,1.397,11318,1.407
2026-08-02T22:00:01,24.2,97.0,11408,1.419,11198,1.391,11226,1.401,11294,1.414
2026-08-02T22:15:02,24.2,97.2,11419,1.419,11178,1.392,11191,1.4,11264,1.413
2026-08-02T22:30:02,24.4,97.7,11380,1.428,11137,1.398,11189,1.399,11292,1.408
2026-08-02T22:45:03,24.4,97.8,11385,1.428,11165,1.396,11214,1.397,11316,1.406
2026-08-02T23:00:03,24.5,97.7,11434,1.429,11177,1.402,11182,1.405,11273,1.414
2026-08-02T23:15:03,24.6,97.9,11434,1.427,11220,1.395,11257,1.397,11327,1.409
2026-08-02T23:30:04,24.7,97.9,11443,1.429,11228,1.397,11264,1.398,11335,1.409
2026-08-02T23:45:04,24.7,97.9,11459,1.429,11243,1.397,11262,1.399,11325,1.411
2026-08-03T00:00:04,24.7,97.9,11437,1.436,11195,1.405,11226,1.403,11324,1.411
2026-08-03T00:15:05,24.6,97.7,11477,1.434,11247,1.401,11277,1.399,11353,1.411
2026-08-03T00:30:05,24.6,97.4,11522,1.434,11246,1.405,11228,1.408,11289,1.419
2026-08-03T00:45:06,24.6,97.1,11538,1.438,11246,1.408,11225,1.41,11296,1.419
2026-08-03T01:00:06,24.6,96.8,11478,1.441,11227,1.408,11246,1.405,11346,1.413
2026-08-03T01:15:06,24.7,97.0,11514,1.436,11289,1.403,11295,1.402,11359,1.415
2026-08-03T01:30:07,24.7,97.1,11528,1.432,11290,1.406,11263,1.409,11325,1.421
2026-08-03T01:45:07,24.7,97.0,11503,1.431,11303,1.403,11285,1.404,11346,1.417
2026-08-03T02:00:07,24.9,96.5,11463,1.439,11254,1.41,11266,1.406,11378,1.413
2026-08-03T02:15:08,25.0,96.4,11470,1.436,11276,1.407,11279,1.401,11372,1.412
2026-08-03T02:30:08,24.8,97.6,11333,1.408,11226,1.399,11139,1.394,11243,1.411
2026-08-03T02:45:08,24.7,98.4,11200,1.406,11085,1.391,11084,1.385,11198,1.396
2026-08-03T03:00:09,24.7,98.8,11217,1.408,11091,1.389,11112,1.385,11200,1.392
2026-08-03T03:15:09,24.6,98.9,11310,1.411,11126,1.394,11100,1.395,11159,1.401
2026-08-03T03:30:10,24.4,98.4,11323,1.416,11166,1.391,11182,1.388,11242,1.396
2026-08-03T03:45:10,24.5,98.7,11391,1.416,11188,1.396,11151,1.397,11190,1.406
2026-08-03T04:00:10,24.5,98.8,11349,1.425,11164,1.4,11173,1.395,11241,1.4
2026-08-03T04:15:11,24.5,98.5,11373,1.425,11201,1.398,11207,1.393,11269,1.399
2026-08-03T04:30:11,24.6,98.6,11435,1.423,11216,1.401,11175,1.401,11210,1.409
2026-08-03T04:45:11,24.7,98.6,11416,1.418,11226,1.399,11161,1.4,11191,1.406
2026-08-03T05:00:12,24.7,98.7,11278,1.409,11160,1.389,11159,1.385,11211,1.393
2026-08-03T05:15:12,24.6,98.9,11179,1.404,11041,1.384,11080,1.383,11147,1.387
2026-08-03T05:30:13,24.6,99.0,11162,1.389,11011,1.366,11087,1.379,11089,1.383
2026-08-03T05:45:13,24.6,99.1,11203,1.403,11036,1.377,11140,1.384,11143,1.383
2026-08-03T06:00:13,24.4,99.2,11304,1.406,11120,1.38,11178,1.392,11141,1.392
2026-08-03T06:15:14,24.5,99.3,10969,1.376,10849,1.357,11000,1.369,10982,1.363
2026-08-03T06:30:14,24.2,99.2,11141,1.389,11010,1.367,11168,1.387,11081,1.38
2026-08-03T06:45:14,23.8,99.4,11212,1.407,11053,1.383,11233,1.399,11157,1.385
2026-08-03T07:00:15,23.4,99.4,11350,1.412,11147,1.392,11260,1.412,11137,1.399
2026-08-03T07:15:15,23.1,99.7,11362,1.421,11154,1.401,11264,1.415,11183,1.4
2026-08-03T07:30:15,23.3,99.6,11423,1.419,11206,1.4,11296,1.417,11179,1.405
2026-08-03T07:45:16,23.4,99.6,11409,1.423,11238,1.396,11354,1.409,11247,1.4
2026-08-03T08:00:16,23.7,99.6,11370,1.423,11212,1.398,11337,1.408,11260,1.398
2026-08-03T08:15:17,23.8,99.5,11411,1.426,11195,1.405,11276,1.417,11209,1.405
2026-08-03T08:30:17,24.0,99.6,11424,1.43,11202,1.407,11295,1.418,11231,1.405
2026-08-03T08:45:17,24.0,99.1,11182,1.389,11022,1.37,11152,1.392,11081,1.389
2026-08-03T09:00:18,23.3,99.0,11226,1.396,11039,1.378,11171,1.401,11087,1.393
2026-08-03T09:15:18,23.2,99.5,11328,1.409,11159,1.385,11286,1.405,11196,1.399
2026-08-03T09:30:18,23.5,99.6,11384,1.425,11168,1.403,11273,1.416,11213,1.404
2026-08-03T09:45:19,23.9,99.9,11422,1.428,11253,1.401,11378,1.411,11290,1.403
2026-08-03T10:00:19,24.0,99.9,11430,1.435,11245,1.408,11358,1.417,11296,1.404
2026-08-03T10:15:19,24.2,99.9,11513,1.431,11315,1.406,11377,1.42,11278,1.412
2026-08-03T10:30:20,24.4,99.9,11487,1.439,11259,1.415,11345,1.423,11282,1.41
2026-08-03T10:45:20,24.4,99.9,11286,1.412,11186,1.394,11296,1.402,11218,1.393
2026-08-03T11:00:21,23.4,99.7,11333,1.411,11195,1.389,11312,1.406,11229,1.401
2026-08-03T11:15:21,22.4,99.4,11381,1.424,11192,1.406,11297,1.419,11244,1.407
2026-08-03T11:30:21,22.7,99.5,11414,1.429,11221,1.411,11326,1.42,11284,1.408
2026-08-03T11:45:22,23.0,99.7,11418,1.434,11252,1.411,11375,1.42,11318,1.408
2026-08-03T12:00:22,23.2,99.6,11507,1.431,11306,1.411,11376,1.426,11282,1.418
2026-08-03T12:15:22,23.6,99.6,11520,1.431,11337,1.409,11406,1.423,11312,1.416
2026-08-03T12:30:23,23.8,99.5,11494,1.443,11291,1.418,11402,1.426,11356,1.415
2026-08-03T12:45:23,24.1,99.4,11571,1.438,11352,1.416,11414,1.43,11332,1.423
2026-08-03T13:00:24,24.4,99.4,11574,1.44,11350,1.417,11412,1.43,11336,1.424
2026-08-03T13:15:24,24.5,98.7,11578,1.44,11390,1.414,11460,1.427,11379,1.422
2026-08-03T13:30:24,24.3,97.8,11548,1.449,11348,1.421,11455,1.428,11417,1.419
2026-08-03T13:45:25,24.6,98.0,11615,1.443,11389,1.419,11445,1.432,11373,1.427
2026-08-03T14:00:25,24.7,97.5,11568,1.451,11336,1.424,11431,1.431,11403,1.422
2026-08-03T14:15:25,24.7,96.9,11609,1.45,11362,1.425,11412,1.433,11382,1.425
2026-08-03T14:30:26,24.9,97.2,11646,1.45,11385,1.422,11433,1.433,11374,1.429
2026-08-03T14:45:26,25.4,95.0,11668,1.45,11414,1.419,11464,1.431,11402,1.428
2026-08-03T15:00:26,25.6,94.8,11660,1.453,11384,1.423,11429,1.435,11380,1.429
2026-08-03T15:15:27,25.2,94.5,11652,1.451,11423,1.418,11481,1.429,11420,1.426
2026-08-03T15:30:27,25.1,95.2,11611,1.457,11363,1.426,11448,1.432,11428,1.424
2026-08-03T15:45:28,25.0,97.0,11631,1.456,11376,1.429,11434,1.435,11418,1.428
2026-08-03T16:00:28,25.6,95.6,11654,1.449,11417,1.422,11459,1.433,11406,1.431
2026-08-03T16:15:28,25.5,94.4,11614,1.454,11378,1.429,11436,1.435,11422,1.429
2026-08-03T16:30:29,25.5,95.2,11595,1.45,11408,1.423,11490,1.428,11471,1.425
2026-08-03T16:45:29,26.0,92.0,11637,1.447,11425,1.422,11471,1.433,11436,1.433
2026-08-03T17:00:29,26.6,88.1,11593,1.452,11402,1.423,11487,1.429,11484,1.427
2026-08-03T17:15:30,27.3,90.3,11628,1.45,11387,1.424,11415,1.432,11386,1.43
2026-08-03T17:30:30,27.4,85.8,11643,1.448,11420,1.421,11444,1.429,11411,1.429
2026-08-03T17:45:30,27.1,85.7,11612,1.452,11408,1.422,11473,1.425,11466,1.425
2026-08-03T18:00:31,26.2,88.0,11604,1.455,11369,1.427,11432,1.43,11449,1.427
2026-08-03T18:15:31,25.7,93.7,11630,1.454,11382,1.428,11416,1.434,11445,1.43
2026-08-03T18:30:34,25.8,93.2,11603,1.454,11389,1.424,11459,1.427,11481,1.427
2026-08-03T18:45:34,25.8,93.2,11626,1.455,11379,1.429,11424,1.433,11452,1.432
2026-08-03T19:00:35,25.1,86.5,11667,1.46,11421,1.434,11480,1.441,11508,1.439
2026-08-03T19:15:35,24.3,89.3,11702,1.454,11478,1.428,11515,1.438,11512,1.443
2026-08-03T19:30:35,23.7,89.9,11681,1.463,11433,1.436,11494,1.442,11534,1.442
2026-08-03T19:45:36,23.4,88.9,11717,1.456,11489,1.43,11526,1.44,11530,1.446
2026-08-03T20:00:36,23.1,88.4,11652,1.457,11451,1.427,11523,1.431,11553,1.435
2026-08-03T20:15:36,22.9,88.7,11665,1.451,11453,1.428,11045,1.383,10955,1.376
2026-08-03T20:30:37,21.6,94.1,11646,1.456,11429,1.434,11128,1.399,11061,1.387
2026-08-03T20:45:37,21.4,94.7,11642,1.458,11420,1.435,11181,1.403,11126,1.392
2026-08-03T21:00:38,21.4,95.2,11657,1.455,11474,1.427,11276,1.4,11195,1.394
2026-08-03T21:15:38,21.3,94.7,11686,1.452,11485,1.427,11269,1.406,11189,1.4
2026-08-03T21:30:38,21.2,94.6,11643,1.462,11436,1.434,11276,1.409,11234,1.399
2026-08-03T21:45:39,21.2,94.2,11704,1.46,11460,1.434,11264,1.415,11200,1.407
2026-08-03T22:00:39,21.2,95.6,11673,1.465,11445,1.433,11303,1.41,11264,1.401
2026-08-03T22:15:39,21.2,95.3,11742,1.459,11492,1.43,11312,1.414,11239,1.409
2026-08-03T22:30:40,20.9,93.7,11711,1.463,11483,1.429,11354,1.409,11300,1.404
2026-08-03T22:45:40,20.7,93.6,11708,1.465,11451,1.438,11293,1.419,11256,1.41
2026-08-03T23:00:40,20.6,93.9,11680,1.466,11451,1.435,11337,1.415,11306,1.406
2026-08-03T23:15:41,20.6,94.3,11680,1.462,11477,1.432,11361,1.412,11326,1.405
2026-08-03T23:30:41,20.6,95.2,11661,1.464,11458,1.436,11347,1.416,11320,1.408
2026-08-03T23:45:42,20.5,95.0,11663,1.464,11470,1.436,11364,1.416,11337,1.408
2026-08-04T00:00:42,20.5,95.7,11707,1.458,11525,1.43,11396,1.417,11328,1.414
2026-08-04T00:15:42,20.5,95.9,11690,1.462,11501,1.433,11403,1.415,11361,1.41
2026-08-04T00:30:43,20.4,95.5,11722,1.461,11497,1.437,11352,1.425,11295,1.42
2026-08-04T00:45:43,20.2,94.2,11726,1.457,11527,1.433,11388,1.421,11329,1.418
2026-08-04T01:00:43,20.3,95.9,11709,1.46,11492,1.438,11354,1.427,11306,1.419
2026-08-04T01:15:44,20.2,95.6,11655,1.461,11488,1.437,11401,1.419,11380,1.413
2026-08-04T01:30:44,20.0,95.4,11701,1.456,11511,1.437,11377,1.426,11322,1.423
2026-08-04T01:45:44,20.0,95.8,11705,1.455,11543,1.433,11417,1.423,11358,1.421
2026-08-04T02:00:45,20.0,96.3,11669,1.459,11517,1.435,11436,1.419,11405,1.416
2026-08-04T02:15:45,19.9,95.5,11700,1.459,11508,1.44,11384,1.43,11334,1.425
2026-08-04T02:30:46,19.8,95.5,11685,1.461,11491,1.442,11374,1.43,11349,1.423
2026-08-04T02:45:46,19.8,96.2,11697,1.458,11547,1.434,11458,1.423,11400,1.421
2026-08-04T03:00:46,19.8,96.3,11659,1.464,11491,1.44,11419,1.425,11402,1.418
2026-08-04T03:15:47,19.7,96.0,11725,1.458,11539,1.438,11418,1.429,11361,1.427
2026-08-04T03:30:47,19.6,95.9,11704,1.461,11510,1.442,11391,1.432,11355,1.426
2026-08-04T03:45:47,19.5,95.8,11704,1.459,11552,1.435,11467,1.425,11400,1.424
2026-08-04T04:00:48,19.6,96.5,11678,1.466,11498,1.443,11426,1.428,11414,1.422
2026-08-04T04:15:48,19.6,96.3,11704,1.461,11550,1.437,11480,1.424,11439,1.422
2026-08-04T04:30:49,19.4,96.2,11737,1.458,11564,1.438,11450,1.43,11394,1.428
2026-08-04T04:45:49,19.3,95.6,11729,1.458,11570,1.436,11464,1.428,11406,1.427
2026-08-04T05:00:49,19.2,95.3,11711,1.464,11516,1.445,11407,1.434,11392,1.428
2026-08-04T05:15:50,19.3,96.5,11709,1.463,11554,1.438,11492,1.425,11456,1.423
2026-08-04T05:30:50,19.3,96.7,11710,1.467,11513,1.447,11424,1.434,11416,1.428
2026-08-04T05:45:50,19.1,95.5,11754,1.46,11581,1.439,11472,1.431,11421,1.431
2026-08-04T06:00:51,18.9,94.3,11701,1.465,11542,1.44,11483,1.427,11468,1.423
2026-08-04T06:15:51,18.7,95.0,11733,1.463,11578,1.438,11507,1.428,11463,1.427
2026-08-04T06:30:51,18.7,95.1,11721,1.466,11563,1.44,11512,1.428,11476,1.427
2026-08-04T06:45:52,18.9,96.5,11713,1.47,11522,1.447,11462,1.434,11458,1.428
2026-08-04T07:00:52,19.0,96.3,11719,1.47,11522,1.448,11461,1.435,11456,1.429
2026-08-04T07:15:53,19.2,96.3,11708,1.469,11537,1.444,11482,1.431,11476,1.426
2026-08-04T07:30:53,19.5,96.4,11732,1.469,11525,1.448,11442,1.437,11442,1.431
2026-08-04T07:45:53,20.2,97.4,11706,1.47,11521,1.445,11464,1.432,11465,1.427
2026-08-04T08:00:54,20.7,96.9,11725,1.468,11514,1.447,11432,1.435,11434,1.43
2026-08-04T08:15:54,21.2,96.4,11756,1.462,11580,1.438,11487,1.431,11447,1.431
2026-08-04T08:30:54,21.8,94.6,11735,1.468,11518,1.446,11429,1.435,11449,1.429
2026-08-04T08:45:55,22.0,92.6,11771,1.466,11579,1.437,11499,1.429,11471,1.431
2026-08-04T09:00:55,22.6,86.4,11746,1.472,11506,1.445,11436,1.434,11460,1.431
2026-08-04T09:15:56,23.9,87.5,11714,1.468,11525,1.441,11463,1.427,11492,1.427
2026-08-04T09:30:56,24.9,85.6,11771,1.464,11554,1.439,11444,1.431,11444,1.435
2026-08-04T09:45:56,25.3,80.0,11728,1.471,11511,1.444,11444,1.43,11484,1.431
2026-08-04T10:00:57,25.5,81.0,11738,1.469,11539,1.44,11474,1.427,11516,1.431
2026-08-04T10:15:59,26.6,77.4,11747,1.473,11510,1.444,11442,1.431,11500,1.434
2026-08-04T10:31:00,26.6,76.9,11793,1.469,11546,1.442,11443,1.434,11477,1.44
2026-08-04T10:46:00,26.7,70.1,11800,1.468,11573,1.439,11477,1.431,11529,1.442
2026-08-04T11:01:00,27.1,70.2,11813,1.469,11580,1.44,11485,1.433,11540,1.444
2026-08-04T11:16:01,27.2,68.7,11794,1.471,11577,1.44,11508,1.43,11571,1.442
2026-08-04T11:31:01,27.7,65.6,11778,1.468,11586,1.44,11511,1.431,11584,1.446
2026-08-04T11:46:01,27.7,66.8,11754,1.465,11591,1.441,11518,1.433,11603,1.448
2026-08-04T12:01:02,28.2,60.8,11744,1.465,11565,1.447,11475,1.44,11583,1.453
2026-08-04T12:16:02,28.6,66.4,11735,1.467,11577,1.444,11530,1.434,11654,1.449
2026-08-04T12:31:03,29.1,64.3,11747,1.462,11596,1.446,11511,1.44,11623,1.457
2026-08-04T12:46:03,29.5,65.5,11708,1.467,11579,1.448,11538,1.438,11687,1.454
2026-08-04T13:01:03,29.8,63.7,11725,1.47,11583,1.451,11539,1.441,11698,1.457
2026-08-04T13:16:06,30.2,52.9,11818,1.471,11636,1.447,11554,1.443,11702,1.465
2026-08-04T13:31:06,30.2,53.1,11838,1.473,11633,1.45,11553,1.445,11717,1.469
2026-08-04T13:46:07,29.5,60.2,11838,1.478,11632,1.456,11535,1.448,11729,1.47
2026-08-04T14:01:07,29.5,60.7,11838,1.478,11666,1.453,11588,1.44,11783,1.467
2026-08-04T14:16:07,29.2,51.4,11844,1.482,11671,1.457,11585,1.442,11808,1.468
2026-08-04T14:31:08,29.4,51.1,11881,1.48,11706,1.455,11603,1.444,11813,1.475
2026-08-04T14:46:08,29.3,50.3,11876,1.483,11693,1.457,11583,1.439,11824,1.472
2026-08-04T15:01:08,29.5,51.2,11890,1.484,11700,1.457,11618,1.444,11857,1.477
2026-08-04T15:16:09,28.5,51.1,11932,1.485,11712,1.46,11592,1.449,11826,1.482
2026-08-04T15:31:09,27.4,53.8,11911,1.488,11715,1.46,11623,1.444,11883,1.478
2026-08-04T15:46:10,26.9,53.6,11907,1.482,11729,1.463,11602,1.452,11847,1.486
2026-08-04T16:01:10,26.4,51.3,11875,1.486,11733,1.462,11644,1.446,11906,1.481
2026-08-04T16:16:10,25.9,53.4,11921,1.486,11728,1.466,11600,1.455,11869,1.49
2026-08-04T16:31:11,25.9,54.4,11893,1.49,11724,1.465,11637,1.45,11945,1.485
2026-08-04T16:46:11,26.0,60.7,11902,1.492,11708,1.468,11628,1.454,11957,1.49
2026-08-04T17:01:11,26.7,51.0,11930,1.49,11757,1.464,11673,1.45,11987,1.493
2026-08-04T17:16:12,27.7,52.1,11965,1.489,11761,1.467,11633,1.456,11936,1.497
2026-08-04T17:31:12,27.5,52.9,11931,1.492,11758,1.467,11663,1.451,11998,1.491
2026-08-04T17:46:13,26.9,50.9,11952,1.49,11777,1.465,11679,1.451,11997,1.496
2026-08-04T18:01:13,25.8,54.1,11981,1.49,11773,1.468,11651,1.458,11979,1.503
2026-08-04T18:16:13,25.5,57.1,11959,1.495,11741,1.472,11626,1.46,11993,1.502
2026-08-04T18:31:14,25.2,55.5,11936,1.496,11746,1.469,11666,1.454,12045,1.498
2026-08-04T18:46:14,25.0,56.6,12005,1.494,11793,1.466,11687,1.455,12035,1.504
2026-08-04T19:01:14,24.8,57.0,11988,1.501,11768,1.47,11690,1.455,12084,1.501
2026-08-04T19:16:15,24.5,62.0,12020,1.502,11783,1.468,11709,1.454,12091,1.504
2026-08-04T19:31:17,23.9,61.9,12070,1.508,11785,1.477,11691,1.469,12078,1.514
2026-08-04T19:46:18,23.9,61.8,12070,1.512,11773,1.478,11696,1.467,12103,1.512
2026-08-04T20:01:18,24.0,70.7,12063,1.509,11747,1.474,11647,1.461,12064,1.506
2026-08-04T20:16:18,23.4,72.8,12063,1.502,11800,1.465,11078,1.377,11028,1.375
2026-08-04T20:31:19,20.9,84.3,12040,1.51,11736,1.474,11134,1.394,11117,1.388
2026-08-04T20:46:19,20.4,88.1,12067,1.505,11795,1.466,11234,1.394,11193,1.392
2026-08-04T21:01:20,20.3,90.7,12040,1.51,11758,1.47,11229,1.399,11221,1.394
2026-08-04T21:16:20,20.3,92.2,12057,1.511,11736,1.474,11215,1.407,11202,1.401
2026-08-04T21:31:20,20.5,93.9,12045,1.512,11743,1.472,11257,1.406,11241,1.4
2026-08-04T21:46:21,20.3,94.0,12103,1.504,11804,1.467,11289,1.407,11241,1.406
2026-08-04T22:01:21,20.2,94.7,12097,1.504,11802,1.466,11303,1.407,11256,1.407
2026-08-04T22:16:21,20.1,95.6,12064,1.509,11777,1.468,11320,1.406,11303,1.403
2026-08-04T22:31:22,20.3,95.7,12077,1.509,11788,1.468,11340,1.407,11318,1.406
2026-08-04T22:46:22,20.3,95.8,12101,1.506,11810,1.467,11325,1.412,11286,1.412
2026-08-04T23:01:23,20.3,95.3,12058,1.513,11744,1.473,11308,1.413,11308,1.408
2026-08-04T23:16:23,20.2,95.4,12064,1.512,11769,1.47,11340,1.411,11342,1.407
2026-08-04T23:31:26,19.9,94.7,12110,1.508,11814,1.467,11371,1.413,11335,1.413
2026-08-04T23:46:26,20.0,94.6,12089,1.512,11787,1.47,11371,1.412,11365,1.411
2026-08-05T00:01:26,19.8,94.5,12133,1.511,11790,1.474,11337,1.423,11306,1.421
2026-08-05T00:16:27,19.7,94.4,12135,1.512,11789,1.475,11341,1.424,11315,1.422
2026-08-05T00:31:27,19.7,95.1,12111,1.515,11765,1.477,11328,1.423,11334,1.419
2026-08-05T00:46:27,19.7,94.8,12110,1.515,11764,1.477,11333,1.424,11342,1.42
2026-08-05T01:01:28,19.7,94.7,12096,1.516,11785,1.472,11391,1.418,11402,1.415
2026-08-05T01:16:28,19.6,95.1,12142,1.521,11762,1.478,11348,1.425,11361,1.421
2026-08-05T01:31:28,19.7,95.3,12183,1.514,11824,1.471,11392,1.423,11364,1.425
2026-08-05T01:46:29,19.7,95.7,12134,1.523,11771,1.476,11387,1.423,11401,1.419
2026-08-05T02:01:29,19.5,94.7,12178,1.516,11846,1.47,11437,1.422,11407,1.424
2026-08-05T02:16:30,19.5,94.9,12183,1.514,11823,1.474,11403,1.427,11377,1.429
2026-08-05T02:31:30,19.5,95.7,12130,1.521,11772,1.479,11369,1.425,11404,1.424
2026-08-05T02:46:30,19.4,94.8,12140,1.516,11829,1.472,11457,1.421,11437,1.424
2026-08-05T03:01:31,19.4,95.2,12159,1.515,11809,1.477,11384,1.429,11379,1.431
2026-08-05T03:16:31,19.3,94.8,12132,1.514,11835,1.472,11466,1.422,11453,1.424
2026-08-05T03:31:31,19.2,94.6,12141,1.513,11848,1.471,11468,1.424,11444,1.427
2026-08-05T03:46:32,19.4,95.5,12157,1.51,11840,1.474,11438,1.429,11411,1.431
2026-08-05T04:01:32,19.2,95.0,12124,1.515,11793,1.48,11395,1.433,11402,1.43
2026-08-05T04:16:32,19.3,95.9,12085,1.517,11786,1.477,11429,1.427,11448,1.424
2026-08-05T04:31:33,19.1,95.3,12086,1.517,11794,1.478,11437,1.427,11456,1.425
2026-08-05T04:46:33,19.2,95.3,12120,1.516,11796,1.482,11408,1.434,11422,1.431
2026-08-05T05:01:34,19.1,94.5,12098,1.519,11790,1.48,11433,1.43,11455,1.427
2026-08-05T05:16:34,19.1,95.0,12157,1.51,11861,1.474,11472,1.431,11448,1.433
2026-08-05T05:31:34,19.1,95.5,12138,1.514,11818,1.48,11424,1.436,11421,1.435
2026-08-05T05:46:35,19.0,95.1,12086,1.516,11812,1.476,11464,1.427,11487,1.426
2026-08-05T06:01:35,19.1,95.4,12125,1.511,11859,1.472,11496,1.427,11478,1.431
2026-08-05T06:16:35,19.1,94.6,12143,1.509,11859,1.474,11473,1.431,11454,1.434
2026-08-05T06:31:36,19.1,95.5,12145,1.508,11848,1.475,11458,1.432,11445,1.436
2026-08-05T06:46:36,19.2,95.4,12149,1.51,11850,1.476,11459,1.433,11450,1.437
2026-08-05T07:01:37,19.4,95.5,12089,1.515,11814,1.476,11470,1.427,11501,1.427
2026-08-05T07:16:37,20.1,96.8,12081,1.516,11801,1.476,11456,1.428,11490,1.427
2026-08-05T07:31:37,20.9,97.3,12120,1.513,11797,1.478,11405,1.434,11439,1.433
2026-08-05T07:46:38,21.7,96.3,12132,1.511,11808,1.475,11425,1.433,11427,1.436
2026-08-05T08:01:38,22.2,96.4,12131,1.512,11799,1.475,11417,1.433,11427,1.436
2026-08-05T08:16:38,22.6,94.9,12123,1.513,11789,1.477,11409,1.434,11436,1.435
2026-08-05T08:31:39,22.9,92.3,12098,1.517,11767,1.477,11424,1.43,11477,1.431
2026-08-05T08:46:39,23.1,91.2,12113,1.519,11768,1.478,11426,1.431,11482,1.432
2026-08-05T09:01:39,23.4,89.8,12145,1.516,11825,1.471,11488,1.426,11514,1.434
2026-08-05T09:16:40,24.9,84.6,12171,1.516,11845,1.471,11480,1.428,11507,1.437
2026-08-05T09:31:40,25.4,81.7,12129,1.52,11802,1.475,11460,1.427,11531,1.433
2026-08-05T09:46:41,25.7,77.0,12135,1.522,11788,1.478,11445,1.431,11527,1.436
2026-08-05T10:01:41,25.9,74.5,12193,1.517,11836,1.476,11453,1.433,11505,1.444
2026-08-05T10:16:41,26.7,74.3,12168,1.518,11844,1.473,11489,1.429,11546,1.442
2026-08-05T10:31:42,27.0,75.6,12130,1.52,11808,1.476,11469,1.429,11572,1.438
2026-08-05T10:46:42,27.1,72.2,12182,1.515,11847,1.475,11471,1.432,11563,1.448
2026-08-05T11:01:42,27.5,72.5,12118,1.519,11807,1.478,11471,1.432,11597,1.443
2026-08-05T11:16:43,27.2,72.4,12090,1.515,11813,1.478,11475,1.431,11611,1.444
2026-08-05T11:31:43,28.2,71.0,12096,1.507,11859,1.474,11502,1.431,11615,1.45
2026-08-05T11:46:43,28.7,65.8,12089,1.512,11842,1.477,11508,1.431,11656,1.449
2026-08-05T12:01:44,29.0,72.3,12148,1.515,11847,1.481,11481,1.44,11624,1.459
2026-08-05T12:16:44,29.0,67.1,12123,1.519,11836,1.485,11498,1.44,11680,1.458
2026-08-05T12:31:45,28.9,71.7,12112,1.518,11843,1.484,11510,1.438,11694,1.457
2026-08-05T12:46:45,27.4,68.9,12136,1.519,11873,1.482,11538,1.436,11723,1.457
2026-08-05T13:01:45,26.5,71.7,12130,1.521,11865,1.484,11531,1.438,11729,1.458
2026-08-05T13:16:46,26.0,72.8,12158,1.519,11900,1.483,11565,1.436,11753,1.462
2026-08-05T13:31:46,26.0,76.2,12192,1.52,11895,1.487,11522,1.446,11710,1.47
2026-08-05T13:46:46,26.2,73.8,12192,1.523,11889,1.49,11511,1.446,11740,1.47
2026-08-05T14:01:47,27.1,81.0,12170,1.526,11882,1.488,11539,1.442,11786,1.468
2026-08-05T14:16:47,27.7,68.9,12185,1.527,11886,1.49,11540,1.443,11799,1.47
2026-08-05T14:31:48,27.8,69.1,12200,1.526,11892,1.492,11521,1.446,11793,1.476
2026-08-05T14:46:48,27.5,67.3,12237,1.523,11947,1.486,11573,1.443,11809,1.477
2026-08-05T15:01:48,26.7,75.5,12255,1.524,11949,1.488,11572,1.446,11814,1.48
2026-08-05T15:16:49,26.5,73.9,12238,1.529,11917,1.494,11541,1.45,11819,1.48
2026-08-05T15:31:49,26.1,77.3,12261,1.528,11934,1.491,11558,1.449,11817,1.484
2026-08-05T15:46:49,26.0,81.3,12230,1.533,11911,1.493,11570,1.446,11868,1.479
2026-08-05T16:01:50,26.0,83.2,12237,1.534,11930,1.494,11600,1.448,11898,1.48
2026-08-05T16:16:50,25.7,84.7,12254,1.53,11953,1.488,11621,1.443,11899,1.481
2026-08-05T16:31:50,25.5,87.0,12280,1.528,11972,1.488,11603,1.447,11872,1.486
2026-08-05T16:46:51,25.3,87.2,12264,1.531,11934,1.494,11562,1.452,11854,1.487
2026-08-05T17:01:51,25.3,88.5,12263,1.533,11928,1.496,11563,1.451,11885,1.485
2026-08-05T17:16:52,25.4,88.5,12247,1.534,11943,1.492,11615,1.446,11927,1.482
2026-08-05T17:31:52,25.3,89.4,12270,1.53,11965,1.488,11627,1.444,11909,1.484
2026-08-05T17:46:52,25.5,90.3,12243,1.535,11922,1.494,11596,1.448,11916,1.484
2026-08-05T18:01:53,25.5,87.7,12242,1.535,11921,1.494,11598,1.449,11918,1.484
2026-08-05T18:16:53,25.4,88.6,12251,1.536,11917,1.496,11588,1.45,11910,1.486
2026-08-05T18:31:53,25.3,89.1,12275,1.536,11934,1.498,11610,1.457,11925,1.49
2026-08-05T18:46:54,25.0,91.1,12272,1.538,12030,1.509,11636,1.457,11951,1.49
2026-08-05T19:01:54,25.0,91.7,12273,1.539,12277,1.537,11692,1.46,11979,1.49
2026-08-05T19:16:55,24.9,92.3,12285,1.536,12305,1.534,11724,1.457,11991,1.49
2026-08-05T19:31:55,24.9,93.2,12328,1.533,12329,1.534,11718,1.463,11951,1.497
2026-08-05T19:46:55,25.0,93.5,12336,1.534,12326,1.538,11710,1.467,11942,1.499
2026-08-05T20:01:56,25.1,93.2,12248,1.534,10914,1.371,11614,1.455,11710,1.463
2026-08-05T20:16:56,25.0,94.3,10712,1.343,10532,1.324,11338,1.421,10949,1.368
2026-08-05T20:31:56,24.6,96.7,10741,1.347,10657,1.34,11246,1.409,11033,1.379
2026-08-05T20:46:57,24.5,97.7,10982,1.364,10982,1.365,11275,1.407,11094,1.389
2026-08-05T21:01:57,24.6,97.9,11025,1.381,10987,1.381,11238,1.409,11124,1.391
2026-08-05T21:16:57,24.6,98.0,11054,1.387,11051,1.382,11283,1.405,11188,1.389
2026-08-05T21:31:58,24.6,97.7,11111,1.388,11109,1.382,11308,1.404,11208,1.394
2026-08-05T21:46:58,24.7,97.8,11116,1.396,11091,1.39,11274,1.407,11216,1.395
2026-08-05T22:01:59,24.7,97.9,11167,1.394,11155,1.387,11314,1.405,11241,1.399
2026-08-05T22:16:59,24.7,97.9,11175,1.401,11116,1.397,11254,1.41,11218,1.401
2026-08-05T22:31:59,24.8,97.6,11220,1.395,11191,1.392,11287,1.409,11221,1.405
2026-08-05T22:47:00,24.8,97.8,11194,1.402,11177,1.395,11303,1.405,11276,1.4
2026-08-05T23:02:00,24.8,97.6,11200,1.405,11172,1.398,11288,1.407,11275,1.401
2026-08-05T23:17:00,24.8,97.6,11221,1.408,11164,1.402,11267,1.41,11263,1.405
2026-08-05T23:32:01,24.8,97.7,11242,1.406,11217,1.398,11321,1.406,11304,1.404
2026-08-05T23:47:01,24.8,97.5,11236,1.41,11184,1.404,11280,1.411,11293,1.405
2026-08-06T00:02:01,24.8,97.7,11297,1.404,11260,1.399,11313,1.411,11276,1.411
2026-08-06T00:17:02,24.8,97.8,11272,1.411,11207,1.408,11269,1.414,11275,1.41
2026-08-06T00:32:02,24.9,97.6,11307,1.409,11245,1.406,11282,1.416,11260,1.415
2026-08-06T00:47:03,24.8,98.0,11291,1.413,11226,1.409,11270,1.415,11283,1.412
2026-08-06T01:02:03,24.9,97.7,11332,1.408,11293,1.404,11320,1.412,11302,1.415
2026-08-06T01:17:03,24.8,97.5,11340,1.409,11284,1.407,11303,1.414,11289,1.417
2026-08-06T01:32:04,24.9,97.6,11298,1.417,11239,1.412,11289,1.414,11321,1.412
2026-08-06T01:47:04,24.8,97.7,11304,1.418,11246,1.413,11290,1.414,11325,1.413
2026-08-06T02:02:04,24.8,97.6,11297,1.417,11271,1.409,11318,1.41,11354,1.41
2026-08-06T02:17:05,24.7,97.7,11317,1.414,11298,1.407,11342,1.408,11360,1.412
2026-08-06T02:32:05,24.8,97.6,11353,1.411,11325,1.407,11333,1.412,11330,1.417
2026-08-06T02:47:06,24.8,97.6,11309,1.419,11284,1.412,11320,1.411,11364,1.412
2026-08-06T03:02:06,24.7,97.7,11374,1.415,11319,1.412,11309,1.416,11314,1.421
2026-08-06T03:17:06,24.7,97.5,11319,1.42,11301,1.413,11329,1.411,11377,1.413
2026-08-06T03:32:07,24.6,97.5,11328,1.42,11310,1.413,11341,1.411,11393,1.414
2026-08-06T03:47:07,24.5,97.4,11336,1.42,11320,1.414,11341,1.411,11394,1.414
2026-08-06T04:02:07,24.5,97.4,11334,1.421,11317,1.415,11334,1.412,11390,1.414
2026-08-06T04:17:08,24.4,97.4,11366,1.419,11352,1.413,11364,1.41,11396,1.417
2026-08-06T04:32:08,24.3,97.5,11387,1.418,11375,1.412,11367,1.413,11385,1.421
2026-08-06T04:47:08,24.4,97.4,11379,1.419,11367,1.413,11367,1.411,11392,1.42
2026-08-06T05:02:09,24.3,97.5,11383,1.419,11370,1.413,11365,1.411,11393,1.42
2026-08-06T05:17:09,24.3,97.2,11381,1.42,11371,1.413,11367,1.411,11397,1.42
2026-08-06T05:32:10,24.3,97.3,11386,1.423,11333,1.421,11298,1.42,11355,1.423
2026-08-06T05:47:10,24.3,97.4,11391,1.423,11340,1.422,11301,1.42,11357,1.424
2026-08-06T06:02:10,24.4,97.5,11392,1.421,11383,1.415,11370,1.411,11406,1.421
2026-08-06T06:17:11,24.4,97.3,11419,1.419,11384,1.417,11338,1.416,11369,1.425
2026-08-06T06:32:11,24.5,97.5,11369,1.427,11331,1.423,11315,1.417,11394,1.421
2026-08-06T06:47:11,24.6,97.7,11433,1.421,11388,1.42,11339,1.419,11375,1.429
2026-08-06T07:02:12,24.7,97.6,11429,1.42,11408,1.417,11359,1.416,11396,1.426
2026-08-06T07:17:14,25.1,97.8,11384,1.428,11343,1.425,11329,1.416,11418,1.421
2026-08-06T07:32:15,25.1,97.8,11385,1.426,11374,1.421,11352,1.413,11437,1.42
2026-08-06T07:47:15,25.2,96.9,11449,1.423,11418,1.421,11353,1.418,11401,1.429
2026-08-06T08:02:15,25.3,96.3,11444,1.423,11430,1.42,11367,1.417,11416,1.428
2026-08-06T08:17:16,25.4,96.7,11446,1.423,11407,1.422,11334,1.418,11389,1.43
2026-08-06T08:32:16,25.3,95.3,11435,1.424,11427,1.419,11366,1.413,11420,1.426
2026-08-06T08:47:17,25.7,95.9,11459,1.424,11425,1.421,11346,1.416,11407,1.429
2026-08-06T09:02:17,26.2,94.5,11458,1.424,11430,1.421,11352,1.416,11415,1.429
2026-08-06T09:17:17,26.4,93.2,11413,1.432,11373,1.426,11328,1.416,11438,1.424
2026-08-06T09:32:18,26.7,91.5,11425,1.432,11372,1.428,11314,1.418,11429,1.427
2026-08-06T09:47:18,26.5,90.9,11433,1.434,11389,1.427,11336,1.416,11457,1.426
2026-08-06T10:02:18,27.6,87.8,11471,1.427,11411,1.425,11324,1.419,11411,1.433
2026-08-06T10:17:19,27.8,89.5,11413,1.429,11408,1.425,11348,1.413,11482,1.427
2026-08-06T10:32:19,29.0,83.0,11430,1.429,11397,1.429,11312,1.42,11443,1.433
2026-08-06T10:47:20,28.1,86.6,11422,1.433,11404,1.429,11343,1.417,11497,1.431
2026-08-06T11:02:20,28.8,82.6,11437,1.434,11405,1.431,11336,1.418,11503,1.434
2026-08-06T11:17:20,29.6,81.1,11427,1.432,11397,1.43,11332,1.419,11504,1.434
2026-08-06T11:32:21,29.2,82.8,11434,1.433,11426,1.429,11359,1.416,11541,1.435
2026-08-06T11:47:21,29.9,85.7,11445,1.435,11421,1.431,11352,1.419,11546,1.439
2026-08-06T12:02:21,30.1,80.9,11511,1.432,11483,1.428,11384,1.42,11549,1.445
2026-08-06T12:17:22,30.3,77.4,11491,1.438,11433,1.435,11355,1.425,11564,1.446
2026-08-06T12:32:22,30.6,77.2,11520,1.436,11470,1.433,11390,1.427,11567,1.452
2026-08-06T12:47:22,31.0,75.8,11469,1.438,11454,1.434,11407,1.424,11621,1.446
2026-08-06T13:02:23,31.5,78.0,11495,1.441,11448,1.435,11404,1.427,11630,1.45
2026-08-06T13:17:23,31.8,74.4,11505,1.441,11476,1.435,11419,1.424,11666,1.451
2026-08-06T13:32:24,31.8,80.4,11540,1.444,11493,1.435,11426,1.423,11686,1.453
2026-08-06T13:47:24,31.8,76.2,11582,1.447,11496,1.44,11386,1.429,11652,1.46
